"","Transect","X.3","X.2","X.1","ref","Richness_avg","space.time","X","RouteNumber","Year","CountryNum","NumStops","Richness","ObsN","StartWind","RunType","FirstObs","Forest.cover","Richness_ALL"
"1","11101.2019",1,1,1,11402,0,2,413,11101,2019,124,4,3,1160088,0,1,1,0.598377164,3
"2","11313.2019",2,2,2,11402,0,2,751,11313,2019,124,2,0,1030644,0,1,1,0.508678308,0
"3","11323.2019",3,3,3,11402,0.142857142857143,2,755,11323,2019,124,7,6,1080681,0,1,1,0.639259997,3
"4","11402.2000",4,4,4,11402,0.25,1,782,11402,2000,124,4,6,970128,1,1,1,0.713680933,4
"5","11402.2001",5,5,5,11402,0.2,1,783,11402,2001,124,4,4,970128,3,1,1,0.700680086,4
"6","11402.2002",6,6,6,11402,0.2,1,784,11402,2002,124,4,7,970128,2,1,1,0.68172507,3
"7","11402.2003",7,7,7,11402,0.4,1,785,11402,2003,124,4,7,970128,1,1,1,0.666675771,4
"8","11402.2004",8,8,8,11402,0,1,786,11402,2004,124,4,6,970128,0,1,1,0.658400022,3
"9","11402.2005",9,9,9,11402,0.6,1,787,11402,2005,124,4,7,970128,0,1,1,0.589244258,5
"10","11402.2006",10,10,10,11402,0.2,1,788,11402,2006,124,4,3,970128,1,1,1,0.536885806,3
"11","11402.2007",11,11,11,11402,0.4,1,789,11402,2007,124,4,6,970128,1,1,1,0.533253216,4
"12","11402.2008",12,12,12,11402,0.4,1,790,11402,2008,124,5,6,970128,3,1,1,0.527462923,5
"13","11402.2009",13,13,13,11402,0.833333333333333,1,791,11402,2009,124,6,9,970128,0,1,1,0.498757272,7
"14","11402.2010",14,14,14,11402,0.166666666666667,1,792,11402,2010,124,6,1,970128,1,0,1,0.498648021,3
"15","11402.2011",15,15,15,11402,0.5,1,793,11402,2011,124,6,6,970128,0,1,1,0.482315025,6
"16","11402.2012",16,16,16,11402,0.2,1,794,11402,2012,124,5,4,970128,2,1,1,0.514735203,4
"17","11402.2013",17,17,17,11402,0.2,1,795,11402,2013,124,5,6,970128,0,1,1,0.51894136,6
"18","11402.2014",18,18,18,11402,0.8,1,796,11402,2014,124,5,8,970128,0,1,1,0.518668233,7
"19","11402.2015",19,19,19,11402,0.4,1,797,11402,2015,124,5,5,970128,0,1,1,0.517056783,4
"20","11402.2016",20,20,20,11402,0.166666666666667,1,798,11402,2016,124,6,8,970128,0,1,1,0.493103542,6
"21","11402.2017",21,21,21,11402,0.166666666666667,1,799,11402,2017,124,6,4,970128,1,1,1,0.490973152,5
"22","11402.2018",22,22,22,11402,0.166666666666667,1,800,11402,2018,124,6,5,970128,4,0,1,0.490317647,6
"23","11402.2019",23,23,23,11402,0.333333333333333,1,801,11402,2019,124,6,7,970128,0,1,1,0.489525578,4
"24","11413.2019",24,24,24,11402,0.142857142857143,2,871,11413,2019,124,7,3,980759,3,1,1,0.475352971,3
"25","11426.2019",25,25,25,11402,0.25,2,928,11426,2019,124,4,2,1091184,1,1,1,0.507229667,3
"26","11510.2019",26,26,26,11402,0,2,933,11510,2019,124,2,1,1020548,0,1,1,0.753677294,2
"27","11613.2019",27,27,27,11402,0.333333333333333,2,996,11613,2019,124,3,1,981359,2,1,1,0.651305726,2
"28","11614.2019",28,28,28,11402,0.2,2,1010,11614,2019,124,5,1,1091008,2,1,1,0.481042224,3
"29","2007.2019",29,29,29,27031,1.4,2,5060,2007,2019,840,5,14,1190801,0,1,1,0.605789763,11
"30","2007.2019",30,30,30,82015,1.4,2,5060,2007,2019,840,5,14,1190801,0,1,1,0.605789763,11
"31","2008.2019",31,31,31,27031,0.375,2,5078,2008,2019,840,8,6,1120710,0,1,1,0.434099697,6
"32","2008.2019",32,32,32,82015,0.375,2,5078,2008,2019,840,8,6,1120710,0,1,1,0.434099697,6
"33","2010.2019",33,33,33,27031,0.285714285714286,2,5098,2010,2019,840,7,5,1150772,1,1,1,0.481098475,4
"34","2010.2019",34,34,34,82015,0.285714285714286,2,5098,2010,2019,840,7,5,1150772,1,1,1,0.481098475,4
"35","2012.2019",35,35,35,27050,0.333333333333333,2,5113,2012,2019,840,4,3,1040614,2,1,1,0.695823405,4
"36","2012.2019",36,36,36,2036,0.333333333333333,2,5113,2012,2019,840,4,3,1040614,2,1,1,0.695823405,4
"37","2013.2019",37,38,38,82015,0.875,2,5124,2013,2019,840,8,11,1070595,1,1,1,0.51032162,6
"38","2013.2019",38,39,39,2038,0.875,2,5124,2013,2019,840,8,11,1070595,1,1,1,0.51032162,6
"39","2014.2019",39,41,41,2038,0,2,5144,2014,2019,840,5,0,1091346,1,1,2,0.628318863,0
"40","2014.2019",40,42,42,2066,0,2,5144,2014,2019,840,5,0,1091346,1,1,2,0.628318863,0
"41","2015.2019",41,45,45,2021,0.333333333333333,2,5156,2015,2019,840,5,2,1020556,0,1,1,0.679392069,2
"42","2015.2019",42,46,46,2036,0.333333333333333,2,5156,2015,2019,840,5,2,1020556,0,1,1,0.679392069,2
"43","2016.2019",43,47,47,82015,0.666666666666667,2,5174,2016,2019,840,3,3,1080658,0,1,1,0.568419713,3
"44","2016.2019",44,49,49,2066,0.666666666666667,2,5174,2016,2019,840,3,3,1080658,0,1,1,0.568419713,3
"45","2017.2019",45,50,50,2036,0.25,2,5192,2017,2019,840,4,1,1050007,0,1,1,0.726739971,2
"46","2017.2019",46,53,53,2038,0.25,2,5192,2017,2019,840,4,1,1050007,0,1,1,0.726739971,2
"47","2019.2019",47,54,54,2038,0.666666666666667,2,5211,2019,2019,840,3,2,1080658,1,1,1,0.625378568,2
"48","2019.2019",48,55,55,2036,0.666666666666667,2,5211,2019,2019,840,3,2,1080658,1,1,1,0.625378568,2
"49","2020.2019",49,57,57,2038,1.375,2,5229,2020,2019,840,8,11,981466,0,1,2,0.536423841,6
"50","2020.2019",50,59,59,2021,1.375,2,5229,2020,2019,840,8,11,981466,0,1,2,0.536423841,6
"51","2021.2000",51,60,60,2021,0.666666666666667,1,5230,2021,2000,840,2,1,1160079,1,1,1,0.77384222,2
"52","2021.2001",52,61,61,2021,0.75,1,5231,2021,2001,840,3,2,1160079,1,1,1,0.685355305,2
"53","2021.2002",53,62,62,2021,0.8,1,5232,2021,2002,840,4,5,1160079,2,1,1,0.614641538,4
"54","2021.2003",54,63,63,2021,1.2,1,5233,2021,2003,840,4,8,1160079,0,1,1,0.596963096,4
"55","2021.2004",55,64,64,2021,1.2,1,5234,2021,2004,840,4,7,1160079,0,1,1,0.581841715,4
"56","2021.2005",56,65,65,2021,1.2,1,5235,2021,2005,840,4,5,1160079,0,1,1,0.557596995,2
"57","2021.2006",57,66,66,2021,0.8,1,5236,2021,2006,840,4,5,1160079,0,1,1,0.545537772,2
"58","2021.2007",58,67,67,2021,0.666666666666667,1,5237,2021,2007,840,5,6,1160079,1,1,1,0.491618524,6
"59","2021.2008",59,68,68,2021,0,1,5238,2021,2008,840,5,0,1020446,0,1,1,0.488966758,1
"60","2021.2009",60,69,69,2021,0.833333333333333,1,5239,2021,2009,840,6,7,1020446,0,1,1,0.468573413,3
"61","2021.2010",61,70,70,2021,0.333333333333333,1,5240,2021,2010,840,6,2,1020446,0,1,1,0.417621618,2
"62","2021.2011",62,71,71,2021,0.666666666666667,1,5241,2021,2011,840,6,5,1020446,0,1,1,0.416800833,3
"63","2021.2012",63,72,72,2021,0.25,1,5242,2021,2012,840,4,1,1020446,0,1,1,0.537771885,2
"64","2021.2013",64,73,73,2021,0.4,1,5243,2021,2013,840,5,3,1020446,1,1,1,0.5465164,2
"65","2021.2014",65,74,74,2021,0.4,1,5244,2021,2014,840,5,2,1020446,1,1,1,0.530163841,2
"66","2021.2016",66,75,75,2021,0.6,1,5245,2021,2016,840,5,3,1160379,0,1,1,0.524955015,3
"67","2021.2017",67,76,76,2021,0.6,1,5246,2021,2017,840,5,6,1160379,2,1,1,0.514600499,2
"68","2021.2018",68,77,77,2021,0.8,1,5247,2021,2018,840,5,4,1160379,0,1,1,0.513779714,2
"69","2021.2019",69,78,78,2021,0.8,1,5248,2021,2019,840,5,5,1160379,1,1,1,0.501404805,2
"70","2027.2019",70,80,80,25005,0.5,2,5336,2027,2019,840,3,6,1040579,0,1,1,0.665945211,5
"71","2027.2019",71,81,81,25010,0.5,2,5336,2027,2019,840,3,6,1040579,0,1,1,0.665945211,5
"72","2028.2019",72,82,82,27032,0.857142857142857,2,5352,2028,2019,840,7,6,1020450,0,1,1,0.579309923,3
"73","2028.2019",73,83,83,25108,0.857142857142857,2,5352,2028,2019,840,7,6,1020450,0,1,1,0.579309923,3
"74","2028.2019",74,84,84,2038,0.857142857142857,2,5352,2028,2019,840,7,6,1020450,0,1,1,0.579309923,3
"75","2028.2019",75,85,85,2066,0.857142857142857,2,5352,2028,2019,840,7,6,1020450,0,1,1,0.579309923,3
"76","2028.2019",76,86,86,25010,0.857142857142857,2,5352,2028,2019,840,7,6,1020450,0,1,1,0.579309923,3
"77","2029.2019",77,88,88,2021,0.571428571428571,2,5372,2029,2019,840,7,8,1160379,0,1,1,0.510137875,6
"78","2029.2019",78,89,89,2038,0.571428571428571,2,5372,2029,2019,840,7,8,1160379,0,1,1,0.510137875,6
"79","2029.2019",79,90,90,25010,0.571428571428571,2,5372,2029,2019,840,7,8,1160379,0,1,1,0.510137875,6
"80","2029.2019",80,91,91,25005,0.571428571428571,2,5372,2029,2019,840,7,8,1160379,0,1,1,0.510137875,6
"81","2029.2019",81,93,93,25108,0.571428571428571,2,5372,2029,2019,840,7,8,1160379,0,1,1,0.510137875,6
"82","2030.2019",82,94,94,25005,0.142857142857143,2,5375,2030,2019,840,7,7,1160379,0,1,1,0.433005919,5
"83","2030.2019",83,95,95,2066,0.142857142857143,2,5375,2030,2019,840,7,7,1160379,0,1,1,0.433005919,5
"84","2030.2019",84,96,96,25108,0.142857142857143,2,5375,2030,2019,840,7,7,1160379,0,1,1,0.433005919,5
"85","2030.2019",85,97,97,2038,0.142857142857143,2,5375,2030,2019,840,7,7,1160379,0,1,1,0.433005919,5
"86","2036.2000",86,98,98,2036,1,1,5446,2036,2000,840,1,1,1040541,0,1,1,0.80982994,3
"87","2036.2001",87,99,99,2036,1,1,5447,2036,2001,840,1,1,1040541,0,1,1,0.787028533,6
"88","2036.2002",88,100,100,2036,0,1,5448,2036,2002,840,1,0,1140013,0,1,1,0.760173544,3
"89","2036.2003",89,101,101,2036,1,1,5449,2036,2003,840,2,3,1140013,0,1,1,0.741932419,5
"90","2036.2004",90,102,102,2036,1,1,5450,2036,2004,840,3,4,1140013,0,1,1,0.696867974,5
"91","2036.2005",91,103,103,2036,0.666666666666667,1,5451,2036,2005,840,3,4,1140013,0,1,1,0.689425848,4
"92","2036.2007",92,104,104,2036,1.33333333333333,1,5452,2036,2007,840,3,6,1020446,0,1,2,0.641067866,4
"93","2036.2008",93,105,105,2036,1.33333333333333,1,5453,2036,2008,840,3,5,1020446,0,1,1,0.623745131,4
"94","2036.2009",94,106,106,2036,0.666666666666667,1,5454,2036,2009,840,3,2,1020446,0,1,1,0.617253064,1
"95","2036.2010",95,107,107,2036,1,1,5455,2036,2010,840,3,3,1020446,0,1,1,0.606992431,2
"96","2036.2011",96,108,108,2036,0.666666666666667,1,5456,2036,2011,840,3,2,1020446,0,1,1,0.605725686,2
"97","2036.2012",97,109,109,2036,0.5,1,5457,2036,2012,840,2,1,1020446,0,1,1,0.687272382,3
"98","2036.2013",98,110,110,2036,0.5,1,5458,2036,2013,840,2,1,1020446,1,1,1,0.68296545,2
"99","2036.2014",99,111,111,2036,0,1,5459,2036,2014,840,2,0,1020446,1,1,1,0.654463692,1
"100","2036.2016",100,112,112,2036,0.5,1,5460,2036,2016,840,2,1,1020450,0,1,1,0.611267695,3
"101","2036.2019",101,113,113,2036,1,1,5461,2036,2019,840,2,2,1020450,0,1,1,0.586344491,3
"102","2038.2000",102,114,114,2038,0.2,1,5462,2038,2000,840,5,2,990316,1,1,1,0.726009639,3
"103","2038.2001",103,115,115,2038,0.2,1,5463,2038,2001,840,5,1,990316,1,1,1,0.707163038,1
"104","2038.2002",104,116,116,2038,0.2,1,5464,2038,2002,840,5,2,990316,1,1,1,0.636430115,3
"105","2038.2003",105,117,117,2038,0.2,1,5465,2038,2003,840,5,2,990316,1,1,1,0.635565897,4
"106","2038.2004",106,118,118,2038,0.2,1,5466,2038,2004,840,5,4,990316,0,1,1,0.617483796,3
"107","2038.2005",107,119,119,2038,0.333333333333333,1,5467,2038,2005,840,6,2,990316,1,1,1,0.579857072,2
"108","2038.2006",108,120,120,2038,0.428571428571429,1,5468,2038,2006,840,7,5,990316,1,1,1,0.5377763,4
"109","2038.2007",109,121,121,2038,0.142857142857143,1,5469,2038,2007,840,7,2,990316,1,1,1,0.507994017,4
"110","2038.2008",110,122,122,2038,0.428571428571429,1,5470,2038,2008,840,7,3,990316,0,1,1,0.444274555,3
"111","2038.2009",111,123,123,2038,0.285714285714286,1,5471,2038,2009,840,7,3,990316,1,1,1,0.436762506,4
"112","2038.2011",112,124,124,2038,0.285714285714286,1,5472,2038,2011,840,7,6,990316,0,1,1,0.39132458,4
"113","2038.2012",113,125,125,2038,0,1,5473,2038,2012,840,7,1,990316,0,1,1,0.432906764,4
"114","2038.2013",114,126,126,2038,0.428571428571429,1,5474,2038,2013,840,7,4,990316,1,1,1,0.43779292,4
"115","2038.2014",115,127,127,2038,0.571428571428571,1,5475,2038,2014,840,7,7,990316,1,1,1,0.434701679,5
"116","2038.2015",116,128,128,2038,0.428571428571429,1,5476,2038,2015,840,7,3,990316,0,1,1,0.425560911,3
"117","2038.2016",117,129,129,2038,0.285714285714286,1,5477,2038,2016,840,7,2,990316,1,1,1,0.414026924,2
"118","2038.2017",118,130,130,2038,0.142857142857143,1,5478,2038,2017,840,7,4,990316,0,1,1,0.408043876,4
"119","2038.2018",119,131,131,2038,0.142857142857143,1,5479,2038,2018,840,7,1,990316,1,1,1,0.40471996,2
"120","2038.2019",120,132,132,2038,0.285714285714286,1,5480,2038,2019,840,7,2,990316,1,1,1,0.389230514,2
"121","2043.2019",121,134,134,2038,0,2,5514,2043,2019,840,2,0,1070602,1,1,1,0.618549906,1
"122","2043.2019",122,135,135,2021,0,2,5514,2043,2019,840,2,0,1070602,1,1,1,0.618549906,1
"123","2043.2019",123,137,137,2036,0,2,5514,2043,2019,840,2,0,1070602,1,1,1,0.618549906,1
"124","2047.2019",124,138,138,2066,1,2,5546,2047,2019,840,7,8,980696,1,1,1,0.482177414,5
"125","2047.2019",125,139,139,82015,1,2,5546,2047,2019,840,7,8,980696,1,1,1,0.482177414,5
"126","2048.2019",126,140,140,2021,0.25,2,5562,2048,2019,840,8,2,1091285,0,1,1,0.484628725,2
"127","2048.2019",127,141,141,2066,0.25,2,5562,2048,2019,840,8,2,1091285,0,1,1,0.484628725,2
"128","2048.2019",128,142,142,82015,0.25,2,5562,2048,2019,840,8,2,1091285,0,1,1,0.484628725,2
"129","2050.2019",129,145,145,2038,1.375,2,5597,2050,2019,840,8,16,1150772,0,1,1,0.419996044,11
"130","2050.2019",130,146,146,2066,1.375,2,5597,2050,2019,840,8,16,1150772,0,1,1,0.419996044,11
"131","2050.2019",131,147,147,25108,1.375,2,5597,2050,2019,840,8,16,1150772,0,1,1,0.419996044,11
"132","2052.2019",132,149,149,2036,0,2,5616,2052,2019,840,3,0,990316,0,1,1,0.644259012,2
"133","2052.2019",133,150,150,2066,0,2,5616,2052,2019,840,3,0,990316,0,1,1,0.644259012,2
"134","2052.2019",134,151,151,25005,0,2,5616,2052,2019,840,3,0,990316,0,1,1,0.644259012,2
"135","2053.2019",135,152,152,2066,0.5,2,5635,2053,2019,840,7,5,990316,0,1,1,0.653223037,4
"136","2053.2019",136,154,154,2036,0.5,2,5635,2053,2019,840,7,5,990316,0,1,1,0.653223037,4
"137","2053.2019",137,155,155,25005,0.5,2,5635,2053,2019,840,7,5,990316,0,1,1,0.653223037,4
"138","2054.2019",138,157,157,27050,0.222222222222222,2,5654,2054,2019,840,9,5,1060238,0,1,1,0.304884646,3
"139","2057.2019",139,159,159,2036,0.25,2,5690,2057,2019,840,8,3,1070182,0,1,1,0.811396145,2
"140","2058.2019",140,160,160,82015,0.666666666666667,2,5706,2058,2019,840,3,3,1151241,1,1,1,0.653747506,4
"141","2059.2019",141,163,163,2036,0.666666666666667,2,5726,2059,2019,840,3,2,980696,0,1,1,0.598192223,3
"142","2059.2019",142,164,164,2021,0.666666666666667,2,5726,2059,2019,840,3,2,980696,0,1,1,0.598192223,3
"143","2060.2019",143,165,165,2066,0.285714285714286,2,5746,2060,2019,840,7,3,1030285,0,1,1,0.548935468,3
"144","2060.2019",144,167,167,2038,0.285714285714286,2,5746,2060,2019,840,7,3,1030285,0,1,1,0.548935468,3
"145","2060.2019",145,168,168,2021,0.285714285714286,2,5746,2060,2019,840,7,3,1030285,0,1,1,0.548935468,3
"146","2061.2019",146,170,170,2038,1.2,2,5762,2061,2019,840,5,9,1040614,2,1,1,0.615557113,5
"147","2061.2019",147,171,171,2036,1.2,2,5762,2061,2019,840,5,9,1040614,2,1,1,0.615557113,5
"148","2065.2019",148,172,172,25108,0.875,2,5799,2065,2019,840,8,10,1150772,0,1,1,0.458950158,5
"149","2065.2019",149,173,173,27031,0.875,2,5799,2065,2019,840,8,10,1150772,0,1,1,0.458950158,5
"150","2065.2019",150,174,174,2021,0.875,2,5799,2065,2019,840,8,10,1150772,0,1,1,0.458950158,5
"151","2065.2019",151,176,176,25005,0.875,2,5799,2065,2019,840,8,10,1150772,0,1,1,0.458950158,5
"152","2065.2019",152,177,177,2038,0.875,2,5799,2065,2019,840,8,10,1150772,0,1,1,0.458950158,5
"153","2066.2000",153,178,178,2066,0.6,1,5800,2066,2000,840,5,4,990316,0,1,1,0.667720432,3
"154","2066.2001",154,179,179,2066,0.4,1,5801,2066,2001,840,5,2,990316,1,1,1,0.641502302,4
"155","2066.2002",155,180,180,2066,0,1,5802,2066,2002,840,5,0,990316,1,1,1,0.641502302,1
"156","2066.2003",156,181,181,2066,0,1,5803,2066,2003,840,5,1,990316,0,1,1,0.627860628,1
"157","2066.2004",157,182,182,2066,0.2,1,5804,2066,2004,840,5,2,990316,2,1,1,0.589237853,3
"158","2066.2005",158,183,183,2066,0.4,1,5805,2066,2005,840,5,2,990316,1,1,1,0.565047076,3
"159","2066.2006",159,184,184,2066,0.4,1,5806,2066,2006,840,5,3,990316,1,1,1,0.559343,6
"160","2066.2007",160,185,185,2066,0.666666666666667,1,5807,2066,2007,840,6,5,990316,1,1,1,0.518108721,7
"161","2066.2008",161,186,186,2066,0.333333333333333,1,5808,2066,2008,840,6,3,990316,1,1,1,0.483162669,4
"162","2066.2009",162,187,187,2066,0.333333333333333,1,5809,2066,2009,840,6,3,990316,0,1,1,0.413579823,4
"163","2066.2011",163,188,188,2066,0.166666666666667,1,5810,2066,2011,840,6,3,990316,0,1,1,0.391416397,6
"164","2066.2012",164,189,189,2066,0.333333333333333,1,5811,2066,2012,840,6,3,990316,1,1,1,0.431963439,3
"165","2066.2013",165,190,190,2066,0.5,1,5812,2066,2013,840,6,6,990316,0,1,1,0.438079857,7
"166","2066.2014",166,191,191,2066,0.333333333333333,1,5813,2066,2014,840,6,3,990316,1,1,1,0.418321765,4
"167","2066.2015",167,192,192,2066,0.333333333333333,1,5814,2066,2015,840,6,3,990316,1,1,1,0.416981651,3
"168","2066.2016",168,193,193,2066,0.333333333333333,1,5815,2066,2016,840,6,4,990316,1,1,1,0.414919937,4
"169","2066.2017",169,194,194,2066,0.333333333333333,1,5816,2066,2017,840,6,3,990316,1,1,1,0.412308432,4
"170","2066.2018",170,195,195,2066,0.333333333333333,1,5817,2066,2018,840,6,3,990316,0,1,1,0.383513161,4
"171","2066.2019",171,196,196,2066,0.333333333333333,1,5818,2066,2019,840,8,2,990316,0,1,1,0.371349048,3
"172","2068.2019",172,197,197,27050,0.111111111111111,2,5846,2068,2019,840,9,2,1020450,0,1,1,0.355277351,2
"173","2105.2019",173,198,198,27031,1.3,2,6007,2105,2019,840,10,17,1040438,0,1,1,0.422663637,9
"174","21109.2019",174,199,199,88028,0.142857142857143,2,6046,21109,2019,840,7,1,1190218,0,1,1,0.590518979,6
"175","21109.2019",175,200,200,88025,0.142857142857143,2,6046,21109,2019,840,7,1,1190218,0,1,1,0.590518979,6
"176","21109.2019",176,201,201,88049,0.142857142857143,2,6046,21109,2019,840,7,1,1190218,0,1,1,0.590518979,6
"177","2207.2019",177,202,202,82015,1.25,2,6137,2207,2019,840,4,7,1040438,0,1,1,0.515233373,8
"178","2207.2019",178,203,203,2021,1.25,2,6137,2207,2019,840,4,7,1040438,0,1,1,0.515233373,8
"179","2207.2019",179,204,204,2066,1.25,2,6137,2207,2019,840,4,7,1040438,0,1,1,0.515233373,8
"180","2208.2019",180,205,205,2021,1.42857142857143,2,6152,2208,2019,840,7,18,1070595,1,1,1,0.479141104,9
"181","2208.2019",181,206,206,82015,1.42857142857143,2,6152,2208,2019,840,7,18,1070595,1,1,1,0.479141104,9
"182","2208.2019",182,208,208,27031,1.42857142857143,2,6152,2208,2019,840,7,18,1070595,1,1,1,0.479141104,9
"183","2211.2019",183,209,209,2021,0.6,2,6172,2211,2019,840,5,3,1020446,0,1,1,0.512345289,3
"184","2211.2019",184,210,210,82015,0.6,2,6172,2211,2019,840,5,3,1020446,0,1,1,0.512345289,3
"185","2211.2019",185,211,211,25108,0.6,2,6172,2211,2019,840,5,3,1020446,0,1,1,0.512345289,3
"186","2216.2019",186,232,232,25005,0.857142857142857,2,6234,2216,2019,840,7,9,1160379,0,1,1,0.496998687,6
"187","2216.2019",187,233,233,2021,0.857142857142857,2,6234,2216,2019,840,7,9,1160379,0,1,1,0.496998687,6
"188","2216.2019",188,234,234,25108,0.857142857142857,2,6234,2216,2019,840,7,9,1160379,0,1,1,0.496998687,6
"189","2216.2019",189,235,235,2038,0.857142857142857,2,6234,2216,2019,840,7,9,1160379,0,1,1,0.496998687,6
"190","2216.2019",190,237,237,27031,0.857142857142857,2,6234,2216,2019,840,7,9,1160379,0,1,1,0.496998687,6
"191","25005.2000",191,257,257,25005,0.25,1,6306,25005,2000,840,3,3,1190492,0,1,1,0.688396393,2
"192","25005.2001",192,258,258,25005,0,1,6307,25005,2001,840,3,2,1190492,0,1,1,0.687697581,3
"193","25005.2002",193,259,259,25005,0.25,1,6308,25005,2002,840,3,1,1030213,1,1,1,0.687664304,2
"194","25005.2003",194,260,260,25005,0.25,1,6309,25005,2003,840,3,1,1030213,0,1,1,0.672689761,1
"195","25005.2004",195,261,261,25005,0,1,6310,25005,2004,840,3,0,1030213,0,1,1,0.635020465,1
"196","25005.2008",196,262,262,25005,0.4,1,6311,25005,2008,840,5,6,1150599,0,1,1,0.540581012,7
"197","25005.2009",197,263,263,25005,0.333333333333333,1,6312,25005,2009,840,6,7,1150599,2,1,1,0.502578949,6
"198","25005.2010",198,264,264,25005,0.833333333333333,1,6313,25005,2010,840,6,16,1150599,0,1,1,0.477421716,8
"199","25005.2011",199,265,265,25005,0.5,1,6314,25005,2011,840,6,10,1150599,0,1,1,0.441449536,8
"200","25005.2013",200,266,266,25005,0,1,6315,25005,2013,840,3,0,1151375,0,1,1,0.626069016,2
"201","25005.2014",201,267,267,25005,0,1,6316,25005,2014,840,3,3,1151375,0,1,1,0.586935543,3
"202","25005.2015",202,268,268,25005,0.25,1,6317,25005,2015,840,4,3,1151375,0,1,1,0.550863532,3
"203","25005.2016",203,269,269,25005,0.25,1,6318,25005,2016,840,4,2,1151375,0,0,1,0.542444511,2
"204","25005.2017",204,270,270,25005,0.166666666666667,1,6319,25005,2017,840,6,6,1151375,0,1,1,0.489867226,4
"205","25005.2018",205,271,271,25005,0.166666666666667,1,6320,25005,2018,840,6,6,1151375,0,1,1,0.475791155,3
"206","25005.2019",206,272,272,25005,0.166666666666667,1,6321,25005,2019,840,7,4,1151375,0,1,1,0.395394496,3
"207","25006.2019",207,273,273,2066,0.333333333333333,2,6337,25006,2019,840,3,1,990903,1,1,1,0.565096235,1
"208","25006.2019",208,274,274,25005,0.333333333333333,2,6337,25006,2019,840,3,1,990903,1,1,1,0.565096235,1
"209","25010.2004",209,275,275,25010,0,1,6338,25010,2004,840,1,0,990594,0,0,1,0.81574758,1
"210","25010.2005",210,276,276,25010,0,1,6339,25010,2005,840,1,1,990594,1,1,1,0.799859908,3
"211","25010.2006",211,277,277,25010,0,1,6340,25010,2006,840,1,0,990594,0,1,1,0.743759552,2
"212","25010.2007",212,278,278,25010,0,1,6341,25010,2007,840,2,0,990594,0,1,1,0.732329343,1
"213","25010.2008",213,279,279,25010,0,1,6342,25010,2008,840,3,1,990594,0,1,1,0.651267193,1
"214","25010.2009",214,280,280,25010,0,1,6343,25010,2009,840,3,0,990594,1,1,1,0.635984463,1
"215","25010.2010",215,281,281,25010,0,1,6344,25010,2010,840,3,2,990594,0,1,1,0.632100102,4
"216","25010.2011",216,282,282,25010,0,1,6345,25010,2011,840,3,2,990594,1,1,1,0.627801834,3
"217","25010.2012",217,283,283,25010,0,1,6346,25010,2012,840,3,0,990594,0,1,1,0.670466123,2
"218","25010.2013",218,284,284,25010,0,1,6347,25010,2013,840,3,1,990594,0,1,1,0.674382323,2
"219","25010.2014",219,285,285,25010,0,1,6348,25010,2014,840,3,1,990594,0,1,1,0.673204279,1
"220","25010.2015",220,286,286,25010,0,1,6349,25010,2015,840,3,1,990594,0,1,1,0.671198421,2
"221","25010.2016",221,287,287,25010,0,1,6350,25010,2016,840,5,0,990594,0,1,1,0.579342843,0
"222","25010.2017",222,288,288,25010,0,1,6351,25010,2017,840,6,0,990594,0,1,1,0.522255476,0
"223","25010.2018",223,289,289,25010,0,1,6352,25010,2018,840,6,2,990594,1,1,1,0.517193072,1
"224","25010.2019",224,290,290,25010,0,1,6353,25010,2019,840,6,4,990594,0,1,1,0.513722618,3
"225","25012.2019",225,291,291,25005,0,2,6385,25012,2019,840,4,0,990883,0,1,1,0.549738051,0
"226","25015.2019",226,292,292,25010,0,2,6424,25015,2019,840,2,1,1091225,0,1,1,0.840363378,1
"227","25021.2019",227,294,294,27050,0,2,6498,25021,2019,840,6,3,1140753,0,1,1,0.534015103,2
"228","25056.2019",228,295,295,25010,0,2,6686,25056,2019,840,5,1,990223,0,1,1,0.601607932,2
"229","25056.2019",229,296,296,25005,0,2,6686,25056,2019,840,5,1,990223,0,1,1,0.601607932,2
"230","25056.2019",230,297,297,25108,0,2,6686,25056,2019,840,5,1,990223,0,1,1,0.601607932,2
"231","25057.2019",231,298,298,2036,0,2,6703,25057,2019,840,1,0,990594,0,1,1,0.748459712,2
"232","25057.2019",232,299,299,25010,0,2,6703,25057,2019,840,1,0,990594,0,1,1,0.748459712,2
"233","25061.2019",233,301,301,27050,0.2,2,6740,25061,2019,840,10,3,1151375,0,1,1,0.35249079,3
"234","25108.2000",234,302,302,25108,0.375,1,6960,25108,2000,840,7,4,1010060,0,1,1,0.593658617,3
"235","25108.2001",235,303,303,25108,0.375,1,6961,25108,2001,840,7,4,1010060,0,1,1,0.585214391,4
"236","25108.2002",236,304,304,25108,0,1,6962,25108,2002,840,7,2,1010060,0,1,1,0.583012978,3
"237","25108.2006",237,305,305,25108,0.625,1,6963,25108,2006,840,7,5,1070395,0,1,1,0.500180713,6
"238","25108.2007",238,306,306,25108,0,1,6964,25108,2007,840,7,1,1070395,1,1,1,0.49426647,3
"239","25108.2008",239,307,307,25108,0,1,6965,25108,2008,840,7,0,1070395,0,0,1,0.493149335,0
"240","25108.2009",240,308,308,25108,0.125,1,6966,25108,2009,840,8,1,1070395,1,1,1,0.459668145,2
"241","25108.2010",241,309,309,25108,0.125,1,6967,25108,2010,840,8,2,1070395,0,1,1,0.458091014,4
"242","25108.2011",242,310,310,25108,0,1,6968,25108,2011,840,8,0,1070395,0,1,1,0.450763923,2
"243","25108.2014",243,311,311,25108,0,1,6969,25108,2014,840,7,1,1060394,0,1,2,0.498702152,2
"244","25108.2015",244,312,312,25108,0.125,1,6970,25108,2015,840,8,2,1041092,0,1,1,0.464728109,2
"245","25108.2016",245,313,313,25108,0.125,1,6971,25108,2016,840,8,3,1041092,0,1,1,0.450928208,3
"246","25108.2017",246,314,314,25108,0.222222222222222,1,6972,25108,2017,840,9,3,1041092,0,0,1,0.446985379,3
"247","25108.2018",247,315,315,25108,0.5,1,6973,25108,2018,840,10,7,1041092,0,0,1,0.421586989,6
"248","25108.2019",248,316,316,25108,0.4,1,6974,25108,2019,840,10,8,1151375,0,0,1,0.39277148,7
"249","25113.2019",249,317,317,27050,0,2,6994,25113,2019,840,6,0,1090604,0,1,1,0.68084351,1
"250","25113.2019",250,318,318,25010,0,2,6994,25113,2019,840,6,0,1090604,0,1,1,0.68084351,1
"251","25113.2019",251,319,319,25005,0,2,6994,25113,2019,840,6,0,1090604,0,1,1,0.68084351,1
"252","25902.2019",252,320,320,25010,0,2,7100,25902,2019,840,7,3,1070344,1,0,1,0.785375303,2
"253","25903.2019",253,321,321,25010,0,2,7118,25903,2019,840,3,0,981379,0,0,1,0.590321277,0
"254","25906.2019",254,322,322,25010,0.25,2,7134,25906,2019,840,4,1,1091295,0,0,1,0.822474555,2
"255","25917.2019",255,323,323,25010,0,2,7202,25917,2019,840,2,0,1070344,0,0,1,0.816323887,1
"256","27001.2019",256,324,324,27032,0,2,7237,27001,2019,840,5,0,1151508,2,1,1,0.44447465,1
"257","27004.2019",257,325,325,27031,0.285714285714286,2,7263,27004,2019,840,6,4,980510,0,1,1,0.588555589,4
"258","27004.2019",258,326,326,25005,0.285714285714286,2,7263,27004,2019,840,6,4,980510,0,1,1,0.588555589,4
"259","27004.2019",259,327,327,27032,0.285714285714286,2,7263,27004,2019,840,6,4,980510,0,1,1,0.588555589,4
"260","27004.2019",260,328,328,25010,0.285714285714286,2,7263,27004,2019,840,6,4,980510,0,1,1,0.588555589,4
"261","27004.2019",261,329,329,25108,0.285714285714286,2,7263,27004,2019,840,6,4,980510,0,1,1,0.588555589,4
"262","27005.2019",262,330,330,27031,0.714285714285714,2,7280,27005,2019,840,6,9,981362,0,1,1,0.382689076,8
"263","27005.2019",263,331,331,25108,0.714285714285714,2,7280,27005,2019,840,6,9,981362,0,1,1,0.382689076,8
"264","27005.2019",264,332,332,27050,0.714285714285714,2,7280,27005,2019,840,6,9,981362,0,1,1,0.382689076,8
"265","27009.2019",265,333,333,2021,0.75,2,7329,27009,2019,840,4,7,1150723,1,1,1,0.525576223,5
"266","27009.2019",266,334,334,27050,0.75,2,7329,27009,2019,840,4,7,1150723,1,1,1,0.525576223,5
"267","27009.2019",267,335,335,25010,0.75,2,7329,27009,2019,840,4,7,1150723,1,1,1,0.525576223,5
"268","27010.2019",268,337,337,27050,1,2,7349,27010,2019,840,9,16,1040466,1,1,1,0.2906847,5
"269","27014.2019",269,338,338,27050,0.777777777777778,2,7381,27014,2019,840,9,19,1150935,2,1,1,0.355222386,10
"270","27015.2019",270,339,339,27050,0.285714285714286,2,7401,27015,2019,840,7,2,1060105,0,1,1,0.45983397,1
"271","27015.2019",271,340,340,25108,0.285714285714286,2,7401,27015,2019,840,7,2,1060105,0,1,1,0.45983397,1
"272","27015.2019",272,341,341,27032,0.285714285714286,2,7401,27015,2019,840,7,2,1060105,0,1,1,0.45983397,1
"273","27015.2019",273,342,342,25005,0.285714285714286,2,7401,27015,2019,840,7,2,1060105,0,1,1,0.45983397,1
"274","27015.2019",274,343,343,27031,0.285714285714286,2,7401,27015,2019,840,7,2,1060105,0,1,1,0.45983397,1
"275","27016.2019",275,344,344,2038,1,2,7419,27016,2019,840,5,7,1070350,1,1,1,0.701515977,5
"276","27016.2019",276,345,345,2036,1,2,7419,27016,2019,840,5,7,1070350,1,1,1,0.701515977,5
"277","27016.2019",277,346,346,25005,1,2,7419,27016,2019,840,5,7,1070350,1,1,1,0.701515977,5
"278","27016.2019",278,347,347,25010,1,2,7419,27016,2019,840,5,7,1070350,1,1,1,0.701515977,5
"279","27024.2019",279,348,348,27050,0.2,2,7464,27024,2019,840,9,2,1180099,0,0,1,0.392568203,2
"280","27026.2019",280,349,349,27031,0.5,2,7484,27026,2019,840,6,3,1000480,1,1,1,0.54382525,4
"281","27028.2019",281,350,350,27050,1.2,2,7518,27028,2019,840,10,15,1090769,0,1,1,0.304874903,8
"282","27031.2000",282,351,351,27031,0.25,1,7545,27031,2000,840,4,3,1190506,0,1,2,0.636181202,5
"283","27031.2001",283,352,352,27031,0.25,1,7546,27031,2001,840,4,1,1190506,0,1,1,0.607888936,3
"284","27031.2002",284,353,353,27031,0.5,1,7547,27031,2002,840,4,3,1190506,0,1,1,0.582557489,3
"285","27031.2003",285,354,354,27031,0.4,1,7548,27031,2003,840,5,2,1190506,1,1,1,0.555844327,3
"286","27031.2004",286,355,355,27031,0.6,1,7549,27031,2004,840,5,3,1190506,0,1,1,0.546665789,5
"287","27031.2005",287,356,356,27031,0.2,1,7550,27031,2005,840,5,3,1190506,0,1,1,0.53702668,5
"288","27031.2006",288,357,357,27031,0.4,1,7551,27031,2006,840,5,5,1190506,0,1,1,0.518176136,5
"289","27031.2007",289,358,358,27031,0.8,1,7552,27031,2007,840,5,8,1190506,0,1,1,0.511497845,8
"290","27031.2008",290,359,359,27031,0.4,1,7553,27031,2008,840,5,4,1160380,0,1,2,0.471164918,7
"291","27031.2009",291,360,360,27031,0.333333333333333,1,7554,27031,2009,840,6,2,1160380,0,1,1,0.465539362,4
"292","27031.2010",292,361,361,27031,0.333333333333333,1,7555,27031,2010,840,6,5,1160380,1,1,1,0.437970852,7
"293","27031.2011",293,362,362,27031,0.333333333333333,1,7556,27031,2011,840,6,2,1160380,0,1,1,0.437707669,4
"294","27031.2012",294,363,363,27031,0.4,1,7557,27031,2012,840,4,1,1160380,0,1,1,0.47096753,7
"295","27031.2013",295,364,364,27031,0,1,7558,27031,2013,840,4,1,1160380,0,1,1,0.482251538,6
"296","27031.2014",296,365,365,27031,0.2,1,7559,27031,2014,840,4,1,1160380,2,0,1,0.448004737,4
"297","27031.2015",297,366,366,27031,0,1,7560,27031,2015,840,4,0,1160380,0,1,1,0.42382472,5
"298","27031.2016",298,367,367,27031,0.166666666666667,1,7561,27031,2016,840,5,2,1160380,0,1,1,0.411191894,6
"299","27031.2017",299,368,368,27031,0,1,7562,27031,2017,840,5,1,1160380,0,1,1,0.388525183,5
"300","27031.2018",300,369,369,27031,0,1,7563,27031,2018,840,5,1,1160380,0,1,1,0.388525183,4
"301","27031.2019",301,370,370,27031,0,1,7564,27031,2019,840,5,0,1160380,0,1,1,0.370826068,3
"302","27032.2000",302,371,371,27032,1,1,7565,27032,2000,840,6,4,1190499,1,1,1,0.667723928,5
"303","27032.2001",303,372,372,27032,0.428571428571429,1,7566,27032,2001,840,6,2,1190499,2,1,1,0.658081705,5
"304","27032.2002",304,373,373,27032,0.285714285714286,1,7567,27032,2002,840,6,2,1190499,2,1,1,0.631660746,4
"305","27032.2003",305,374,374,27032,0,1,7568,27032,2003,840,6,1,1190499,2,1,1,0.62690307,1
"306","27032.2004",306,375,375,27032,0.571428571428571,1,7569,27032,2004,840,6,2,1190499,1,1,1,0.580182695,5
"307","27032.2005",307,376,376,27032,0,1,7570,27032,2005,840,6,0,1190499,0,1,1,0.572538696,3
"308","27032.2006",308,377,377,27032,0.142857142857143,1,7571,27032,2006,840,6,1,1190499,2,1,1,0.545356509,2
"309","27032.2012",309,378,378,27032,0,1,7572,27032,2012,840,6,0,1151092,0,1,1,0.489342806,5
"310","27032.2013",310,379,379,27032,0,1,7573,27032,2013,840,7,1,1151092,1,1,1,0.481603654,1
"311","27032.2014",311,380,380,27032,0.125,1,7574,27032,2014,840,7,1,1151092,0,1,1,0.479446841,2
"312","27032.2015",312,381,381,27032,0.25,1,7575,27032,2015,840,7,1,1151092,0,1,1,0.468409033,1
"313","27032.2016",313,382,382,27032,0.125,1,7576,27032,2016,840,8,2,1151092,2,1,1,0.459115707,2
"314","27032.2017",314,383,383,27032,0.25,1,7577,27032,2017,840,8,2,1151092,2,1,1,0.456483126,3
"315","27032.2018",315,384,384,27032,0.25,1,7578,27032,2018,840,8,3,1151092,0,1,1,0.451376554,3
"316","27032.2019",316,385,385,27032,0.125,1,7579,27032,2019,840,9,1,1151092,0,1,1,0.439006597,1
"317","27035.2019",317,386,386,25108,0.428571428571429,2,7615,27035,2019,840,6,3,1150935,0,1,1,0.596990078,3
"318","27035.2019",318,387,387,25010,0.428571428571429,2,7615,27035,2019,840,6,3,1150935,0,1,1,0.596990078,3
"319","27038.2019",319,388,388,2066,1.42857142857143,2,7659,27038,2019,840,7,15,1090769,0,1,1,0.565816808,8
"320","27038.2019",320,389,389,25005,1.42857142857143,2,7659,27038,2019,840,7,15,1090769,0,1,1,0.565816808,8
"321","27038.2019",321,391,391,2021,1.42857142857143,2,7659,27038,2019,840,7,15,1090769,0,1,1,0.565816808,8
"322","27045.2019",322,392,392,27050,0.5,2,7719,27045,2019,840,6,7,1020555,0,1,1,0.60360026,4
"323","27045.2019",323,393,393,80112,0.5,2,7719,27045,2019,840,6,7,1020555,0,1,1,0.60360026,4
"324","27046.2019",324,394,394,27050,0.428571428571429,2,7739,27046,2019,840,7,2,1060314,1,1,1,0.666490014,2
"325","27046.2019",325,395,395,27032,0.428571428571429,2,7739,27046,2019,840,7,2,1060314,1,1,1,0.666490014,2
"326","27046.2019",326,396,396,25010,0.428571428571429,2,7739,27046,2019,840,7,2,1060314,1,1,1,0.666490014,2
"327","27048.2019",327,397,397,27031,1.16666666666667,2,7768,27048,2019,840,6,9,990530,0,1,1,0.633888787,6
"328","27048.2019",328,398,398,27032,1.16666666666667,2,7768,27048,2019,840,6,9,990530,0,1,1,0.633888787,6
"329","27048.2019",329,399,399,80112,1.16666666666667,2,7768,27048,2019,840,6,9,990530,0,1,1,0.633888787,6
"330","27048.2019",330,400,400,25010,1.16666666666667,2,7768,27048,2019,840,6,9,990530,0,1,1,0.633888787,6
"331","27050.2000",331,401,401,27050,1.33333333333333,1,7785,27050,2000,840,3,7,1040549,1,1,1,0.689181055,9
"332","27050.2001",332,402,402,27050,1.33333333333333,1,7786,27050,2001,840,3,7,1040549,0,1,1,0.671186441,8
"333","27050.2002",333,403,403,27050,1.66666666666667,1,7787,27050,2002,840,3,6,1040549,1,1,1,0.670489466,9
"334","27050.2003",334,404,404,27050,2.33333333333333,1,7788,27050,2003,840,3,9,1040549,1,1,1,0.658387454,11
"335","27050.2004",335,405,405,27050,0.75,1,7789,27050,2004,840,3,7,1040549,1,1,1,0.602312688,10
"336","27050.2005",336,406,406,27050,0.666666666666667,1,7790,27050,2005,840,5,6,1040549,2,0,1,0.534642801,7
"337","27050.2006",337,407,407,27050,1.16666666666667,1,7791,27050,2006,840,5,12,1040549,0,1,1,0.520576588,9
"338","27050.2007",338,408,408,27050,0.833333333333333,1,7792,27050,2007,840,5,12,1040549,1,1,1,0.512751465,8
"339","27050.2008",339,409,409,27050,1.16666666666667,1,7793,27050,2008,840,5,9,1040549,0,1,1,0.51107239,9
"340","27050.2009",340,410,410,27050,0.428571428571429,1,7794,27050,2009,840,6,5,1040549,1,1,1,0.467574846,5
"341","27050.2010",341,411,411,27050,0.555555555555556,1,7795,27050,2010,840,9,11,1040549,2,1,1,0.347061619,5
"342","27050.2011",342,412,412,27050,0.888888888888889,1,7796,27050,2011,840,9,11,1040549,0,1,1,0.344875653,8
"343","27050.2012",343,413,413,27050,0.2,1,7797,27050,2012,840,6,4,1040549,0,1,1,0.373419927,5
"344","27050.2013",344,414,414,27050,1.33333333333333,1,7798,27050,2013,840,6,12,1040549,0,1,1,0.372627911,6
"345","27050.2014",345,415,415,27050,0.666666666666667,1,7799,27050,2014,840,6,8,1040549,2,1,1,0.360430857,5
"346","27050.2015",346,416,416,27050,1,1,7800,27050,2015,840,7,11,1040549,0,1,1,0.312212894,6
"347","27050.2016",347,417,417,27050,0.857142857142857,1,7801,27050,2016,840,7,9,1040549,0,1,1,0.307840963,7
"348","27050.2017",348,418,418,27050,0.571428571428571,1,7802,27050,2017,840,7,9,1040549,1,1,1,0.300712815,6
"349","27050.2018",349,419,419,27050,0.714285714285714,1,7803,27050,2018,840,7,12,1040549,0,1,1,0.296530968,6
"350","27050.2019",350,420,420,27050,0.875,1,7804,27050,2019,840,8,15,1040549,0,1,1,0.285316015,8
"351","27053.2019",351,421,421,25108,0.222222222222222,2,7843,27053,2019,840,8,8,981362,0,1,1,0.406403618,5
"352","27053.2019",352,422,422,25005,0.222222222222222,2,7843,27053,2019,840,8,8,981362,0,1,1,0.406403618,5
"353","27057.2019",353,423,423,25108,1,2,7877,27057,2019,840,3,3,990903,0,1,1,0.583705675,5
"354","27057.2019",354,424,424,25010,1,2,7877,27057,2019,840,3,3,990903,0,1,1,0.583705675,5
"355","27102.2019",355,425,425,25108,0.2,2,7881,27102,2019,840,6,2,1140719,0,1,1,0.518390623,3
"356","27102.2019",356,426,426,27050,0.2,2,7881,27102,2019,840,6,2,1140719,0,1,1,0.518390623,3
"357","27102.2019",357,427,427,27031,0.2,2,7881,27102,2019,840,6,2,1140719,0,1,1,0.518390623,3
"358","27102.2019",358,428,428,25010,0.2,2,7881,27102,2019,840,6,2,1140719,0,1,1,0.518390623,3
"359","34061.2019",359,429,429,82015,0.875,2,9621,34061,2019,840,8,11,1000644,0,1,1,0.465087719,6
"360","34081.2019",360,430,430,82015,1.16666666666667,2,9942,34081,2019,840,6,11,1151582,0,1,1,0.45961272,9
"361","42010.2019",361,431,431,2038,1.375,2,12993,42010,2019,840,8,11,980761,0,1,1,0.415203371,7
"362","42010.2019",362,432,432,2066,1.375,2,12993,42010,2019,840,8,11,980761,0,1,1,0.415203371,7
"363","42010.2019",363,433,433,42122,1.375,2,12993,42010,2019,840,8,11,980761,0,1,1,0.415203371,7
"364","42012.2019",364,434,434,42122,1,2,13024,42012,2019,840,4,4,1151097,0,1,1,0.664635167,5
"365","42036.2019",365,435,435,42122,1,2,13223,42036,2019,840,7,10,990841,0,1,1,0.479997446,4
"366","42036.2019",366,436,436,7013,1,2,13223,42036,2019,840,7,10,990841,0,1,1,0.479997446,4
"367","42104.2019",367,437,437,42122,0.222222222222222,2,13413,42104,2019,840,9,11,1060298,1,1,1,0.776625793,4
"368","42122.2000",368,438,438,42122,0.666666666666667,1,13485,42122,2000,840,3,2,1140222,0,0,1,0.814308758,2
"369","42122.2001",369,439,439,42122,0,1,13486,42122,2001,840,4,1,1140222,0,0,1,0.790555714,2
"370","42122.2002",370,440,440,42122,0.5,1,13487,42122,2002,840,4,2,1140222,0,1,1,0.76658127,2
"371","42122.2003",371,441,441,42122,0.5,1,13488,42122,2003,840,4,2,1140222,0,0,1,0.749059051,1
"372","42122.2004",372,442,442,42122,0.5,1,13489,42122,2004,840,4,2,1140222,0,1,1,0.728437233,3
"373","42122.2006",373,443,443,42122,0.6,1,13490,42122,2006,840,5,4,1140222,0,1,1,0.687826169,5
"374","42122.2007",374,444,444,42122,1.16666666666667,1,13491,42122,2007,840,6,7,1140222,0,1,1,0.603504444,5
"375","42122.2008",375,445,445,42122,0.666666666666667,1,13492,42122,2008,840,6,5,1140222,0,1,1,0.583957997,5
"376","42122.2009",376,446,446,42122,1,1,13493,42122,2009,840,7,8,1140222,0,1,1,0.547964703,6
"377","42122.2010",377,447,447,42122,0.75,1,13494,42122,2010,840,8,7,1140222,0,1,1,0.506246639,5
"378","42122.2012",378,448,448,42122,0.857142857142857,1,13495,42122,2012,840,7,7,1080208,0,1,1,0.523990258,5
"379","42122.2013",379,449,449,42122,1.14285714285714,1,13496,42122,2013,840,7,10,1190855,2,0,1,0.533036025,5
"380","42122.2014",380,450,450,42122,1.28571428571429,1,13497,42122,2014,840,7,11,1190855,0,0,1,0.528228485,5
"381","42122.2015",381,451,451,42122,1,1,13498,42122,2015,840,8,8,1190855,2,1,1,0.493848246,4
"382","42122.2016",382,452,452,42122,1,1,13499,42122,2016,840,8,8,1190855,1,1,1,0.490527248,5
"383","42122.2017",383,453,453,42122,0.625,1,13500,42122,2017,840,8,6,1190855,0,1,1,0.468924945,6
"384","42122.2018",384,454,454,42122,0.625,1,13501,42122,2018,840,8,7,1190855,2,1,1,0.455229781,6
"385","42122.2019",385,455,455,42122,0.625,1,13502,42122,2019,840,8,5,1030738,1,1,2,0.449220356,3
"386","42125.2019",386,456,456,7111,0.875,2,13514,42125,2019,840,8,10,1041125,0,1,1,0.382526674,3
"387","42128.2019",387,457,457,7013,0.444444444444444,2,13534,42128,2019,840,9,4,1140388,0,1,1,0.504683763,4
"388","42128.2019",388,458,458,42122,0.444444444444444,2,13534,42128,2019,840,9,4,1140388,0,1,1,0.504683763,4
"389","42128.2019",389,459,459,7111,0.444444444444444,2,13534,42128,2019,840,9,4,1140388,0,1,1,0.504683763,4
"390","42208.2019",390,461,461,2021,0.333333333333333,2,13600,42208,2019,840,6,2,1040795,0,1,1,0.585049877,4
"391","42208.2019",391,462,462,2036,0.333333333333333,2,13600,42208,2019,840,6,2,1040795,0,1,1,0.585049877,4
"392","42208.2019",392,463,463,2066,0.333333333333333,2,13600,42208,2019,840,6,2,1040795,0,1,1,0.585049877,4
"393","42905.2019",393,465,465,42122,0,2,13747,42905,2019,840,1,1,1160350,0,0,1,0.754280924,4
"394","46003.2019",394,466,466,88914,0,2,15605,46003,2019,840,8,4,1120068,0,1,1,0.682665466,3
"395","46003.2019",395,467,467,88049,0,2,15605,46003,2019,840,8,4,1120068,0,1,1,0.682665466,3
"396","46003.2019",396,468,468,88028,0,2,15605,46003,2019,840,8,4,1120068,0,1,1,0.682665466,3
"397","46015.2019",397,469,469,88028,0.571428571428571,2,15734,46015,2019,840,7,12,1000107,1,1,1,0.422034919,7
"398","46047.2019",398,471,471,88028,1.6,2,15956,46047,2019,840,6,22,1080582,0,1,1,0.489699583,14
"399","46047.2019",399,473,473,88049,1.6,2,15956,46047,2019,840,6,22,1080582,0,1,1,0.489699583,14
"400","46052.2019",400,474,474,88049,0,2,16014,46052,2019,840,4,4,1120068,0,1,1,0.573345594,5
"401","46052.2019",401,475,475,88025,0,2,16014,46052,2019,840,4,4,1120068,0,1,1,0.573345594,5
"402","46052.2019",402,476,476,63232,0,2,16014,46052,2019,840,4,4,1120068,0,1,1,0.573345594,5
"403","46055.2019",403,477,477,88023,0.285714285714286,2,16051,46055,2019,840,7,4,1150720,3,1,1,0.735996691,5
"404","46126.2019",404,478,478,88023,0.857142857142857,2,16128,46126,2019,840,8,9,1120365,1,1,1,0.598042055,4
"405","46126.2019",405,479,479,63109,0.857142857142857,2,16128,46126,2019,840,8,9,1120365,1,1,1,0.598042055,4
"406","46126.2019",406,480,480,63024,0.857142857142857,2,16128,46126,2019,840,8,9,1120365,1,1,1,0.598042055,4
"407","46126.2019",407,481,481,88025,0.857142857142857,2,16128,46126,2019,840,8,9,1120365,1,1,1,0.598042055,4
"408","46126.2019",408,482,482,88028,0.857142857142857,2,16128,46126,2019,840,8,9,1120365,1,1,1,0.598042055,4
"409","46126.2019",409,483,483,88049,0.857142857142857,2,16128,46126,2019,840,8,9,1120365,1,1,1,0.598042055,4
"410","46126.2019",410,484,484,63232,0.857142857142857,2,16128,46126,2019,840,8,9,1120365,1,1,1,0.598042055,4
"411","51015.2019",411,486,486,2021,0.4,2,18493,51015,2019,840,5,2,1190737,1,1,1,0.77624807,1
"412","51015.2019",412,487,487,2036,0.4,2,18493,51015,2019,840,5,2,1190737,1,1,1,0.77624807,1
"413","51020.2019",413,489,489,2066,1.33333333333333,2,18538,51020,2019,840,7,12,981146,0,1,1,0.389914953,9
"414","51020.2019",414,490,490,2038,1.33333333333333,2,18538,51020,2019,840,7,12,981146,0,1,1,0.389914953,9
"415","51022.2019",415,491,491,82015,0.75,2,18558,51022,2019,840,4,3,1190762,0,1,1,0.473081967,2
"416","51023.2019",416,492,492,2066,1.28571428571429,2,18578,51023,2019,840,7,14,1150496,0,1,1,0.45032901,7
"417","51023.2019",417,493,493,82015,1.28571428571429,2,18578,51023,2019,840,7,14,1150496,0,1,1,0.45032901,7
"418","51023.2019",418,494,494,2038,1.28571428571429,2,18578,51023,2019,840,7,14,1150496,0,1,1,0.45032901,7
"419","51030.2019",419,497,497,2066,1,2,18644,51030,2019,840,2,3,1000337,0,1,1,0.669519289,4
"420","51030.2019",420,498,498,2036,1,2,18644,51030,2019,840,2,3,1000337,0,1,1,0.669519289,4
"421","51113.2019",421,499,499,2021,1,2,18685,51113,2019,840,4,6,1150496,1,1,1,0.525429047,3
"422","51119.2019",422,500,500,2066,0.333333333333333,2,18705,51119,2019,840,9,5,1120407,0,1,1,0.456128514,3
"423","51119.2019",423,501,501,2038,0.333333333333333,2,18705,51119,2019,840,9,5,1120407,0,1,1,0.456128514,3
"424","51119.2019",424,503,503,2021,0.333333333333333,2,18705,51119,2019,840,9,5,1120407,0,1,1,0.456128514,3
"425","51229.2019",425,504,504,2021,0.625,2,18724,51229,2019,840,8,5,1090611,1,1,1,0.527729958,4
"426","52004.2019",426,505,505,7111,1.2,2,18844,52004,2019,840,5,10,980836,0,1,1,0.540225656,9
"427","52004.2019",427,506,506,7013,1.2,2,18844,52004,2019,840,5,10,980836,0,1,1,0.540225656,9
"428","52006.2019",428,507,507,7111,0.4,2,18873,52006,2019,840,5,4,1190863,0,1,1,0.648758015,6
"429","52006.2019",429,508,508,7013,0.4,2,18873,52006,2019,840,5,4,1190863,0,1,1,0.648758015,6
"430","52052.2019",430,509,509,7111,0.625,2,19227,52052,2019,840,8,9,1030733,0,0,1,0.750858132,8
"431","52053.2019",431,510,510,7111,0.833333333333333,2,19246,52053,2019,840,6,6,981454,0,0,1,0.897005068,2
"432","52054.2019",432,511,511,7013,0.5,2,19266,52054,2019,840,5,4,981015,0,1,1,0.77879179,4
"433","52054.2019",433,512,512,7111,0.5,2,19266,52054,2019,840,5,4,981015,0,1,1,0.77879179,4
"434","52055.2019",434,513,513,7111,0.833333333333333,2,19281,52055,2019,840,6,8,980905,0,1,1,0.482601325,6
"435","52055.2019",435,514,514,7013,0.833333333333333,2,19281,52055,2019,840,6,8,980905,0,1,1,0.482601325,6
"436","63005.2019",436,538,538,63024,0.142857142857143,2,25747,63005,2019,840,7,3,1120332,0,0,1,0.548782015,4
"437","63005.2019",437,539,539,63232,0.142857142857143,2,25747,63005,2019,840,7,3,1120332,0,0,1,0.548782015,4
"438","63005.2019",438,540,540,80112,0.142857142857143,2,25747,63005,2019,840,7,3,1120332,0,0,1,0.548782015,4
"439","63014.2019",439,564,564,63311,0.571428571428571,2,25843,63014,2019,840,7,5,1090351,0,1,1,0.498849408,5
"440","63017.2019",440,566,566,27031,0.4,2,25875,63017,2019,840,10,10,1151454,1,1,1,0.409124834,6
"441","63017.2019",441,567,567,63311,0.4,2,25875,63017,2019,840,10,10,1151454,1,1,1,0.409124834,6
"442","63020.2019",442,568,568,27031,0,2,25890,63020,2019,840,8,7,1041039,0,1,1,0.417053384,5
"443","63024.2000",443,569,569,63024,2.25,1,25906,63024,2000,840,4,12,1080086,0,1,1,0.74685774,10
"444","63024.2001",444,570,570,63024,1,1,25907,63024,2001,840,4,6,1080086,1,1,1,0.699895507,9
"445","63024.2002",445,571,571,63024,1.5,1,25908,63024,2002,840,4,10,1080086,0,1,1,0.691565905,9
"446","63024.2003",446,572,572,63024,1.75,1,25909,63024,2003,840,4,12,1080086,0,1,1,0.667353336,9
"447","63024.2004",447,573,573,63024,1.5,1,25910,63024,2004,840,4,8,1080086,0,1,1,0.651828631,8
"448","63024.2005",448,574,574,63024,1.2,1,25911,63024,2005,840,5,9,1080086,0,1,1,0.641409166,7
"449","63024.2006",449,575,575,63024,0.8,1,25912,63024,2006,840,5,7,1080086,1,1,1,0.636781609,7
"450","63024.2007",450,576,576,63024,1.2,1,25913,63024,2007,840,5,12,1080086,2,1,1,0.630482162,9
"451","63024.2008",451,577,577,63024,0.8,1,25914,63024,2008,840,5,9,1080086,2,1,1,0.618599791,8
"452","63024.2009",452,578,578,63024,1.8,1,25915,63024,2009,840,5,11,1080086,2,1,1,0.595014181,10
"453","63024.2010",453,579,579,63024,0.8,1,25916,63024,2010,840,5,5,1080086,1,1,1,0.584833557,5
"454","63024.2011",454,580,580,63024,0.6,1,25917,63024,2011,840,5,4,1080086,2,1,1,0.578205702,6
"455","63024.2012",455,581,581,63024,1,1,25918,63024,2012,840,5,6,1080086,2,1,1,0.625436632,9
"456","63024.2013",456,582,582,63024,1.16666666666667,1,25919,63024,2013,840,6,13,1080098,0,1,1,0.620271682,8
"457","63024.2014",457,583,583,63024,1,1,25920,63024,2014,840,6,11,1080098,0,1,1,0.590446335,9
"458","63024.2015",458,584,584,63024,1.28571428571429,1,25921,63024,2015,840,7,14,1080098,0,1,1,0.568592327,10
"459","63024.2016",459,585,585,63024,0.875,1,25922,63024,2016,840,8,11,1080098,0,1,1,0.552530228,9
"460","63024.2017",460,586,586,63024,1.125,1,25923,63024,2017,840,8,12,1080098,0,1,1,0.545842663,7
"461","63024.2018",461,587,587,63024,1,1,25924,63024,2018,840,8,14,1080098,1,1,1,0.523690103,8
"462","63024.2019",462,588,588,63024,1,1,25925,63024,2019,840,8,9,1080098,1,1,1,0.520943424,7
"463","63028.2019",463,590,590,27032,0.428571428571429,2,25978,63028,2019,840,7,8,1091210,0,1,1,0.490816512,7
"464","63107.2019",464,592,592,63311,2.5,2,26051,63107,2019,840,2,7,1080098,2,1,1,0.780312907,6
"465","63109.2000",465,613,613,63109,0.571428571428571,1,26072,63109,2000,840,7,6,1090721,0,0,2,0.768338855,6
"466","63109.2001",466,614,614,63109,0.714285714285714,1,26073,63109,2001,840,7,8,1090721,1,0,1,0.710541884,6
"467","63109.2002",467,615,615,63109,0,1,26074,63109,2002,840,7,3,1090721,2,0,1,0.677738997,1
"468","63109.2003",468,616,616,63109,0.571428571428571,1,26075,63109,2003,840,7,5,1090721,2,0,1,0.65058566,4
"469","63109.2004",469,617,617,63109,0.142857142857143,1,26076,63109,2004,840,7,5,1090721,1,1,1,0.645498107,6
"470","63109.2006",470,618,618,63109,0.875,1,26077,63109,2006,840,8,11,1190714,1,0,2,0.58438831,9
"471","63109.2007",471,619,619,63109,0.625,1,26078,63109,2007,840,8,8,1190714,0,0,1,0.583323474,7
"472","63109.2008",472,620,620,63109,0.75,1,26079,63109,2008,840,8,10,1190714,0,1,1,0.526147657,7
"473","63109.2010",473,621,621,63109,1.25,1,26080,63109,2010,840,8,20,1000114,1,1,1,0.451372456,10
"474","63109.2011",474,622,622,63109,1.75,1,26081,63109,2011,840,8,26,1000114,1,1,1,0.432619498,13
"475","63109.2012",475,623,623,63109,1.25,1,26082,63109,2012,840,7,17,1000114,1,1,1,0.434926645,9
"476","63109.2013",476,624,624,63109,1.55555555555556,1,26083,63109,2013,840,8,20,1000114,0,1,1,0.430933507,11
"477","63109.2014",477,625,625,63109,1.2,1,26084,63109,2014,840,9,21,1000114,2,1,1,0.379466398,12
"478","63109.2015",478,626,626,63109,1.5,1,26085,63109,2015,840,9,30,1000114,0,1,1,0.377159252,13
"479","63109.2016",479,627,627,63109,2.1,1,26086,63109,2016,840,9,24,1000114,0,1,1,0.357104827,13
"480","63109.2017",480,628,628,63109,1,1,26087,63109,2017,840,9,17,1000114,0,1,1,0.341694274,9
"481","63109.2018",481,629,629,63109,1.2,1,26088,63109,2018,840,9,19,1000114,1,1,1,0.302384051,12
"482","63109.2019",482,630,630,63109,1.1,1,26089,63109,2019,840,9,21,1000114,1,1,1,0.284636772,11
"483","63121.2019",483,631,631,80112,0,2,26139,63121,2019,840,5,2,990815,0,1,1,0.712669475,2
"484","63202.2019",484,632,632,88914,0,2,26175,63202,2019,840,6,1,1020035,2,1,1,0.816414958,2
"485","63202.2019",485,634,634,63311,0,2,26175,63202,2019,840,6,1,1020035,2,1,1,0.816414958,2
"486","63204.2019",486,636,636,63311,0,2,26208,63204,2019,840,2,1,1090711,0,1,1,0.802662994,1
"487","63204.2019",487,637,637,80112,0,2,26208,63204,2019,840,2,1,1090711,0,1,1,0.802662994,1
"488","63205.2019",488,639,639,63109,0.3,2,26228,63205,2019,840,10,6,990354,1,1,1,0.447259817,5
"489","63205.2019",489,641,641,63311,0.3,2,26228,63205,2019,840,10,6,990354,1,1,1,0.447259817,5
"490","63207.2019",490,646,646,63311,0.555555555555556,2,26255,63207,2019,840,10,8,1040757,0,1,1,0.467069073,5
"491","63207.2019",491,648,648,27032,0.555555555555556,2,26255,63207,2019,840,10,8,1040757,0,1,1,0.467069073,5
"492","63210.2019",492,651,651,63311,0.555555555555556,2,26293,63210,2019,840,9,8,1190920,0,1,1,0.333696228,7
"493","63210.2019",493,652,652,63109,0.555555555555556,2,26293,63210,2019,840,9,8,1190920,0,1,1,0.333696228,7
"494","63212.2019",494,653,653,88028,0.888888888888889,2,26309,63212,2019,840,9,12,1090981,0,1,1,0.426390098,7
"495","63212.2019",495,654,654,63311,0.888888888888889,2,26309,63212,2019,840,9,12,1090981,0,1,1,0.426390098,7
"496","63216.2019",496,658,658,63024,0.2,2,26351,63216,2019,840,5,4,1120332,2,1,1,0.516254876,5
"497","63216.2019",497,659,659,63311,0.2,2,26351,63216,2019,840,5,4,1120332,2,1,1,0.516254876,5
"498","63216.2019",498,660,660,88049,0.2,2,26351,63216,2019,840,5,4,1120332,2,1,1,0.516254876,5
"499","63217.2019",499,661,661,88028,1.2,2,26371,63217,2019,840,10,20,1041027,1,1,1,0.41510623,9
"500","63224.2019",500,662,662,63311,1.22222222222222,2,26473,63224,2019,840,7,12,1000114,0,1,1,0.343685967,7
"501","63224.2019",501,663,663,63109,1.22222222222222,2,26473,63224,2019,840,7,12,1000114,0,1,1,0.343685967,7
"502","63225.2019",502,665,665,88914,0.333333333333333,2,26492,63225,2019,840,6,3,1160430,0,1,1,0.676887347,3
"503","63225.2019",503,666,666,63024,0.333333333333333,2,26492,63225,2019,840,6,3,1160430,0,1,1,0.676887347,3
"504","63225.2019",504,667,667,63109,0.333333333333333,2,26492,63225,2019,840,6,3,1160430,0,1,1,0.676887347,3
"505","63225.2019",505,668,668,63311,0.333333333333333,2,26492,63225,2019,840,6,3,1160430,0,1,1,0.676887347,3
"506","63225.2019",506,669,669,88028,0.333333333333333,2,26492,63225,2019,840,6,3,1160430,0,1,1,0.676887347,3
"507","63225.2019",507,670,670,80112,0.333333333333333,2,26492,63225,2019,840,6,3,1160430,0,1,1,0.676887347,3
"508","63225.2019",508,671,671,63232,0.333333333333333,2,26492,63225,2019,840,6,3,1160430,0,1,1,0.676887347,3
"509","63225.2019",509,672,672,88023,0.333333333333333,2,26492,63225,2019,840,6,3,1160430,0,1,1,0.676887347,3
"510","63226.2019",510,675,675,63109,1.44444444444444,2,26505,63226,2019,840,8,17,1151538,2,1,1,0.292081787,10
"511","63228.2019",511,676,676,80112,1,2,26525,63228,2019,840,8,19,1080098,0,1,1,0.674993146,9
"512","63228.2019",512,677,677,88049,1,2,26525,63228,2019,840,8,19,1080098,0,1,1,0.674993146,9
"513","63228.2019",513,678,678,63232,1,2,26525,63228,2019,840,8,19,1080098,0,1,1,0.674993146,9
"514","63232.2000",514,679,679,63232,0.2,1,26548,63232,2000,840,5,4,1120387,1,1,1,0.762645791,4
"515","63232.2003",515,680,680,63232,0.5,1,26549,63232,2003,840,6,5,1020369,0,1,2,0.706326065,4
"516","63232.2004",516,681,681,63232,0.166666666666667,1,26550,63232,2004,840,6,2,1020369,3,1,1,0.692919625,4
"517","63232.2005",517,682,682,63232,1.16666666666667,1,26551,63232,2005,840,6,10,1020369,0,1,1,0.661225913,8
"518","63232.2006",518,683,683,63232,0.166666666666667,1,26552,63232,2006,840,6,4,1090999,0,0,2,0.656535243,4
"519","63232.2007",519,684,684,63232,0.166666666666667,1,26553,63232,2007,840,6,4,1090999,1,0,1,0.656535243,5
"520","63232.2008",520,685,685,63232,0.285714285714286,1,26554,63232,2008,840,6,3,1090999,2,1,1,0.636092799,3
"521","63232.2009",521,686,686,63232,0.571428571428571,1,26555,63232,2009,840,6,4,1090999,0,1,1,0.63533215,5
"522","63232.2010",522,687,687,63232,0.857142857142857,1,26556,63232,2010,840,7,11,1000114,1,1,1,0.627852434,10
"523","63232.2011",523,688,688,63232,0.285714285714286,1,26557,63232,2011,840,7,3,1000114,2,1,1,0.614033976,4
"524","63232.2012",524,689,689,63232,0.857142857142857,1,26558,63232,2012,840,7,12,1000114,0,1,1,0.665536258,9
"525","63232.2013",525,690,690,63232,0.571428571428571,1,26559,63232,2013,840,7,8,1000114,0,1,1,0.66487069,7
"526","63232.2014",526,691,691,63232,0.571428571428571,1,26560,63232,2014,840,7,6,1000114,1,1,1,0.631021805,7
"527","63232.2015",527,692,692,63232,0.428571428571429,1,26561,63232,2015,840,7,6,1000114,1,1,1,0.619485294,7
"528","63232.2016",528,693,693,63232,0.142857142857143,1,26562,63232,2016,840,7,2,1000114,0,1,1,0.576033215,7
"529","63232.2017",529,694,694,63232,0.142857142857143,1,26563,63232,2017,840,7,4,1000114,0,1,1,0.546114351,5
"530","63232.2018",530,695,695,63232,0.142857142857143,1,26564,63232,2018,840,7,3,1000114,0,1,1,0.536320994,4
"531","63232.2019",531,696,696,63232,0.142857142857143,1,26565,63232,2019,840,7,4,1000114,0,1,1,0.521583418,5
"532","63233.2019",532,697,697,63024,0.333333333333333,2,26584,63233,2019,840,9,5,1160430,0,1,1,0.524130517,5
"533","63233.2019",533,699,699,63109,0.333333333333333,2,26584,63233,2019,840,9,5,1160430,0,1,1,0.524130517,5
"534","63233.2019",534,701,701,63232,0.333333333333333,2,26584,63233,2019,840,9,5,1160430,0,1,1,0.524130517,5
"535","63311.2000",535,703,703,63311,1.25,1,26599,63311,2000,840,4,6,1020203,0,1,1,0.827451751,7
"536","63311.2001",536,704,704,63311,1.25,1,26600,63311,2001,840,4,9,1020203,1,1,1,0.826829188,7
"537","63311.2002",537,705,705,63311,1,1,26601,63311,2002,840,7,11,1020203,0,1,1,0.726268882,8
"538","63311.2003",538,706,706,63311,0.714285714285714,1,26602,63311,2003,840,7,8,1020203,0,1,1,0.691700252,7
"539","63311.2004",539,707,707,63311,0.571428571428571,1,26603,63311,2004,840,8,9,1020203,0,1,1,0.675218716,7
"540","63311.2005",540,708,708,63311,1.14285714285714,1,26604,63311,2005,840,8,14,1020203,0,1,1,0.640551787,8
"541","63311.2006",541,709,709,63311,1,1,26605,63311,2006,840,8,11,1020203,0,1,1,0.623316622,5
"542","63311.2007",542,710,710,63311,1,1,26606,63311,2007,840,8,11,1020203,0,1,1,0.514859596,6
"543","63311.2008",543,711,711,63311,1.28571428571429,1,26607,63311,2008,840,8,18,1020203,0,1,1,0.503456863,8
"544","63311.2009",544,712,712,63311,0.571428571428571,1,26608,63311,2009,840,8,10,1020203,0,1,1,0.481306727,6
"545","63311.2010",545,713,713,63311,1.14285714285714,1,26609,63311,2010,840,8,12,1020203,1,1,1,0.478882008,6
"546","63311.2011",546,714,714,63311,0.571428571428571,1,26610,63311,2011,840,8,10,1020203,0,1,1,0.45601101,4
"547","63311.2012",547,715,715,63311,1,1,26611,63311,2012,840,7,9,1020203,0,1,1,0.469609096,5
"548","63311.2013",548,716,716,63311,0.5,1,26612,63311,2013,840,6,4,1020203,0,1,1,0.464956257,3
"549","63311.2014",549,717,717,63311,0.666666666666667,1,26613,63311,2014,840,6,7,1020203,0,1,1,0.42209771,7
"550","63311.2015",550,718,718,63311,0.142857142857143,1,26614,63311,2015,840,7,1,1020203,0,1,1,0.408270258,2
"551","63311.2016",551,719,719,63311,0.25,1,26615,63311,2016,840,8,4,1020203,0,1,1,0.358989482,5
"552","63311.2017",552,720,720,63311,0.375,1,26616,63311,2017,840,8,6,1020203,0,1,1,0.346538222,4
"553","63311.2018",553,721,721,63311,0.625,1,26617,63311,2018,840,8,7,1020203,0,1,1,0.346538222,3
"554","63311.2019",554,722,722,63311,0.625,1,26618,63311,2019,840,8,6,1020203,0,1,1,0.335495921,8
"555","63900.2019",555,723,723,63109,0.25,2,26634,63900,2019,840,9,4,1151089,0,0,1,0.438868206,3
"556","63900.2019",556,726,726,27032,0.25,2,26634,63900,2019,840,9,4,1151089,0,0,1,0.438868206,3
"557","63909.2019",557,727,727,80112,0.2,2,26711,63909,2019,840,10,4,1090564,0,0,1,0.790064159,2
"558","67001.2019",558,728,728,7111,0,2,28719,67001,2019,840,1,0,1070320,1,1,1,0.856508219,2
"559","67011.2019",559,729,729,7013,0.444444444444444,2,28792,67011,2019,840,9,13,1180150,1,1,1,0.480829705,7
"560","67011.2019",560,730,730,7111,0.444444444444444,2,28792,67011,2019,840,9,13,1180150,1,1,1,0.480829705,7
"561","67051.2019",561,731,731,7111,0.166666666666667,2,29146,67051,2019,840,4,5,970131,1,1,1,0.682860474,5
"562","67051.2019",562,732,732,7013,0.166666666666667,2,29146,67051,2019,840,4,5,970131,1,1,1,0.682860474,5
"563","67103.2019",563,733,733,7111,0.875,2,29429,67103,2019,840,8,16,1040483,3,1,1,0.568812814,6
"564","67103.2019",564,734,734,7013,0.875,2,29429,67103,2019,840,8,16,1040483,3,1,1,0.568812814,6
"565","67900.2019",565,735,735,7111,0,2,29501,67900,2019,840,7,0,980714,2,0,1,0.807505708,0
"566","69142.2019",566,736,736,11402,0,2,31854,69142,2019,840,10,0,1120237,1,1,1,0.741590214,0
"567","7004.2019",567,737,737,42122,0,2,32389,7004,2019,840,6,0,970131,1,1,1,0.553564979,1
"568","7004.2019",568,738,738,7111,0,2,32389,7004,2019,840,6,0,970131,1,1,1,0.553564979,1
"569","7004.2019",569,739,739,7013,0,2,32389,7004,2019,840,6,0,970131,1,1,1,0.553564979,1
"570","7007.2019",570,740,740,42122,0.777777777777778,2,32442,7007,2019,840,9,9,1160421,1,1,1,0.402404051,6
"571","7013.2000",571,741,741,7013,1,1,32483,7013,2000,840,1,1,1120038,0,1,1,0.732681236,4
"572","7013.2001",572,742,742,7013,1,1,32484,7013,2001,840,1,1,1120038,0,1,1,0.723178357,3
"573","7013.2002",573,743,743,7013,1,1,32485,7013,2002,840,1,2,1120038,0,1,1,0.721940197,5
"574","7013.2003",574,744,744,7013,1,1,32486,7013,2003,840,1,1,1120038,0,1,1,0.70695846,5
"575","7013.2004",575,745,745,7013,1,1,32487,7013,2004,840,1,1,1120038,1,1,1,0.700117625,2
"576","7013.2005",576,746,746,7013,1,1,32488,7013,2005,840,1,1,1120038,0,1,1,0.691326689,2
"577","7013.2006",577,747,747,7013,0,1,32489,7013,2006,840,1,0,1120038,0,1,1,0.669782703,6
"578","7013.2007",578,748,748,7013,0,1,32490,7013,2007,840,1,0,1120038,0,1,1,0.666470625,2
"579","7013.2010",579,749,749,7013,1,1,32491,7013,2010,840,1,1,981296,0,1,2,0.640035907,1
"580","7013.2011",580,750,750,7013,1,1,32492,7013,2011,840,1,1,981296,0,1,1,0.635671392,4
"581","7013.2012",581,751,751,7013,0.5,1,32493,7013,2012,840,2,1,1100241,0,1,1,0.659722652,4
"582","7013.2013",582,752,752,7013,0.5,1,32494,7013,2013,840,2,2,1100241,0,1,1,0.659103572,3
"583","7013.2014",583,753,753,7013,0.5,1,32495,7013,2014,840,2,2,1100241,0,1,1,0.626106606,4
"584","7013.2015",584,754,754,7013,1,1,32496,7013,2015,840,3,4,981296,0,1,1,0.612363029,3
"585","7013.2016",585,755,755,7013,0.666666666666667,1,32497,7013,2016,840,3,2,1100241,0,1,1,0.583885346,4
"586","7013.2017",586,756,756,7013,0.666666666666667,1,32498,7013,2017,840,3,2,1100241,0,1,1,0.574289606,6
"587","7013.2018",587,757,757,7013,0.4,1,32499,7013,2018,840,5,3,1190957,0,1,2,0.505757444,4
"588","7013.2019",588,758,758,7013,0.6,1,32500,7013,2019,840,5,7,1190957,0,1,1,0.49705937,5
"589","7015.2019",589,759,759,7111,0.8,2,32520,7015,2019,840,4,3,1030656,0,1,1,0.845197573,2
"590","7016.2019",590,760,760,7111,1.57142857142857,2,32533,7016,2019,840,6,14,981478,0,1,2,0.572241629,8
"591","7016.2019",591,761,761,7013,1.57142857142857,2,32533,7016,2019,840,6,14,981478,0,1,2,0.572241629,8
"592","7020.2019",592,762,762,7013,1.125,2,32573,7020,2019,840,8,12,970158,0,1,1,0.62243909,7
"593","7020.2019",593,763,763,7111,1.125,2,32573,7020,2019,840,8,12,970158,0,1,1,0.62243909,7
"594","7111.2000",594,764,764,7111,0.5,1,32754,7111,2000,840,2,1,1210027,0,1,1,0.881529168,1
"595","7111.2001",595,765,765,7111,1,1,32755,7111,2001,840,2,2,1210027,0,0,1,0.866030022,3
"596","7111.2002",596,766,766,7111,1,1,32756,7111,2002,840,2,2,1210027,0,1,1,0.854131072,2
"597","7111.2003",597,767,767,7111,0.666666666666667,1,32757,7111,2003,840,3,3,1210027,0,1,1,0.803331706,3
"598","7111.2004",598,768,768,7111,1,1,32758,7111,2004,840,3,4,1210027,0,1,1,0.753386624,3
"599","7111.2005",599,769,769,7111,0.75,1,32759,7111,2005,840,4,5,1151248,0,1,2,0.718727117,4
"600","7111.2006",600,770,770,7111,0.75,1,32760,7111,2006,840,4,6,1151248,0,1,1,0.706950207,4
"601","7111.2007",601,771,771,7111,1,1,32761,7111,2007,840,5,10,1151248,0,1,1,0.621064193,5
"602","7111.2008",602,772,772,7111,1,1,32762,7111,2008,840,5,9,1151248,0,1,1,0.611728094,4
"603","7111.2009",603,773,773,7111,1,1,32763,7111,2009,840,5,7,1151248,1,1,1,0.598303637,3
"604","7111.2010",604,774,774,7111,1,1,32764,7111,2010,840,5,7,1151248,0,1,1,0.590187942,3
"605","7111.2011",605,775,775,7111,1,1,32765,7111,2011,840,5,7,1151248,0,1,1,0.577709299,2
"606","7111.2012",606,776,776,7111,1,1,32766,7111,2012,840,5,8,1151248,0,1,1,0.622223578,4
"607","7111.2013",607,777,777,7111,1,1,32767,7111,2013,840,6,8,1151248,1,1,1,0.517970466,3
"608","7111.2014",608,778,778,7111,0.833333333333333,1,32768,7111,2014,840,6,8,1151248,1,1,1,0.507261411,4
"609","7111.2015",609,779,779,7111,0.333333333333333,1,32769,7111,2015,840,6,5,1151248,1,1,1,0.488985843,4
"610","7111.2016",610,780,780,7111,0.666666666666667,1,32770,7111,2016,840,6,6,1151248,0,1,1,0.487734928,5
"611","7111.2017",611,781,781,7111,0.666666666666667,1,32771,7111,2017,840,6,4,1151248,0,1,1,0.47400537,1
"612","7111.2018",612,782,782,7111,0.833333333333333,1,32772,7111,2018,840,6,6,1151248,1,1,1,0.459543568,4
"613","7111.2019",613,783,783,7111,0.666666666666667,1,32773,7111,2019,840,7,5,1151248,0,1,1,0.390834757,4
"614","72057.2019",614,784,784,88023,2.14285714285714,2,33567,72057,2019,840,7,31,1040274,0,1,1,0.710673027,13
"615","72091.2019",615,785,785,88914,0.428571428571429,2,33914,72091,2019,840,7,8,1100262,0,1,1,0.638852673,8
"616","72091.2019",616,786,786,88025,0.428571428571429,2,33914,72091,2019,840,7,8,1100262,0,1,1,0.638852673,8
"617","72091.2019",617,787,787,88023,0.428571428571429,2,33914,72091,2019,840,7,8,1100262,0,1,1,0.638852673,8
"618","72189.2019",618,788,788,88049,3.16666666666667,2,34165,72189,2019,840,6,24,1091058,0,1,1,0.651330587,11
"619","72192.2019",619,789,789,88914,1,2,34185,72192,2019,840,6,13,1120167,1,1,1,0.61738478,13
"620","72192.2019",620,790,790,88028,1,2,34185,72192,2019,840,6,13,1120167,1,1,1,0.61738478,13
"621","72192.2019",621,791,791,88025,1,2,34185,72192,2019,840,6,13,1120167,1,1,1,0.61738478,13
"622","72192.2019",622,792,792,88049,1,2,34185,72192,2019,840,6,13,1120167,1,1,1,0.61738478,13
"623","80003.2019",623,793,793,27032,0.333333333333333,2,36178,80003,2019,840,3,1,1190274,1,1,1,0.652981768,2
"624","80003.2019",624,794,794,80112,0.333333333333333,2,36178,80003,2019,840,3,1,1190274,1,1,1,0.652981768,2
"625","80003.2019",625,795,795,27050,0.333333333333333,2,36178,80003,2019,840,3,1,1190274,1,1,1,0.652981768,2
"626","80005.2019",626,796,796,27031,0.666666666666667,2,36202,80005,2019,840,6,11,1060404,0,1,1,0.365180332,6
"627","80005.2019",627,797,797,27050,0.666666666666667,2,36202,80005,2019,840,6,11,1060404,0,1,1,0.365180332,6
"628","80006.2019",628,801,801,63311,0.8,2,36218,80006,2019,840,5,4,1070196,0,1,1,0.493605423,4
"629","80006.2019",629,802,802,27032,0.8,2,36218,80006,2019,840,5,4,1070196,0,1,1,0.493605423,4
"630","80009.2019",630,803,803,27032,0.222222222222222,2,36255,80009,2019,840,9,4,1160469,0,1,1,0.495162331,3
"631","80015.2019",631,804,804,27050,0.25,2,36316,80015,2019,840,5,2,1040703,0,1,1,0.519222476,5
"632","80015.2019",632,805,805,27031,0.25,2,36316,80015,2019,840,5,2,1040703,0,1,1,0.519222476,5
"633","80018.2019",633,806,806,27032,0.4,2,36336,80018,2019,840,6,3,980288,1,1,1,0.619879916,3
"634","80018.2019",634,807,807,80112,0.4,2,36336,80018,2019,840,6,3,980288,1,1,1,0.619879916,3
"635","80021.2019",635,808,808,27031,0.8,2,36356,80021,2019,840,5,6,1020215,0,1,1,0.543028706,5
"636","80021.2019",636,809,809,27050,0.8,2,36356,80021,2019,840,5,6,1020215,0,1,1,0.543028706,5
"637","80112.2000",637,810,810,80112,0.5,1,36376,80112,2000,840,2,1,1030271,0,1,1,0.807229635,9
"638","80112.2001",638,811,811,80112,0.666666666666667,1,36377,80112,2001,840,3,5,1030271,1,1,1,0.788095878,5
"639","80112.2002",639,812,812,80112,0.333333333333333,1,36378,80112,2002,840,3,7,1030271,0,0,1,0.770574013,7
"640","80112.2003",640,813,813,80112,0.666666666666667,1,36379,80112,2003,840,3,5,1060273,0,1,2,0.74836572,6
"641","80112.2004",641,814,814,80112,0,1,36380,80112,2004,840,3,4,1060273,0,1,1,0.736485478,4
"642","80112.2005",642,815,815,80112,0.75,1,36381,80112,2005,840,4,5,1060273,0,1,1,0.688964509,4
"643","80112.2008",643,816,816,80112,0.75,1,36382,80112,2008,840,4,6,1060273,0,1,1,0.621533686,4
"644","80112.2009",644,817,817,80112,0,1,36383,80112,2009,840,5,0,1041014,0,1,2,0.601653682,0
"645","80112.2010",645,818,818,80112,0.166666666666667,1,36384,80112,2010,840,6,3,1041014,0,1,1,0.571505328,3
"646","80112.2011",646,819,819,80112,0,1,36385,80112,2011,840,6,2,1041014,0,0,1,0.561445927,1
"647","80112.2012",647,820,820,80112,0,1,36386,80112,2012,840,6,2,1041014,0,1,1,0.627055909,3
"648","80112.2013",648,821,821,80112,0,1,36387,80112,2013,840,6,0,1041014,0,1,1,0.622459031,2
"649","80112.2014",649,822,822,80112,0.166666666666667,1,36388,80112,2014,840,6,4,1030271,1,1,1,0.616727859,3
"650","80112.2015",650,823,823,80112,0,1,36389,80112,2015,840,6,0,1160469,0,1,2,0.593624071,1
"651","80112.2017",651,824,824,80112,0.166666666666667,1,36390,80112,2017,840,6,4,1030271,0,1,1,0.570759082,5
"652","80112.2019",652,825,825,80112,0,1,36391,80112,2019,840,6,2,1030271,1,1,1,0.545715053,3
"653","80122.2019",653,826,826,63024,0.25,2,36424,80122,2019,840,8,2,1041163,0,1,1,0.544281666,4
"654","80122.2019",654,827,827,80112,0.25,2,36424,80122,2019,840,8,2,1041163,0,1,1,0.544281666,4
"655","80122.2019",655,830,830,27032,0.25,2,36424,80122,2019,840,8,2,1041163,0,1,1,0.544281666,4
"656","82003.2019",656,832,832,7111,0,2,37111,82003,2019,840,7,2,1160209,0,1,1,0.426903785,3
"657","82007.2019",657,833,833,82015,1.33333333333333,2,37170,82007,2019,840,2,3,1160495,3,1,2,0.662134089,6
"658","82015.2000",658,834,834,82015,0.25,1,37267,82015,2000,840,4,1,1150440,0,1,1,0.707665505,2
"659","82015.2001",659,835,835,82015,0.666666666666667,1,37268,82015,2001,840,6,7,1150440,0,1,1,0.659898638,3
"660","82015.2002",660,836,836,82015,0.833333333333333,1,37269,82015,2002,840,6,8,1150440,0,1,1,0.647703516,4
"661","82015.2003",661,837,837,82015,0.666666666666667,1,37270,82015,2003,840,6,7,1150440,0,1,1,0.59455179,4
"662","82015.2004",662,838,838,82015,0.857142857142857,1,37271,82015,2004,840,7,10,1150440,0,1,1,0.56715236,3
"663","82015.2007",663,839,839,82015,1.125,1,37272,82015,2007,840,8,32,1120134,1,1,1,0.494963573,7
"664","82015.2008",664,840,840,82015,1.25,1,37273,82015,2008,840,8,27,1120134,0,1,1,0.493506494,9
"665","82015.2009",665,841,841,82015,1,1,37274,82015,2009,840,8,27,1120134,0,1,1,0.493443142,8
"666","82015.2010",666,842,842,82015,1,1,37275,82015,2010,840,8,24,1120134,1,1,1,0.472537219,7
"667","82015.2011",667,843,843,82015,1.125,1,37276,82015,2011,840,8,25,1120134,0,1,1,0.45901172,7
"668","82015.2012",668,844,844,82015,0.875,1,37277,82015,2012,840,8,17,1120134,0,1,1,0.467500792,5
"669","82015.2013",669,845,845,82015,0.75,1,37278,82015,2013,840,8,20,1120134,0,1,1,0.463002851,7
"670","82015.2014",670,846,846,82015,1,1,37279,82015,2014,840,8,15,1120134,0,1,1,0.462147608,7
"671","82015.2015",671,847,847,82015,1,1,37280,82015,2015,840,8,13,1120134,0,1,1,0.461514096,6
"672","82015.2016",672,848,848,82015,1,1,37281,82015,2016,840,8,12,1120134,0,1,1,0.457396262,6
"673","82015.2017",673,849,849,82015,0.625,1,37282,82015,2017,840,8,10,1120134,1,1,1,0.449540703,6
"674","82015.2019",674,850,850,82015,0.375,1,37283,82015,2019,840,8,8,1151637,0,1,2,0.448590434,9
"675","82037.2019",675,851,851,27031,1.33333333333333,2,37580,82037,2019,840,9,30,1091350,0,1,2,0.390595397,11
"676","82040.2019",676,852,852,80112,1,2,37598,82040,2019,840,5,9,1091030,0,1,1,0.55779904,6
"677","82040.2019",677,853,853,27031,1,2,37598,82040,2019,840,5,9,1091030,0,1,1,0.55779904,6
"678","82130.2019",678,854,854,82015,1.16666666666667,2,37672,82130,2019,840,6,17,990378,0,1,1,0.70138566,13
"679","82904.2019",679,855,855,80112,0.4,2,37789,82904,2019,840,5,5,1041182,2,0,2,0.730910974,6
"680","83032.2019",680,856,856,42122,0.75,2,38183,83032,2019,840,4,3,1090390,0,1,1,0.525288279,1
"681","83034.2019",681,857,857,42122,0.25,2,38216,83034,2019,840,4,1,1060197,0,1,1,0.736358205,1
"682","83045.2019",682,858,858,7013,0.333333333333333,2,38293,83045,2019,840,6,3,1080142,0,1,1,0.484876687,3
"683","83045.2019",683,859,859,42122,0.333333333333333,2,38293,83045,2019,840,6,3,1080142,0,1,1,0.484876687,3
"684","83057.2019",684,860,860,42122,0,2,38409,83057,2019,840,8,0,1070367,0,1,1,0.54139929,1
"685","83057.2019",685,861,861,7013,0,2,38409,83057,2019,840,8,0,1070367,0,1,1,0.54139929,1
"686","83068.2019",686,862,862,7111,1,2,38545,83068,2019,840,6,9,1000642,3,0,1,0.434517324,7
"687","83068.2019",687,863,863,42122,1,2,38545,83068,2019,840,6,9,1000642,3,0,1,0.434517324,7
"688","83069.2019",688,864,864,42122,0.111111111111111,2,38563,83069,2019,840,9,2,1070367,0,1,1,0.440188441,2
"689","83069.2019",689,865,865,7111,0.111111111111111,2,38563,83069,2019,840,9,2,1070367,0,1,1,0.440188441,2
"690","83147.2019",690,866,866,42122,0.375,2,39092,83147,2019,840,8,4,1140329,0,1,1,0.406577556,5
"691","83333.2019",691,867,867,7013,0.666666666666667,2,39534,83333,2019,840,3,3,1150700,0,1,1,0.561050328,2
"692","83333.2019",692,868,868,42122,0.666666666666667,2,39534,83333,2019,840,3,3,1150700,0,1,1,0.561050328,2
"693","83335.2019",693,869,869,42122,0.714285714285714,2,39564,83335,2019,840,7,5,1140329,0,1,1,0.508375575,4
"694","88001.2019",694,870,870,63232,0,2,41603,88001,2019,840,6,0,990895,0,1,1,0.76539391,1
"695","88001.2019",695,871,871,88025,0,2,41603,88001,2019,840,6,0,990895,0,1,1,0.76539391,1
"696","88003.2019",696,872,872,88023,0.833333333333333,2,41621,88003,2019,840,6,9,990526,0,1,1,0.80024983,7
"697","88003.2019",697,873,873,88914,0.833333333333333,2,41621,88003,2019,840,6,9,990526,0,1,1,0.80024983,7
"698","88006.2019",698,874,874,88025,1.2,2,41675,88006,2019,840,5,8,1030690,0,0,1,0.504207735,8
"699","88008.2019",699,876,876,88914,0.5,2,41711,88008,2019,840,2,3,990897,0,1,1,0.732266345,5
"700","88008.2019",700,877,877,88028,0.5,2,41711,88008,2019,840,2,3,990897,0,1,1,0.732266345,5
"701","88008.2019",701,878,878,63024,0.5,2,41711,88008,2019,840,2,3,990897,0,1,1,0.732266345,5
"702","88008.2019",702,879,879,88023,0.5,2,41711,88008,2019,840,2,3,990897,0,1,1,0.732266345,5
"703","88008.2019",703,880,880,88025,0.5,2,41711,88008,2019,840,2,3,990897,0,1,1,0.732266345,5
"704","88010.2019",704,881,881,63109,1.77777777777778,2,41726,88010,2019,840,9,20,970211,0,0,1,0.34225824,12
"705","88014.2019",705,882,882,63232,0.285714285714286,2,41746,88014,2019,840,7,7,1150313,2,1,1,0.638605132,3
"706","88014.2019",706,883,883,80112,0.285714285714286,2,41746,88014,2019,840,7,7,1150313,2,1,1,0.638605132,3
"707","88018.2019",707,884,884,88023,0,2,41774,88018,2019,840,4,0,1140713,0,1,1,0.803418803,7
"708","88021.2019",708,885,885,88049,0,2,41800,88021,2019,840,3,1,1151489,0,1,1,0.696614188,2
"709","88021.2019",709,886,886,63109,0,2,41800,88021,2019,840,3,1,1151489,0,1,1,0.696614188,2
"710","88021.2019",710,887,887,63024,0,2,41800,88021,2019,840,3,1,1151489,0,1,1,0.696614188,2
"711","88021.2019",711,888,888,63232,0,2,41800,88021,2019,840,3,1,1151489,0,1,1,0.696614188,2
"712","88021.2019",712,889,889,88023,0,2,41800,88021,2019,840,3,1,1151489,0,1,1,0.696614188,2
"713","88021.2019",713,890,890,88914,0,2,41800,88021,2019,840,3,1,1151489,0,1,1,0.696614188,2
"714","88021.2019",714,891,891,88025,0,2,41800,88021,2019,840,3,1,1151489,0,1,1,0.696614188,2
"715","88023.2000",715,892,892,88023,0,1,41801,88023,2000,840,5,1,1040261,0,1,1,0.81362996,2
"716","88023.2001",716,893,893,88023,0.5,1,41802,88023,2001,840,5,3,1040261,0,1,1,0.809286217,3
"717","88023.2002",717,894,894,88023,0.333333333333333,1,41803,88023,2002,840,5,2,1040261,0,1,1,0.795638648,2
"718","88023.2003",718,895,895,88023,0.333333333333333,1,41804,88023,2003,840,5,3,1040261,0,1,1,0.795609298,4
"719","88023.2004",719,896,896,88023,0.666666666666667,1,41805,88023,2004,840,5,4,1040261,1,1,1,0.794112468,3
"720","88023.2005",720,897,897,88023,0.333333333333333,1,41806,88023,2005,840,5,3,1040261,0,1,1,0.758423339,5
"721","88023.2006",721,898,898,88023,0.5,1,41807,88023,2006,840,5,3,1040261,0,1,1,0.744658371,3
"722","88023.2007",722,899,899,88023,0.333333333333333,1,41808,88023,2007,840,5,3,1040261,1,1,1,0.74392463,5
"723","88023.2008",723,900,900,88023,0.333333333333333,1,41809,88023,2008,840,5,3,1040261,0,1,1,0.743396337,5
"724","88023.2009",724,901,901,88023,0.833333333333333,1,41810,88023,2009,840,5,5,1040261,2,1,1,0.723115755,4
"725","88023.2010",725,902,902,88023,0.333333333333333,1,41811,88023,2010,840,5,4,1040261,0,1,1,0.699841512,5
"726","88023.2011",726,903,903,88023,0.5,1,41812,88023,2011,840,5,5,1040261,0,1,1,0.675422634,6
"727","88023.2012",727,904,904,88023,0.5,1,41813,88023,2012,840,5,4,1040261,0,1,1,0.73030641,5
"728","88023.2013",728,905,905,88023,0.333333333333333,1,41814,88023,2013,840,5,3,1040261,1,1,1,0.730834703,5
"729","88023.2014",729,906,906,88023,0.333333333333333,1,41815,88023,2014,840,5,3,1040261,0,1,1,0.730776004,4
"730","88023.2015",730,907,907,88023,0.571428571428571,1,41816,88023,2015,840,6,6,1040261,0,1,1,0.693678093,6
"731","88023.2016",731,908,908,88023,0.375,1,41817,88023,2016,840,7,7,1040261,1,1,1,0.639821554,6
"732","88023.2017",732,909,909,88023,0.25,1,41818,88023,2017,840,7,4,1040261,0,1,1,0.599025593,4
"733","88023.2018",733,910,910,88023,0.375,1,41819,88023,2018,840,7,7,1040261,0,1,1,0.589340221,6
"734","88023.2019",734,911,911,88023,0.375,1,41820,88023,2019,840,7,6,1040261,1,1,1,0.576661188,6
"735","88025.2000",735,912,912,88025,0.75,1,41835,88025,2000,840,4,5,980518,3,1,1,0.768029315,6
"736","88025.2001",736,913,913,88025,1,1,41836,88025,2001,840,4,5,980518,1,1,1,0.747604602,8
"737","88025.2002",737,914,914,88025,0.75,1,41837,88025,2002,840,4,4,980518,0,1,1,0.725858289,7
"738","88025.2003",738,915,915,88025,0.75,1,41838,88025,2003,840,4,4,980518,1,1,1,0.699906887,6
"739","88025.2004",739,916,916,88025,1,1,41839,88025,2004,840,4,4,980518,3,1,1,0.696933289,6
"740","88025.2005",740,917,917,88025,0.5,1,41840,88025,2005,840,4,2,980518,1,1,1,0.690655693,6
"741","88025.2008",741,918,918,88025,0.8,1,41841,88025,2008,840,5,6,1000516,0,1,1,0.638662782,7
"742","88025.2009",742,919,919,88025,1,1,41842,88025,2009,840,5,6,1000516,1,0,1,0.627128826,7
"743","88025.2010",743,920,920,88025,0.6,1,41843,88025,2010,840,5,5,1000516,1,0,1,0.617667378,8
"744","88025.2011",744,921,921,88025,1.2,1,41844,88025,2011,840,5,7,1000516,1,0,1,0.615294506,6
"745","88025.2012",745,922,922,88025,0.6,1,41845,88025,2012,840,5,3,1000516,0,0,1,0.648845103,4
"746","88025.2013",746,923,923,88025,0.6,1,41846,88025,2013,840,5,5,1000516,1,0,1,0.627639444,5
"747","88025.2014",747,924,924,88025,0.6,1,41847,88025,2014,840,5,4,1000516,2,1,1,0.613101853,4
"748","88025.2015",748,925,925,88025,1,1,41848,88025,2015,840,5,6,1000516,0,1,1,0.588442015,7
"749","88025.2017",749,926,926,88025,1,1,41849,88025,2017,840,6,7,1120696,0,1,2,0.573333734,5
"750","88025.2018",750,927,927,88025,0.625,1,41850,88025,2018,840,8,6,1120696,0,0,1,0.515063227,3
"751","88025.2019",751,928,928,88025,0.625,1,41851,88025,2019,840,8,8,1120725,1,1,2,0.501156399,6
"752","88026.2019",752,929,929,63232,1,2,41870,88026,2019,840,6,10,1160323,0,0,1,0.536752534,9
"753","88026.2019",753,931,931,63024,1,2,41870,88026,2019,840,6,10,1160323,0,0,1,0.536752534,9
"754","88028.2000",754,932,932,88028,0.4,1,41871,88028,2000,840,5,3,980518,1,1,1,0.733887376,6
"755","88028.2001",755,933,933,88028,1,1,41872,88028,2001,840,5,7,980518,0,1,1,0.733887376,7
"756","88028.2002",756,934,934,88028,0.8,1,41873,88028,2002,840,5,6,980518,0,1,1,0.717695945,7
"757","88028.2003",757,935,935,88028,0.8,1,41874,88028,2003,840,5,6,980518,0,1,1,0.712766872,6
"758","88028.2004",758,936,936,88028,0.8,1,41875,88028,2004,840,5,6,980518,1,1,1,0.688465396,5
"759","88028.2005",759,937,937,88028,1.2,1,41876,88028,2005,840,5,8,980518,1,1,1,0.674738501,8
"760","88028.2006",760,938,938,88028,0.4,1,41877,88028,2006,840,5,4,980518,1,1,1,0.660495773,5
"761","88028.2007",761,939,939,88028,0.6,1,41878,88028,2007,840,5,9,980518,1,1,1,0.626307494,6
"762","88028.2008",762,940,940,88028,0.8,1,41879,88028,2008,840,5,10,980518,1,1,1,0.624100874,6
"763","88028.2009",763,941,941,88028,0.8,1,41880,88028,2009,840,5,7,980518,1,1,1,0.611319673,6
"764","88028.2010",764,942,942,88028,0.6,1,41881,88028,2010,840,5,5,980518,1,1,1,0.609227683,4
"765","88028.2011",765,943,943,88028,0.6,1,41882,88028,2011,840,5,4,980518,1,1,1,0.59868176,5
"766","88028.2012",766,944,944,88028,0.5,1,41883,88028,2012,840,6,6,980518,1,1,1,0.607250322,4
"767","88028.2013",767,945,945,88028,0.5,1,41884,88028,2013,840,6,7,980518,1,1,1,0.609657544,4
"768","88028.2014",768,946,946,88028,0.625,1,41885,88028,2014,840,8,9,980518,2,1,1,0.512394326,4
"769","88028.2015",769,947,947,88028,0.75,1,41886,88028,2015,840,8,11,980518,2,1,1,0.486373406,6
"770","88028.2016",770,948,948,88028,0.75,1,41887,88028,2016,840,8,10,980518,0,1,1,0.456168506,7
"771","88028.2017",771,949,949,88028,1.125,1,41888,88028,2017,840,8,18,980518,1,1,1,0.421922912,7
"772","88028.2018",772,950,950,88028,1,1,41889,88028,2018,840,8,17,980518,1,1,1,0.421349764,5
"773","88028.2019",773,951,951,88028,0.875,1,41890,88028,2019,840,8,11,980518,1,1,1,0.416334718,4
"774","88029.2019",774,952,952,63109,0.75,2,41910,88029,2019,840,8,9,1190943,2,1,1,0.370087496,7
"775","88029.2019",775,953,953,63311,0.75,2,41910,88029,2019,840,8,9,1190943,2,1,1,0.370087496,7
"776","88031.2019",776,954,954,63311,0.125,2,41942,88031,2019,840,8,3,1070306,0,1,1,0.454710201,5
"777","88031.2019",777,955,955,88028,0.125,2,41942,88031,2019,840,8,3,1070306,0,1,1,0.454710201,5
"778","88031.2019",778,956,956,63109,0.125,2,41942,88031,2019,840,8,3,1070306,0,1,1,0.454710201,5
"779","88036.2019",779,960,960,80112,0,2,41965,88036,2019,840,9,0,1091210,0,1,1,0.810400244,0
"780","88040.2019",780,963,963,63311,0.7,2,42010,88040,2019,840,9,13,1030636,0,1,1,0.465563519,9
"781","88041.2019",781,965,965,63311,0.857142857142857,2,42028,88041,2019,840,7,6,1020487,1,1,1,0.400965046,6
"782","88041.2019",782,967,967,63109,0.857142857142857,2,42028,88041,2019,840,7,6,1020487,1,1,1,0.400965046,6
"783","88049.2000",783,968,968,88049,0.571428571428571,1,42111,88049,2000,840,7,4,1190386,2,1,1,0.706571319,4
"784","88049.2001",784,969,969,88049,0.428571428571429,1,42112,88049,2001,840,7,4,1190386,1,1,1,0.687266414,3
"785","88049.2002",785,970,970,88049,0.571428571428571,1,42113,88049,2002,840,7,5,1190386,2,1,1,0.686883847,4
"786","88049.2003",786,971,971,88049,0,1,42114,88049,2003,840,7,2,1190386,1,1,1,0.667667226,3
"787","88049.2004",787,972,972,88049,0.285714285714286,1,42115,88049,2004,840,7,4,1190386,2,1,1,0.663694417,5
"788","88049.2005",788,973,973,88049,0.571428571428571,1,42116,88049,2005,840,7,5,1190386,1,1,1,0.661369589,3
"789","88049.2007",789,974,974,88049,0.428571428571429,1,42117,88049,2007,840,7,4,1190386,0,1,1,0.628586563,4
"790","88049.2009",790,975,975,88049,0.857142857142857,1,42118,88049,2009,840,7,7,1020487,0,1,2,0.602925164,7
"791","88049.2010",791,976,976,88049,0.571428571428571,1,42119,88049,2010,840,7,10,1020487,1,1,1,0.597686943,5
"792","88049.2011",792,977,977,88049,0.714285714285714,1,42120,88049,2011,840,7,8,1020487,2,1,1,0.597157235,7
"793","88049.2012",793,978,978,88049,0.857142857142857,1,42121,88049,2012,840,7,10,1020487,2,1,1,0.604278862,6
"794","88049.2013",794,979,979,88049,2,1,42122,88049,2013,840,7,17,1020487,2,1,1,0.603278303,10
"795","88049.2014",795,980,980,88049,1,1,42123,88049,2014,840,7,11,1020487,0,1,1,0.602454313,8
"796","88049.2015",796,981,981,88049,0.571428571428571,1,42124,88049,2015,840,7,9,1020487,0,1,1,0.595568112,9
"797","88049.2016",797,982,982,88049,0.625,1,42125,88049,2016,840,8,10,1020487,0,1,1,0.51996704,6
"798","88049.2019",798,983,983,88049,1.25,1,42126,88049,2019,840,8,14,1020487,3,1,1,0.485624319,9
"799","88051.2019",799,986,986,63109,0.5,2,42159,88051,2019,840,6,6,1150822,1,1,1,0.439011182,7
"800","88910.2019",800,987,987,88023,0,2,42299,88910,2019,840,6,1,1041154,0,0,1,0.738498344,2
"801","88910.2019",801,988,988,63311,0,2,42299,88910,2019,840,6,1,1041154,0,0,1,0.738498344,2
"802","88910.2019",802,989,989,88914,0,2,42299,88910,2019,840,6,1,1041154,0,0,1,0.738498344,2
"803","88910.2019",803,991,991,63109,0,2,42299,88910,2019,840,6,1,1041154,0,0,1,0.738498344,2
"804","88910.2019",804,993,993,63024,0,2,42299,88910,2019,840,6,1,1041154,0,0,1,0.738498344,2
"805","88910.2019",805,994,994,88028,0,2,42299,88910,2019,840,6,1,1041154,0,0,1,0.738498344,2
"806","88911.2019",806,995,995,88914,0,2,42302,88911,2019,840,1,1,990886,1,0,1,0.604344408,5
"807","88911.2019",807,997,997,63024,0,2,42302,88911,2019,840,1,1,990886,1,0,1,0.604344408,5
"808","88911.2019",808,998,998,63311,0,2,42302,88911,2019,840,1,1,990886,1,0,1,0.604344408,5
"809","88911.2019",809,999,999,88025,0,2,42302,88911,2019,840,1,1,990886,1,0,1,0.604344408,5
"810","88911.2019",810,1001,1001,88049,0,2,42302,88911,2019,840,1,1,990886,1,0,1,0.604344408,5
"811","88911.2019",811,1002,1002,63232,0,2,42302,88911,2019,840,1,1,990886,1,0,1,0.604344408,5
"812","88911.2019",812,1003,1003,88028,0,2,42302,88911,2019,840,1,1,990886,1,0,1,0.604344408,5
"813","88911.2019",813,1004,1004,63109,0,2,42302,88911,2019,840,1,1,990886,1,0,1,0.604344408,5
"814","88914.2000",814,1005,1005,88914,0.333333333333333,1,42303,88914,2000,840,3,3,970211,0,0,1,0.835212069,5
"815","88914.2001",815,1006,1006,88914,0.25,1,42304,88914,2001,840,3,4,970211,0,0,1,0.831596926,3
"816","88914.2002",816,1007,1007,88914,1,1,42305,88914,2002,840,3,7,970211,0,0,1,0.814517506,7
"817","88914.2003",817,1008,1008,88914,0.6,1,42306,88914,2003,840,4,10,970211,0,0,1,0.797466553,4
"818","88914.2004",818,1009,1009,88914,0.2,1,42307,88914,2004,840,4,4,970211,0,0,1,0.790606319,4
"819","88914.2005",819,1010,1010,88914,0.2,1,42308,88914,2005,840,4,5,970211,0,0,1,0.775604896,5
"820","88914.2006",820,1011,1011,88914,0.5,1,42309,88914,2006,840,5,7,970211,0,0,1,0.741702249,4
"821","88914.2007",821,1012,1012,88914,0.833333333333333,1,42310,88914,2007,840,5,11,970211,0,0,1,0.727526331,8
"822","88914.2008",822,1013,1013,88914,0.333333333333333,1,42311,88914,2008,840,5,6,970211,0,0,1,0.697665813,4
"823","88914.2009",823,1014,1014,88914,1,1,42312,88914,2009,840,5,9,970211,0,0,1,0.677682892,5
"824","88914.2010",824,1015,1015,88914,0.666666666666667,1,42313,88914,2010,840,5,10,970211,0,0,1,0.675661827,4
"825","88914.2011",825,1016,1016,88914,0.428571428571429,1,42314,88914,2011,840,6,10,970211,0,0,1,0.673384572,6
"826","88914.2012",826,1017,1017,88914,0.666666666666667,1,42315,88914,2012,840,6,10,970211,0,0,1,0.734358098,5
"827","88914.2013",827,1018,1018,88914,0.666666666666667,1,42316,88914,2013,840,6,8,970211,0,0,1,0.745886707,3
"828","88914.2014",828,1019,1019,88914,0.666666666666667,1,42317,88914,2014,840,6,9,970211,0,0,1,0.720210646,3
"829","88914.2015",829,1020,1020,88914,0.833333333333333,1,42318,88914,2015,840,6,8,970211,0,0,1,0.699345289,6
"830","88914.2016",830,1021,1021,88914,1.16666666666667,1,42319,88914,2016,840,6,14,970211,0,0,1,0.69530316,7
"831","88914.2017",831,1022,1022,88914,1.16666666666667,1,42320,88914,2017,840,6,13,970211,0,0,1,0.686450327,6
"832","88914.2018",832,1023,1023,88914,0.833333333333333,1,42321,88914,2018,840,6,9,970211,0,0,1,0.637176203,5
"833","88914.2019",833,1024,1024,88914,0.833333333333333,1,42322,88914,2019,840,6,14,970211,0,0,1,0.61323655,5
"834","88915.2019",834,1026,1026,88023,0,2,42340,88915,2019,840,4,0,981356,2,0,1,0.576698805,4
"835","88915.2019",835,1029,1029,63024,0,2,42340,88915,2019,840,4,0,981356,2,0,1,0.576698805,4
"836","88915.2019",836,1030,1030,88049,0,2,42340,88915,2019,840,4,0,981356,2,0,1,0.576698805,4
"837","88915.2019",837,1031,1031,88025,0,2,42340,88915,2019,840,4,0,981356,2,0,1,0.576698805,4
"838","88915.2019",838,1032,1032,63109,0,2,42340,88915,2019,840,4,0,981356,2,0,1,0.576698805,4
"839","88915.2019",839,1033,1033,63311,0,2,42340,88915,2019,840,4,0,981356,2,0,1,0.576698805,4
"840","88915.2019",840,1034,1034,63232,0,2,42340,88915,2019,840,4,0,981356,2,0,1,0.576698805,4
"841","88915.2019",841,1035,1035,88028,0,2,42340,88915,2019,840,4,0,981356,2,0,1,0.576698805,4
"842","88916.2019",842,1036,1036,63024,0.8,2,42359,88916,2019,840,5,6,1080685,0,0,1,0.520851089,6
"843","88923.2019",843,1038,1038,88023,0,2,42394,88923,2019,840,5,0,1041167,0,0,1,0.808843248,1
"844","88923.2019",844,1039,1039,88914,0,2,42394,88923,2019,840,5,0,1041167,0,0,1,0.808843248,1
"845","89001.2019",845,1040,1040,11402,0,2,42434,89001,2019,840,5,3,1040387,1,1,1,0.581266663,2
"846","89009.2019",846,1041,1041,11402,0,2,42549,89009,2019,840,3,0,1100112,0,1,1,0.483261633,1
"847","89010.2019",847,1042,1042,11402,0,2,42565,89010,2019,840,4,4,1110033,0,1,1,0.582414077,2
"848","89017.2019",848,1043,1043,11402,0.166666666666667,2,42623,89017,2019,840,6,2,1151475,2,1,1,0.729523521,3
"849","89041.2019",849,1044,1044,11402,0.857142857142857,2,42916,89041,2019,840,7,14,1020567,0,1,1,0.587368211,8
"850","89059.2019",850,1045,1045,11402,0,2,43095,89059,2019,840,5,1,1020567,0,1,1,0.646057113,3
"851","89907.2019",851,1046,1046,11402,0.5,2,43473,89907,2019,840,6,7,1120653,0,0,1,0.473991452,5
"852","90001.2019",852,1047,1047,88025,1.42857142857143,2,43524,90001,2019,840,7,17,1190945,0,1,1,0.693684967,6
"853","90001.2019",853,1048,1048,63232,1.42857142857143,2,43524,90001,2019,840,7,17,1190945,0,1,1,0.693684967,6
"854","90001.2019",854,1049,1049,63024,1.42857142857143,2,43524,90001,2019,840,7,17,1190945,0,1,1,0.693684967,6
"855","90002.2019",855,1050,1050,63232,0.75,2,43538,90002,2019,840,4,6,1190946,0,0,1,0.690630024,6
"856","90002.2019",856,1051,1051,88025,0.75,2,43538,90002,2019,840,4,6,1190946,0,0,1,0.690630024,6
"857","90002.2019",857,1052,1052,63024,0.75,2,43538,90002,2019,840,4,6,1190946,0,0,1,0.690630024,6
"858","90003.2019",858,1053,1053,88914,0.2,2,43558,90003,2019,840,5,2,1190590,2,1,1,0.794875486,3
"859","90003.2019",859,1054,1054,88023,0.2,2,43558,90003,2019,840,5,2,1190590,2,1,1,0.794875486,3
"860","90004.2019",860,1055,1055,88023,1,2,43568,90004,2019,840,4,7,981415,2,1,1,0.751500669,7
"861","90005.2019",861,1056,1056,88028,1,2,43585,90005,2019,840,7,13,1190622,2,1,1,0.625289017,5
"862","90005.2019",862,1057,1057,88049,1,2,43585,90005,2019,840,7,13,1190622,2,1,1,0.625289017,5
"863","90005.2019",863,1058,1058,63232,1,2,43585,90005,2019,840,7,13,1190622,2,1,1,0.625289017,5
"864","90005.2019",864,1059,1059,80112,1,2,43585,90005,2019,840,7,13,1190622,2,1,1,0.625289017,5
"865","90005.2019",865,1060,1060,63024,1,2,43585,90005,2019,840,7,13,1190622,2,1,1,0.625289017,5
"866","90005.2019",866,1061,1061,88025,1,2,43585,90005,2019,840,7,13,1190622,2,1,1,0.625289017,5
"867","90006.2019",867,1062,1062,88025,0.285714285714286,2,43601,90006,2019,840,6,8,1190945,5,0,1,0.633105653,4
"868","90006.2019",868,1063,1063,88028,0.285714285714286,2,43601,90006,2019,840,6,8,1190945,5,0,1,0.633105653,4
"869","90006.2019",869,1064,1064,63024,0.285714285714286,2,43601,90006,2019,840,6,8,1190945,5,0,1,0.633105653,4
"870","90006.2019",870,1065,1065,63232,0.285714285714286,2,43601,90006,2019,840,6,8,1190945,5,0,1,0.633105653,4
"871","90008.2019",871,1066,1066,63232,0.6,2,43622,90008,2019,840,4,7,1190945,0,1,1,0.676733673,7
"872","90008.2019",872,1067,1067,88028,0.6,2,43622,90008,2019,840,4,7,1190945,0,1,1,0.676733673,7
"873","90014.2019",873,1068,1068,88023,1.5,2,43675,90014,2019,840,8,25,1020349,0,1,1,0.694842284,11
"874","90023.2019",874,1069,1069,88914,1.4,2,43785,90023,2019,840,5,12,1020546,1,1,1,0.861376994,9
"875","90025.2019",875,1070,1070,88023,0.4,2,43800,90025,2019,840,4,2,1140760,4,1,2,0.818156425,3
"876","90031.2019",876,1071,1071,63024,1.11111111111111,2,43909,90031,2019,840,9,13,1030642,1,1,1,0.532819103,8
"877","90033.2019",877,1072,1072,88025,1,2,43935,90033,2019,840,6,10,1110227,0,1,1,0.743930102,7
"878","90033.2019",878,1073,1073,88914,1,2,43935,90033,2019,840,6,10,1110227,0,1,1,0.743930102,7
"879","90033.2019",879,1074,1074,63024,1,2,43935,90033,2019,840,6,10,1110227,0,1,1,0.743930102,7
"880","90033.2019",880,1075,1075,88023,1,2,43935,90033,2019,840,6,10,1110227,0,1,1,0.743930102,7
"881","90038.2019",881,1076,1076,88049,1.66666666666667,2,44000,90038,2019,840,6,17,981444,1,1,1,0.546997781,7
"882","90044.2019",882,1077,1077,88028,1.71428571428571,2,44084,90044,2019,840,7,20,1151470,2,0,1,0.515953004,8
"883","90044.2019",883,1078,1078,88025,1.71428571428571,2,44084,90044,2019,840,7,20,1151470,2,0,1,0.515953004,8
"884","90046.2019",884,1079,1079,63232,0.714285714285714,2,44103,90046,2019,840,7,11,981327,1,1,1,0.711552922,8
"885","90046.2019",885,1080,1080,88049,0.714285714285714,2,44103,90046,2019,840,7,11,981327,1,1,1,0.711552922,8
"886","90046.2019",886,1081,1081,88023,0.714285714285714,2,44103,90046,2019,840,7,11,981327,1,1,1,0.711552922,8
"887","90046.2019",887,1082,1082,88914,0.714285714285714,2,44103,90046,2019,840,7,11,981327,1,1,1,0.711552922,8
"888","90046.2019",888,1083,1083,88028,0.714285714285714,2,44103,90046,2019,840,7,11,981327,1,1,1,0.711552922,8
"889","90048.2019",889,1084,1084,88914,0.5,2,44123,90048,2019,840,2,3,1041122,0,1,1,0.739626853,5
"890","90048.2019",890,1085,1085,88023,0.5,2,44123,90048,2019,840,2,3,1041122,0,1,1,0.739626853,5
"891","90048.2019",891,1086,1086,88028,0.5,2,44123,90048,2019,840,2,3,1041122,0,1,1,0.739626853,5
"892","90052.2019",892,1087,1087,88023,3,2,44150,90052,2019,840,1,5,1160373,1,1,1,0.588667748,8
"893","90053.2019",893,1088,1088,88049,1.5,2,44168,90053,2019,840,6,15,1030642,0,1,1,0.655539018,9
"894","90149.2019",894,1089,1089,63024,0.333333333333333,2,44213,90149,2019,840,4,10,981415,2,0,1,0.761416375,7
"895","90149.2019",895,1090,1090,88914,0.333333333333333,2,44213,90149,2019,840,4,10,981415,2,0,1,0.761416375,7
"896","90902.2019",896,1091,1091,88914,0.2,2,44247,90902,2019,840,5,6,981327,0,0,1,0.805776313,4
