"","Transect","X.3","X.2","RouteNumber","X.1","X","ref","Year","CountryNum","NumStops","Richness","ObsN","StartWind","RunType","FirstObs","Forest.cover","RouteName","Ecoregion_L1Code","Ecoregion_L1Name","space.time","Elevation","Richness_ALL"
"1","2007.2019",1,1,2007,1,1,82015,2019,840,3,19,1190801,0,1,1,0.605789763,"SWAIM",8,"EASTERN TEMPERATE FORESTS",2,181,19
"2","2010.2019",2,2,2010,2,2,2021,2019,840,2,10,1150772,1,1,1,0.481098475,"MILLERVILLE",8,"EASTERN TEMPERATE FORESTS",2,180.5,20
"3","2013.2019",3,3,2013,3,3,82015,2019,840,3,17,1070595,1,1,1,0.51032162,"GREENSPORT",8,"EASTERN TEMPERATE FORESTS",2,179,25
"4","2014.2019",4,4,2014,4,4,2021,2019,840,5,11,1091346,1,1,2,0.628318863,"SMYER LAKE",8,"EASTERN TEMPERATE FORESTS",2,179.5,7
"5","2015.2019",5,5,2015,5,5,82015,2019,840,1,3,1020556,0,1,1,0.679392069,"MT OLIVE",8,"EASTERN TEMPERATE FORESTS",2,184.3333333,14
"6","2015.2019",6,6,2015,6,6,2021,2019,840,1,3,1020556,0,1,1,0.679392069,"MT OLIVE",8,"EASTERN TEMPERATE FORESTS",2,184.3333333,14
"7","2016.2019",7,7,2016,7,7,2021,2019,840,5,16,1080658,0,1,1,0.568419713,"HOWARD",8,"EASTERN TEMPERATE FORESTS",2,179,17
"8","2016.2019",8,8,2016,8,8,82015,2019,840,5,16,1080658,0,1,1,0.568419713,"HOWARD",8,"EASTERN TEMPERATE FORESTS",2,179,17
"9","2017.2019",9,9,2017,9,9,82015,2019,840,5,20,1050007,0,1,1,0.726739971,"MAYTOWN",8,"EASTERN TEMPERATE FORESTS",2,183,17
"10","2017.2019",10,10,2017,10,10,2021,2019,840,5,20,1050007,0,1,1,0.726739971,"MAYTOWN",8,"EASTERN TEMPERATE FORESTS",2,183,17
"11","2019.2019",11,11,2019,11,11,82015,2019,840,4,17,1080658,1,1,1,0.625378568,"LIBERTY",8,"EASTERN TEMPERATE FORESTS",2,181,15
"12","2019.2019",12,12,2019,12,12,2021,2019,840,4,17,1080658,1,1,1,0.625378568,"LIBERTY",8,"EASTERN TEMPERATE FORESTS",2,181,15
"13","2020.2019",13,13,2020,13,13,2038,2019,840,1,5,981466,0,1,2,0.536423841,"RIDERWOOD",8,"EASTERN TEMPERATE FORESTS",2,177,19
"14","2020.2019",14,14,2020,14,14,2021,2019,840,1,5,981466,0,1,2,0.536423841,"RIDERWOOD",8,"EASTERN TEMPERATE FORESTS",2,177,19
"15","2020.2019",15,15,2020,15,15,2066,2019,840,1,5,981466,0,1,2,0.536423841,"RIDERWOOD",8,"EASTERN TEMPERATE FORESTS",2,177,19
"16","2021.2000",16,16,2021,262,1,2021,2000,840,6,12,1160079,1,1,1,0.77384222,"LINDEN",8,"EASTERN TEMPERATE FORESTS",1,179.6666667,14
"17","2021.2001",17,17,2021,263,2,2021,2001,840,5,14,1160079,1,1,1,0.685355305,"LINDEN",8,"EASTERN TEMPERATE FORESTS",1,179.6666667,17
"18","2021.2002",18,18,2021,264,3,2021,2002,840,4,8,1160079,2,1,1,0.614641538,"LINDEN",8,"EASTERN TEMPERATE FORESTS",1,179.6666667,14
"19","2021.2003",19,19,2021,265,4,2021,2003,840,4,14,1160079,0,1,1,0.596963096,"LINDEN",8,"EASTERN TEMPERATE FORESTS",1,179.6666667,14
"20","2021.2004",20,20,2021,266,5,2021,2004,840,4,11,1160079,0,1,1,0.581841715,"LINDEN",8,"EASTERN TEMPERATE FORESTS",1,179.6666667,12
"21","2021.2005",21,21,2021,267,6,2021,2005,840,4,7,1160079,0,1,1,0.557596995,"LINDEN",8,"EASTERN TEMPERATE FORESTS",1,179.6666667,15
"22","2021.2006",22,22,2021,268,7,2021,2006,840,4,8,1160079,0,1,1,0.545537772,"LINDEN",8,"EASTERN TEMPERATE FORESTS",1,179.6666667,12
"23","2021.2007",23,23,2021,269,8,2021,2007,840,3,7,1160079,1,1,1,0.491618524,"LINDEN",8,"EASTERN TEMPERATE FORESTS",1,179.6666667,14
"24","2021.2008",24,24,2021,270,9,2021,2008,840,3,6,1020446,0,1,1,0.488966758,"LINDEN",8,"EASTERN TEMPERATE FORESTS",1,179.6666667,13
"25","2021.2009",25,25,2021,271,10,2021,2009,840,3,5,1020446,0,1,1,0.468573413,"LINDEN",8,"EASTERN TEMPERATE FORESTS",1,179.6666667,12
"26","2021.2010",26,26,2021,272,11,2021,2010,840,3,5,1020446,0,1,1,0.417621618,"LINDEN",8,"EASTERN TEMPERATE FORESTS",1,179.6666667,12
"27","2021.2011",27,27,2021,273,12,2021,2011,840,3,5,1020446,0,1,1,0.416800833,"LINDEN",8,"EASTERN TEMPERATE FORESTS",1,179.6666667,13
"28","2021.2012",28,28,2021,274,13,2021,2012,840,4,4,1020446,0,1,1,0.537771885,"LINDEN",8,"EASTERN TEMPERATE FORESTS",1,179.6666667,8
"29","2021.2013",29,29,2021,275,14,2021,2013,840,4,8,1020446,1,1,1,0.5465164,"LINDEN",8,"EASTERN TEMPERATE FORESTS",1,179.6666667,12
"30","2021.2014",30,30,2021,276,15,2021,2014,840,4,4,1020446,1,1,1,0.530163841,"LINDEN",8,"EASTERN TEMPERATE FORESTS",1,179.6666667,7
"31","2021.2016",31,31,2021,277,16,2021,2016,840,4,15,1160379,0,1,1,0.524955015,"LINDEN",8,"EASTERN TEMPERATE FORESTS",1,179.6666667,13
"32","2021.2017",32,32,2021,278,17,2021,2017,840,4,16,1160379,2,1,1,0.514600499,"LINDEN",8,"EASTERN TEMPERATE FORESTS",1,179.6666667,16
"33","2021.2018",33,33,2021,279,18,2021,2018,840,4,12,1160379,0,1,1,0.513779714,"LINDEN",8,"EASTERN TEMPERATE FORESTS",1,179.6666667,15
"34","2021.2019",34,34,2021,280,19,2021,2019,840,4,17,1160379,1,1,1,0.501404805,"LINDEN",8,"EASTERN TEMPERATE FORESTS",1,179.6666667,14
"35","2027.2019",35,35,2027,16,16,2038,2019,840,5,40,1040579,0,1,1,0.665945211,"WARRIOR STD",8,"EASTERN TEMPERATE FORESTS",2,180,27
"36","2027.2019",36,36,2027,17,17,2066,2019,840,5,40,1040579,0,1,1,0.665945211,"WARRIOR STD",8,"EASTERN TEMPERATE FORESTS",2,180,27
"37","2028.2019",37,37,2028,18,18,27031,2019,840,2,8,1020450,0,1,1,0.579309923,"LANETT",8,"EASTERN TEMPERATE FORESTS",2,181,14
"38","2029.2019",38,38,2029,19,19,27050,2019,840,1,14,1160379,0,1,1,0.510137875,"COTTONTON",8,"EASTERN TEMPERATE FORESTS",2,181,22
"39","2030.2019",39,39,2030,20,20,2066,2019,840,3,10,1160379,0,1,1,0.433005919,"NEWTON",8,"EASTERN TEMPERATE FORESTS",2,178,15
"40","2030.2019",40,40,2030,21,21,2038,2019,840,3,10,1160379,0,1,1,0.433005919,"NEWTON",8,"EASTERN TEMPERATE FORESTS",2,178,15
"41","2038.2000",41,41,2038,281,20,2038,2000,840,5,25,990316,1,1,1,0.726009639,"CASTLEBERRY",8,"EASTERN TEMPERATE FORESTS",1,180,20
"42","2038.2001",42,42,2038,282,21,2038,2001,840,5,27,990316,1,1,1,0.707163038,"CASTLEBERRY",8,"EASTERN TEMPERATE FORESTS",1,180,20
"43","2038.2002",43,43,2038,283,22,2038,2002,840,5,28,990316,1,1,1,0.636430115,"CASTLEBERRY",8,"EASTERN TEMPERATE FORESTS",1,180,22
"44","2038.2003",44,44,2038,284,23,2038,2003,840,5,25,990316,1,1,1,0.635565897,"CASTLEBERRY",8,"EASTERN TEMPERATE FORESTS",1,180,18
"45","2038.2004",45,45,2038,285,24,2038,2004,840,5,25,990316,0,1,1,0.617483796,"CASTLEBERRY",8,"EASTERN TEMPERATE FORESTS",1,180,17
"46","2038.2005",46,46,2038,286,25,2038,2005,840,5,19,990316,1,1,1,0.579857072,"CASTLEBERRY",8,"EASTERN TEMPERATE FORESTS",1,180,17
"47","2038.2006",47,47,2038,287,26,2038,2006,840,4,18,990316,1,1,1,0.5377763,"CASTLEBERRY",8,"EASTERN TEMPERATE FORESTS",1,180,17
"48","2038.2007",48,48,2038,288,27,2038,2007,840,4,22,990316,1,1,1,0.507994017,"CASTLEBERRY",8,"EASTERN TEMPERATE FORESTS",1,180,18
"49","2038.2008",49,49,2038,289,28,2038,2008,840,4,21,990316,0,1,1,0.444274555,"CASTLEBERRY",8,"EASTERN TEMPERATE FORESTS",1,180,15
"50","2038.2009",50,50,2038,290,29,2038,2009,840,4,24,990316,1,1,1,0.436762506,"CASTLEBERRY",8,"EASTERN TEMPERATE FORESTS",1,180,21
"51","2038.2011",51,51,2038,291,30,2038,2011,840,3,13,990316,0,1,1,0.39132458,"CASTLEBERRY",8,"EASTERN TEMPERATE FORESTS",1,180,12
"52","2038.2012",52,52,2038,292,31,2038,2012,840,3,11,990316,0,1,1,0.432906764,"CASTLEBERRY",8,"EASTERN TEMPERATE FORESTS",1,180,14
"53","2038.2013",53,53,2038,293,32,2038,2013,840,3,15,990316,1,1,1,0.43779292,"CASTLEBERRY",8,"EASTERN TEMPERATE FORESTS",1,180,16
"54","2038.2014",54,54,2038,294,33,2038,2014,840,3,14,990316,1,1,1,0.434701679,"CASTLEBERRY",8,"EASTERN TEMPERATE FORESTS",1,180,14
"55","2038.2015",55,55,2038,295,34,2038,2015,840,3,14,990316,0,1,1,0.425560911,"CASTLEBERRY",8,"EASTERN TEMPERATE FORESTS",1,180,15
"56","2038.2016",56,56,2038,296,35,2038,2016,840,2,12,990316,1,1,1,0.414026924,"CASTLEBERRY",8,"EASTERN TEMPERATE FORESTS",1,180,18
"57","2038.2017",57,57,2038,297,36,2038,2017,840,2,8,990316,0,1,1,0.408043876,"CASTLEBERRY",8,"EASTERN TEMPERATE FORESTS",1,180,16
"58","2038.2018",58,58,2038,298,37,2038,2018,840,2,11,990316,1,1,1,0.40471996,"CASTLEBERRY",8,"EASTERN TEMPERATE FORESTS",1,180,18
"59","2038.2019",59,59,2038,299,38,2038,2019,840,2,7,990316,1,1,1,0.389230514,"CASTLEBERRY",8,"EASTERN TEMPERATE FORESTS",1,180,14
"60","2043.2019",60,60,2043,22,22,2038,2019,840,6,8,1070602,1,1,1,0.618549906,"BLOCTON",8,"EASTERN TEMPERATE FORESTS",2,182,7
"61","2043.2019",61,61,2043,23,23,2066,2019,840,6,8,1070602,1,1,1,0.618549906,"BLOCTON",8,"EASTERN TEMPERATE FORESTS",2,182,7
"62","2043.2019",62,62,2043,24,24,2021,2019,840,6,8,1070602,1,1,1,0.618549906,"BLOCTON",8,"EASTERN TEMPERATE FORESTS",2,182,7
"63","2047.2019",63,63,2047,25,25,2038,2019,840,2,7,980696,1,1,1,0.482177414,"JENA",8,"EASTERN TEMPERATE FORESTS",2,181,13
"64","2047.2019",64,64,2047,26,26,2021,2019,840,2,7,980696,1,1,1,0.482177414,"JENA",8,"EASTERN TEMPERATE FORESTS",2,181,13
"65","2048.2019",65,65,2048,27,27,2021,2019,840,3,9,1091285,0,1,1,0.484628725,"EPES",8,"EASTERN TEMPERATE FORESTS",2,180,15
"66","2048.2019",66,66,2048,28,28,2038,2019,840,3,9,1091285,0,1,1,0.484628725,"EPES",8,"EASTERN TEMPERATE FORESTS",2,180,15
"67","2048.2019",67,67,2048,29,29,2066,2019,840,3,9,1091285,0,1,1,0.484628725,"EPES",8,"EASTERN TEMPERATE FORESTS",2,180,15
"68","2049.2019",68,68,2049,30,30,2021,2019,840,5,20,1060416,2,1,2,0.624831804,"WEDGEWORTH",8,"EASTERN TEMPERATE FORESTS",2,182,14
"69","2049.2019",69,69,2049,31,31,2038,2019,840,5,20,1060416,2,1,2,0.624831804,"WEDGEWORTH",8,"EASTERN TEMPERATE FORESTS",2,182,14
"70","2049.2019",70,70,2049,32,32,2066,2019,840,5,20,1060416,2,1,2,0.624831804,"WEDGEWORTH",8,"EASTERN TEMPERATE FORESTS",2,182,14
"71","2050.2019",71,71,2050,33,33,2038,2019,840,1,3,1150772,0,1,1,0.419996044,"WHITEHALL",8,"EASTERN TEMPERATE FORESTS",2,180.5,17
"72","2050.2019",72,72,2050,34,34,2066,2019,840,1,3,1150772,0,1,1,0.419996044,"WHITEHALL",8,"EASTERN TEMPERATE FORESTS",2,180.5,17
"73","2052.2019",73,73,2052,35,35,2038,2019,840,2,7,990316,0,1,1,0.644259012,"ESCATAWPA",8,"EASTERN TEMPERATE FORESTS",2,178,17
"74","2052.2019",74,74,2052,36,36,2021,2019,840,2,7,990316,0,1,1,0.644259012,"ESCATAWPA",8,"EASTERN TEMPERATE FORESTS",2,178,17
"75","2052.2019",75,75,2052,37,37,2066,2019,840,2,7,990316,0,1,1,0.644259012,"ESCATAWPA",8,"EASTERN TEMPERATE FORESTS",2,178,17
"76","2053.2019",76,76,2053,38,38,2038,2019,840,1,6,990316,0,1,1,0.653223037,"GROVE HILL",8,"EASTERN TEMPERATE FORESTS",2,181,18
"77","2053.2019",77,77,2053,39,39,2021,2019,840,1,6,990316,0,1,1,0.653223037,"GROVE HILL",8,"EASTERN TEMPERATE FORESTS",2,181,18
"78","2053.2019",78,78,2053,40,40,2066,2019,840,1,6,990316,0,1,1,0.653223037,"GROVE HILL",8,"EASTERN TEMPERATE FORESTS",2,181,18
"79","2058.2019",79,79,2058,41,41,82015,2019,840,4,10,1151241,1,1,1,0.653747506,"MENTONE",8,"EASTERN TEMPERATE FORESTS",2,171,16
"80","2059.2019",80,80,2059,42,42,82015,2019,840,6,19,980696,0,1,1,0.598192223,"CARROLLTON",8,"EASTERN TEMPERATE FORESTS",2,180,17
"81","2059.2019",81,81,2059,43,43,2021,2019,840,6,19,980696,0,1,1,0.598192223,"CARROLLTON",8,"EASTERN TEMPERATE FORESTS",2,180,17
"82","2060.2019",82,82,2060,44,44,82015,2019,840,2,11,1030285,0,1,1,0.548935468,"HOLT",8,"EASTERN TEMPERATE FORESTS",2,181.75,18
"83","2060.2019",83,83,2060,45,45,2021,2019,840,2,11,1030285,0,1,1,0.548935468,"HOLT",8,"EASTERN TEMPERATE FORESTS",2,181.75,18
"84","2061.2019",84,84,2061,46,46,82015,2019,840,4,20,1040614,2,1,1,0.615557113,"ODENVILLE",8,"EASTERN TEMPERATE FORESTS",2,180.6666667,19
"85","2061.2019",85,85,2061,47,47,2021,2019,840,4,20,1040614,2,1,1,0.615557113,"ODENVILLE",8,"EASTERN TEMPERATE FORESTS",2,180.6666667,19
"86","2065.2019",86,86,2065,48,48,2021,2019,840,2,7,1150772,0,1,1,0.458950158,"CALEBEE",8,"EASTERN TEMPERATE FORESTS",2,182,22
"87","2065.2019",87,87,2065,49,49,2038,2019,840,2,7,1150772,0,1,1,0.458950158,"CALEBEE",8,"EASTERN TEMPERATE FORESTS",2,182,22
"88","2065.2019",88,88,2065,50,50,2066,2019,840,2,7,1150772,0,1,1,0.458950158,"CALEBEE",8,"EASTERN TEMPERATE FORESTS",2,182,22
"89","2066.2000",89,89,2066,300,39,2066,2000,840,4,23,990316,0,1,1,0.667720432,"APPLETON",8,"EASTERN TEMPERATE FORESTS",1,179,18
"90","2066.2001",90,90,2066,301,40,2066,2001,840,4,14,990316,1,1,1,0.641502302,"APPLETON",8,"EASTERN TEMPERATE FORESTS",1,179,14
"91","2066.2002",91,91,2066,302,41,2066,2002,840,4,16,990316,1,1,1,0.641502302,"APPLETON",8,"EASTERN TEMPERATE FORESTS",1,179,16
"92","2066.2003",92,92,2066,303,42,2066,2003,840,4,15,990316,0,1,1,0.627860628,"APPLETON",8,"EASTERN TEMPERATE FORESTS",1,179,15
"93","2066.2004",93,93,2066,304,43,2066,2004,840,4,13,990316,2,1,1,0.589237853,"APPLETON",8,"EASTERN TEMPERATE FORESTS",1,179,16
"94","2066.2005",94,94,2066,305,44,2066,2005,840,4,16,990316,1,1,1,0.565047076,"APPLETON",8,"EASTERN TEMPERATE FORESTS",1,179,16
"95","2066.2006",95,95,2066,306,45,2066,2006,840,4,19,990316,1,1,1,0.559343,"APPLETON",8,"EASTERN TEMPERATE FORESTS",1,179,19
"96","2066.2007",96,96,2066,307,46,2066,2007,840,3,9,990316,1,1,1,0.518108721,"APPLETON",8,"EASTERN TEMPERATE FORESTS",1,179,18
"97","2066.2008",97,97,2066,308,47,2066,2008,840,3,7,990316,1,1,1,0.483162669,"APPLETON",8,"EASTERN TEMPERATE FORESTS",1,179,15
"98","2066.2009",98,98,2066,309,48,2066,2009,840,3,10,990316,0,1,1,0.413579823,"APPLETON",8,"EASTERN TEMPERATE FORESTS",1,179,15
"99","2066.2011",99,99,2066,310,49,2066,2011,840,3,6,990316,0,1,1,0.391416397,"APPLETON",8,"EASTERN TEMPERATE FORESTS",1,179,13
"100","2066.2012",100,100,2066,311,50,2066,2012,840,3,13,990316,1,1,1,0.431963439,"APPLETON",8,"EASTERN TEMPERATE FORESTS",1,179,14
"101","2066.2013",101,101,2066,312,51,2066,2013,840,3,11,990316,0,1,1,0.438079857,"APPLETON",8,"EASTERN TEMPERATE FORESTS",1,179,12
"102","2066.2014",102,102,2066,313,52,2066,2014,840,2,4,990316,1,1,1,0.418321765,"APPLETON",8,"EASTERN TEMPERATE FORESTS",1,179,11
"103","2066.2015",103,103,2066,314,53,2066,2015,840,2,6,990316,1,1,1,0.416981651,"APPLETON",8,"EASTERN TEMPERATE FORESTS",1,179,14
"104","2066.2016",104,104,2066,315,54,2066,2016,840,2,9,990316,1,1,1,0.414919937,"APPLETON",8,"EASTERN TEMPERATE FORESTS",1,179,14
"105","2066.2017",105,105,2066,316,55,2066,2017,840,2,7,990316,1,1,1,0.412308432,"APPLETON",8,"EASTERN TEMPERATE FORESTS",1,179,11
"106","2066.2018",106,106,2066,317,56,2066,2018,840,1,4,990316,0,1,1,0.383513161,"APPLETON",8,"EASTERN TEMPERATE FORESTS",1,179,15
"107","2066.2019",107,107,2066,318,57,2066,2019,840,1,3,990316,0,1,1,0.371349048,"APPLETON",8,"EASTERN TEMPERATE FORESTS",1,179,16
"108","2068.2019",108,108,2068,51,51,2038,2019,840,1,2,1020450,0,1,1,0.355277351,"MADRID",8,"EASTERN TEMPERATE FORESTS",2,178.5,14
"109","2068.2019",109,109,2068,52,52,2066,2019,840,1,2,1020450,0,1,1,0.355277351,"MADRID",8,"EASTERN TEMPERATE FORESTS",2,178.5,14
"110","2069.2019",110,110,2069,53,53,2038,2019,840,1,1,1030244,2,1,1,0.402818537,"GEORGETOWN",8,"EASTERN TEMPERATE FORESTS",2,179,15
"111","2069.2019",111,111,2069,54,54,2066,2019,840,1,1,1030244,2,1,1,0.402818537,"GEORGETOWN",8,"EASTERN TEMPERATE FORESTS",2,179,15
"112","2072.2019",112,112,2072,55,55,82015,2019,840,2,13,1030697,0,1,1,0.481142192,"ELKMONT",8,"EASTERN TEMPERATE FORESTS",2,180,17
"113","2105.2019",113,113,2105,56,56,82015,2019,840,1,1,1040438,0,1,1,0.422663637,"BROOKSVILLE",8,"EASTERN TEMPERATE FORESTS",2,180,11
"114","2207.2019",114,114,2207,57,57,82015,2019,840,3,13,1040438,0,1,1,0.515233373,"ONEONTA",8,"EASTERN TEMPERATE FORESTS",2,180,15
"115","2208.2019",115,115,2208,58,58,2021,2019,840,3,21,1070595,1,1,1,0.479141104,"TALLADEGA",8,"EASTERN TEMPERATE FORESTS",2,186,24
"116","2211.2019",116,116,2211,59,59,2021,2019,840,3,8,1020446,0,1,1,0.512345289,"AUTAUGAVILLE",8,"EASTERN TEMPERATE FORESTS",2,177.6666667,11
"117","2211.2019",117,117,2211,60,60,2066,2019,840,3,8,1020446,0,1,1,0.512345289,"AUTAUGAVILLE",8,"EASTERN TEMPERATE FORESTS",2,177.6666667,11
"118","2211.2019",118,118,2211,61,61,2038,2019,840,3,8,1020446,0,1,1,0.512345289,"AUTAUGAVILLE",8,"EASTERN TEMPERATE FORESTS",2,177.6666667,11
"119","2216.2019",119,119,2216,62,62,2066,2019,840,2,12,1160379,0,1,1,0.496998687,"EUFAULA",8,"EASTERN TEMPERATE FORESTS",2,179,16
"120","2216.2019",120,120,2216,63,63,2038,2019,840,2,12,1160379,0,1,1,0.496998687,"EUFAULA",8,"EASTERN TEMPERATE FORESTS",2,179,16
"121","2216.2019",121,121,2216,64,64,25010,2019,840,2,12,1160379,0,1,1,0.496998687,"EUFAULA",8,"EASTERN TEMPERATE FORESTS",2,179,16
"122","25006.2019",122,122,25006,65,65,27050,2019,840,6,32,990903,1,1,1,0.565096235,"MICCOSUKEE",8,"EASTERN TEMPERATE FORESTS",2,178,22
"123","25006.2019",123,123,25006,66,66,25010,2019,840,6,32,990903,1,1,1,0.565096235,"MICCOSUKEE",8,"EASTERN TEMPERATE FORESTS",2,178,22
"124","25010.2000",124,124,25010,319,58,25010,2000,840,10,44,1190172,0,1,1,0.864174733,"COVINGTON",8,"EASTERN TEMPERATE FORESTS",1,179.75,15
"125","25010.2001",125,125,25010,320,59,25010,2001,840,9,43,1190172,1,1,1,0.851088895,"COVINGTON",8,"EASTERN TEMPERATE FORESTS",1,179.75,15
"126","25010.2002",126,126,25010,321,60,25010,2002,840,8,51,1190172,0,1,1,0.826604687,"COVINGTON",8,"EASTERN TEMPERATE FORESTS",1,179.75,19
"127","25010.2003",127,127,25010,322,61,25010,2003,840,8,30,990594,2,1,2,0.825936067,"COVINGTON",8,"EASTERN TEMPERATE FORESTS",1,179.75,16
"128","25010.2004",128,128,25010,323,62,25010,2004,840,7,24,990594,0,0,1,0.81574758,"COVINGTON",8,"EASTERN TEMPERATE FORESTS",1,179.75,10
"129","25010.2005",129,129,25010,324,63,25010,2005,840,6,16,990594,1,1,1,0.799859908,"COVINGTON",8,"EASTERN TEMPERATE FORESTS",1,179.75,11
"130","25010.2006",130,130,25010,325,64,25010,2006,840,6,14,990594,0,1,1,0.743759552,"COVINGTON",8,"EASTERN TEMPERATE FORESTS",1,179.75,11
"131","25010.2007",131,131,25010,326,65,25010,2007,840,5,19,990594,0,1,1,0.732329343,"COVINGTON",8,"EASTERN TEMPERATE FORESTS",1,179.75,12
"132","25010.2008",132,132,25010,327,66,25010,2008,840,4,10,990594,0,1,1,0.651267193,"COVINGTON",8,"EASTERN TEMPERATE FORESTS",1,179.75,12
"133","25010.2009",133,133,25010,328,67,25010,2009,840,4,13,990594,1,1,1,0.635984463,"COVINGTON",8,"EASTERN TEMPERATE FORESTS",1,179.75,12
"134","25010.2010",134,134,25010,329,68,25010,2010,840,4,20,990594,0,1,1,0.632100102,"COVINGTON",8,"EASTERN TEMPERATE FORESTS",1,179.75,17
"135","25010.2011",135,135,25010,330,69,25010,2011,840,4,9,990594,1,1,1,0.627801834,"COVINGTON",8,"EASTERN TEMPERATE FORESTS",1,179.75,13
"136","25010.2012",136,136,25010,331,70,25010,2012,840,4,13,990594,0,1,1,0.670466123,"COVINGTON",8,"EASTERN TEMPERATE FORESTS",1,179.75,11
"137","25010.2013",137,137,25010,332,71,25010,2013,840,4,15,990594,0,1,1,0.674382323,"COVINGTON",8,"EASTERN TEMPERATE FORESTS",1,179.75,12
"138","25010.2014",138,138,25010,333,72,25010,2014,840,4,10,990594,0,1,1,0.673204279,"COVINGTON",8,"EASTERN TEMPERATE FORESTS",1,179.75,11
"139","25010.2015",139,139,25010,334,73,25010,2015,840,4,12,990594,0,1,1,0.671198421,"COVINGTON",8,"EASTERN TEMPERATE FORESTS",1,179.75,13
"140","25010.2016",140,140,25010,335,74,25010,2016,840,3,9,990594,0,1,1,0.579342843,"COVINGTON",8,"EASTERN TEMPERATE FORESTS",1,179.75,13
"141","25010.2017",141,141,25010,336,75,25010,2017,840,2,5,990594,0,1,1,0.522255476,"COVINGTON",8,"EASTERN TEMPERATE FORESTS",1,179.75,15
"142","25010.2018",142,142,25010,337,76,25010,2018,840,2,3,990594,1,1,1,0.517193072,"COVINGTON",8,"EASTERN TEMPERATE FORESTS",1,179.75,11
"143","25010.2019",143,143,25010,338,77,25010,2019,840,2,6,990594,0,1,1,0.513722618,"COVINGTON",8,"EASTERN TEMPERATE FORESTS",1,179.75,12
"144","25012.2019",144,144,25012,67,67,25010,2019,840,3,7,990883,0,1,1,0.549738051,"BELMONT",8,"EASTERN TEMPERATE FORESTS",2,180.5,12
"145","25012.2019",145,145,25012,68,68,27050,2019,840,3,7,990883,0,1,1,0.549738051,"BELMONT",8,"EASTERN TEMPERATE FORESTS",2,180.5,12
"146","25015.2019",146,146,25015,69,69,25010,2019,840,7,16,1091225,0,1,1,0.840363378,"FT GADSDEN",8,"EASTERN TEMPERATE FORESTS",2,180,8
"147","25021.2019",147,147,25021,70,70,25010,2019,840,1,5,1140753,0,1,1,0.534015103,"BELMORE",8,"EASTERN TEMPERATE FORESTS",2,179,15
"148","25056.2019",148,148,25056,71,71,25010,2019,840,3,13,990223,0,1,1,0.601607932,"HIXTOWN SWMP",8,"EASTERN TEMPERATE FORESTS",2,180,17
"149","25057.2019",149,149,25057,72,72,25010,2019,840,9,11,990594,0,1,1,0.748459712,"BLOXHAM",8,"EASTERN TEMPERATE FORESTS",2,178.6666667,5
"150","25061.2019",150,150,25061,73,73,27050,2019,840,1,9,1151375,0,1,1,0.35249079,"PINETTA",8,"EASTERN TEMPERATE FORESTS",2,180,19
"151","25063.2019",151,151,25063,74,74,25010,2019,840,5,15,1020554,2,1,1,0.577733475,"FT MCCOY",8,"EASTERN TEMPERATE FORESTS",2,179,10
"152","25113.2019",152,152,25113,75,75,25010,2019,840,4,20,1090604,0,1,1,0.68084351,"ISLAND GROVE",8,"EASTERN TEMPERATE FORESTS",2,180,15
"153","25902.2019",153,153,25902,76,76,25010,2019,840,4,10,1070344,1,0,1,0.785375303,"OSCEOLA",8,"EASTERN TEMPERATE FORESTS",2,180,9
"154","25917.2019",154,154,25917,77,77,25010,2019,840,9,41,1070344,0,0,1,0.816323887,"OLUSTEE",8,"EASTERN TEMPERATE FORESTS",2,180,14
"155","27001.2019",155,155,27001,78,78,27050,2019,840,4,11,1151508,2,1,1,0.44447465,"HARRIETTS BL",8,"EASTERN TEMPERATE FORESTS",2,180,11
"156","27004.2019",156,156,27004,79,79,27050,2019,840,3,10,980510,0,1,1,0.588555589,"STOCKTON",8,"EASTERN TEMPERATE FORESTS",2,179,17
"157","27004.2019",157,157,27004,80,80,25010,2019,840,3,10,980510,0,1,1,0.588555589,"STOCKTON",8,"EASTERN TEMPERATE FORESTS",2,179,17
"158","27005.2019",158,158,27005,81,81,27050,2019,840,1,5,981362,0,1,1,0.382689076,"BAXLEY",8,"EASTERN TEMPERATE FORESTS",2,179,21
"159","27005.2019",159,159,27005,82,82,27031,2019,840,1,5,981362,0,1,1,0.382689076,"BAXLEY",8,"EASTERN TEMPERATE FORESTS",2,179,21
"160","27007.2019",160,160,27007,83,83,27050,2019,840,1,5,1080686,0,1,1,0.249572291,"FITZGERALD",8,"EASTERN TEMPERATE FORESTS",2,178.6666667,15
"161","27008.2019",161,161,27008,84,84,27050,2019,840,5,13,990872,0,1,1,0.510110894,"EVERETT CITY",8,"EASTERN TEMPERATE FORESTS",2,179,13
"162","27009.2019",162,162,27009,85,85,27050,2019,840,4,13,1150723,1,1,1,0.525576223,"COURTHOUSE",8,"EASTERN TEMPERATE FORESTS",2,180,18
"163","27009.2019",163,163,27009,86,86,25010,2019,840,4,13,1150723,1,1,1,0.525576223,"COURTHOUSE",8,"EASTERN TEMPERATE FORESTS",2,180,18
"164","27010.2019",164,164,27010,87,87,27050,2019,840,1,4,1040466,1,1,1,0.2906847,"CUTHBERT",8,"EASTERN TEMPERATE FORESTS",2,179,12
"165","27014.2019",165,165,27014,88,88,27050,2019,840,2,7,1150935,2,1,1,0.355222386,"HAWKINSVILLE",8,"EASTERN TEMPERATE FORESTS",2,178,12
"166","27014.2019",166,166,27014,89,89,27031,2019,840,2,7,1150935,2,1,1,0.355222386,"HAWKINSVILLE",8,"EASTERN TEMPERATE FORESTS",2,178,12
"167","27015.2019",167,167,27015,90,90,27031,2019,840,3,4,1060105,0,1,1,0.45983397,"FORSYTH",8,"EASTERN TEMPERATE FORESTS",2,174,7
"168","27015.2019",168,168,27015,91,91,27032,2019,840,3,4,1060105,0,1,1,0.45983397,"FORSYTH",8,"EASTERN TEMPERATE FORESTS",2,174,7
"169","27015.2019",169,169,27015,92,92,27050,2019,840,3,4,1060105,0,1,1,0.45983397,"FORSYTH",8,"EASTERN TEMPERATE FORESTS",2,174,7
"170","27016.2019",170,170,27016,93,93,27050,2019,840,4,18,1070350,1,1,1,0.701515977,"CREST",8,"EASTERN TEMPERATE FORESTS",2,176,16
"171","27024.2019",171,171,27024,94,94,27050,2019,840,1,1,1180099,0,0,1,0.392568203,"ATHENS",8,"EASTERN TEMPERATE FORESTS",2,175,13
"172","27024.2019",172,172,27024,95,95,27032,2019,840,1,1,1180099,0,0,1,0.392568203,"ATHENS",8,"EASTERN TEMPERATE FORESTS",2,175,13
"173","27024.2019",173,173,27024,96,96,27031,2019,840,1,1,1180099,0,0,1,0.392568203,"ATHENS",8,"EASTERN TEMPERATE FORESTS",2,175,13
"174","27026.2019",174,174,27026,97,97,27031,2019,840,4,14,1000480,1,1,1,0.54382525,"OAKMAN",8,"EASTERN TEMPERATE FORESTS",2,187,16
"175","27027.2019",175,175,27027,98,98,27031,2019,840,5,24,1150373,0,1,1,0.553134826,"CARTERSVILLE",8,"EASTERN TEMPERATE FORESTS",2,184,15
"176","27028.2019",176,176,27028,99,99,27050,2019,840,1,1,1090769,0,1,1,0.304874903,"HENDERSON",8,"EASTERN TEMPERATE FORESTS",2,179,19
"177","27030.2019",177,177,27030,100,100,27031,2019,840,3,8,1160380,0,1,1,0.40702995,"BALDWIN",8,"EASTERN TEMPERATE FORESTS",2,161.5,8
"178","27030.2019",178,178,27030,101,101,27032,2019,840,3,8,1160380,0,1,1,0.40702995,"BALDWIN",8,"EASTERN TEMPERATE FORESTS",2,161.5,8
"179","27031.2000",179,179,27031,339,78,27031,2000,840,2,4,1190506,0,1,2,0.636181202,"SILOAM",8,"EASTERN TEMPERATE FORESTS",1,178,12
"180","27031.2001",180,180,27031,340,79,27031,2001,840,2,8,1190506,0,1,1,0.607888936,"SILOAM",8,"EASTERN TEMPERATE FORESTS",1,178,13
"181","27031.2002",181,181,27031,341,80,27031,2002,840,2,4,1190506,0,1,1,0.582557489,"SILOAM",8,"EASTERN TEMPERATE FORESTS",1,178,10
"182","27031.2003",182,182,27031,342,81,27031,2003,840,2,11,1190506,1,1,1,0.555844327,"SILOAM",8,"EASTERN TEMPERATE FORESTS",1,178,15
"183","27031.2004",183,183,27031,343,82,27031,2004,840,2,6,1190506,0,1,1,0.546665789,"SILOAM",8,"EASTERN TEMPERATE FORESTS",1,178,16
"184","27031.2005",184,184,27031,344,83,27031,2005,840,2,5,1190506,0,1,1,0.53702668,"SILOAM",8,"EASTERN TEMPERATE FORESTS",1,178,14
"185","27031.2006",185,185,27031,345,84,27031,2006,840,2,5,1190506,0,1,1,0.518176136,"SILOAM",8,"EASTERN TEMPERATE FORESTS",1,178,12
"186","27031.2007",186,186,27031,346,85,27031,2007,840,2,4,1190506,0,1,1,0.511497845,"SILOAM",8,"EASTERN TEMPERATE FORESTS",1,178,12
"187","27031.2008",187,187,27031,347,86,27031,2008,840,2,5,1160380,0,1,2,0.471164918,"SILOAM",8,"EASTERN TEMPERATE FORESTS",1,178,18
"188","27031.2009",188,188,27031,348,87,27031,2009,840,2,7,1160380,0,1,1,0.465539362,"SILOAM",8,"EASTERN TEMPERATE FORESTS",1,178,14
"189","27031.2010",189,189,27031,349,88,27031,2010,840,2,3,1160380,1,1,1,0.437970852,"SILOAM",8,"EASTERN TEMPERATE FORESTS",1,178,12
"190","27031.2011",190,190,27031,350,89,27031,2011,840,2,9,1160380,0,1,1,0.437707669,"SILOAM",8,"EASTERN TEMPERATE FORESTS",1,178,17
"191","27031.2012",191,191,27031,351,90,27031,2012,840,2,7,1160380,0,1,1,0.47096753,"SILOAM",8,"EASTERN TEMPERATE FORESTS",1,178,17
"192","27031.2013",192,192,27031,352,91,27031,2013,840,2,6,1160380,0,1,1,0.482251538,"SILOAM",8,"EASTERN TEMPERATE FORESTS",1,178,15
"193","27031.2014",193,193,27031,353,92,27031,2014,840,2,7,1160380,2,0,1,0.448004737,"SILOAM",8,"EASTERN TEMPERATE FORESTS",1,178,14
"194","27031.2015",194,194,27031,354,93,27031,2015,840,2,11,1160380,0,1,1,0.42382472,"SILOAM",8,"EASTERN TEMPERATE FORESTS",1,178,19
"195","27031.2016",195,195,27031,355,94,27031,2016,840,2,8,1160380,0,1,1,0.411191894,"SILOAM",8,"EASTERN TEMPERATE FORESTS",1,178,15
"196","27031.2017",196,196,27031,356,95,27031,2017,840,2,3,1160380,0,1,1,0.388525183,"SILOAM",8,"EASTERN TEMPERATE FORESTS",1,178,18
"197","27031.2018",197,197,27031,357,96,27031,2018,840,2,9,1160380,0,1,1,0.388525183,"SILOAM",8,"EASTERN TEMPERATE FORESTS",1,178,15
"198","27031.2019",198,198,27031,358,97,27031,2019,840,2,5,1160380,0,1,1,0.370826068,"SILOAM",8,"EASTERN TEMPERATE FORESTS",1,178,16
"199","27032.2000",199,199,27032,359,98,27032,2000,840,2,10,1190499,1,1,1,0.667723928,"GROVETOWN",8,"EASTERN TEMPERATE FORESTS",1,178,15
"200","27032.2001",200,200,27032,360,99,27032,2001,840,2,11,1190499,2,1,1,0.658081705,"GROVETOWN",8,"EASTERN TEMPERATE FORESTS",1,178,18
"201","27032.2002",201,201,27032,361,100,27032,2002,840,2,11,1190499,2,1,1,0.631660746,"GROVETOWN",8,"EASTERN TEMPERATE FORESTS",1,178,17
"202","27032.2003",202,202,27032,362,101,27032,2003,840,2,8,1190499,2,1,1,0.62690307,"GROVETOWN",8,"EASTERN TEMPERATE FORESTS",1,178,16
"203","27032.2004",203,203,27032,363,102,27032,2004,840,2,5,1190499,1,1,1,0.580182695,"GROVETOWN",8,"EASTERN TEMPERATE FORESTS",1,178,14
"204","27032.2005",204,204,27032,364,103,27032,2005,840,2,8,1190499,0,1,1,0.572538696,"GROVETOWN",8,"EASTERN TEMPERATE FORESTS",1,178,16
"205","27032.2006",205,205,27032,365,104,27032,2006,840,2,14,1190499,2,1,1,0.545356509,"GROVETOWN",8,"EASTERN TEMPERATE FORESTS",1,178,16
"206","27032.2012",206,206,27032,366,105,27032,2012,840,2,9,1151092,0,1,1,0.489342806,"GROVETOWN",8,"EASTERN TEMPERATE FORESTS",1,178,13
"207","27032.2013",207,207,27032,367,106,27032,2013,840,2,11,1151092,1,1,1,0.481603654,"GROVETOWN",8,"EASTERN TEMPERATE FORESTS",1,178,14
"208","27032.2014",208,208,27032,368,107,27032,2014,840,2,6,1151092,0,1,1,0.479446841,"GROVETOWN",8,"EASTERN TEMPERATE FORESTS",1,178,11
"209","27032.2015",209,209,27032,369,108,27032,2015,840,2,10,1151092,0,1,1,0.468409033,"GROVETOWN",8,"EASTERN TEMPERATE FORESTS",1,178,12
"210","27032.2016",210,210,27032,370,109,27032,2016,840,2,8,1151092,2,1,1,0.459115707,"GROVETOWN",8,"EASTERN TEMPERATE FORESTS",1,178,13
"211","27032.2017",211,211,27032,371,110,27032,2017,840,2,10,1151092,2,1,1,0.456483126,"GROVETOWN",8,"EASTERN TEMPERATE FORESTS",1,178,12
"212","27032.2018",212,212,27032,372,111,27032,2018,840,2,9,1151092,0,1,1,0.451376554,"GROVETOWN",8,"EASTERN TEMPERATE FORESTS",1,178,12
"213","27032.2019",213,213,27032,373,112,27032,2019,840,1,4,1151092,0,1,1,0.439006597,"GROVETOWN",8,"EASTERN TEMPERATE FORESTS",1,178,15
"214","27035.2019",214,214,27035,102,102,27032,2019,840,1,6,1150935,0,1,1,0.596990078,"MACON",8,"EASTERN TEMPERATE FORESTS",2,176,19
"215","27035.2019",215,215,27035,103,103,27050,2019,840,1,6,1150935,0,1,1,0.596990078,"MACON",8,"EASTERN TEMPERATE FORESTS",2,176,19
"216","27035.2019",216,216,27035,104,104,27031,2019,840,1,6,1150935,0,1,1,0.596990078,"MACON",8,"EASTERN TEMPERATE FORESTS",2,176,19
"217","27038.2019",217,217,27038,105,105,27050,2019,840,2,11,1090769,0,1,1,0.565816808,"TAZEWELL",8,"EASTERN TEMPERATE FORESTS",2,180,19
"218","27038.2019",218,218,27038,106,106,27031,2019,840,2,11,1090769,0,1,1,0.565816808,"TAZEWELL",8,"EASTERN TEMPERATE FORESTS",2,180,19
"219","27044.2019",219,219,27044,107,107,27032,2019,840,1,4,981476,0,1,2,0.484751458,"STOCKBRIDGE",8,"EASTERN TEMPERATE FORESTS",2,176,13
"220","27044.2019",220,220,27044,108,108,27050,2019,840,1,4,981476,0,1,2,0.484751458,"STOCKBRIDGE",8,"EASTERN TEMPERATE FORESTS",2,176,13
"221","27044.2019",221,221,27044,109,109,27031,2019,840,1,4,981476,0,1,2,0.484751458,"STOCKBRIDGE",8,"EASTERN TEMPERATE FORESTS",2,176,13
"222","27045.2019",222,222,27045,110,110,27050,2019,840,4,33,1020555,0,1,1,0.60360026,"RUTLEDGE",8,"EASTERN TEMPERATE FORESTS",2,175.5,24
"223","27045.2019",223,223,27045,111,111,27031,2019,840,4,33,1020555,0,1,1,0.60360026,"RUTLEDGE",8,"EASTERN TEMPERATE FORESTS",2,175.5,24
"224","27045.2019",224,224,27045,112,112,27032,2019,840,4,33,1020555,0,1,1,0.60360026,"RUTLEDGE",8,"EASTERN TEMPERATE FORESTS",2,175.5,24
"225","27046.2019",225,225,27046,113,113,27031,2019,840,1,6,1060314,1,1,1,0.666490014,"JULIETTE",8,"EASTERN TEMPERATE FORESTS",2,176,15
"226","27046.2019",226,226,27046,114,114,27050,2019,840,1,6,1060314,1,1,1,0.666490014,"JULIETTE",8,"EASTERN TEMPERATE FORESTS",2,176,15
"227","27046.2019",227,227,27046,115,115,27032,2019,840,1,6,1060314,1,1,1,0.666490014,"JULIETTE",8,"EASTERN TEMPERATE FORESTS",2,176,15
"228","27048.2019",228,228,27048,116,116,27050,2019,840,3,17,990530,0,1,1,0.633888787,"DEEPSTEP",8,"EASTERN TEMPERATE FORESTS",2,178,25
"229","27048.2019",229,229,27048,117,117,27032,2019,840,3,17,990530,0,1,1,0.633888787,"DEEPSTEP",8,"EASTERN TEMPERATE FORESTS",2,178,25
"230","27048.2019",230,230,27048,118,118,27031,2019,840,3,17,990530,0,1,1,0.633888787,"DEEPSTEP",8,"EASTERN TEMPERATE FORESTS",2,178,25
"231","27050.2000",231,231,27050,374,113,27050,2000,840,6,26,1040549,1,1,1,0.689181055,"RENTZ",8,"EASTERN TEMPERATE FORESTS",1,178.5,20
"232","27050.2001",232,232,27050,375,114,27050,2001,840,6,27,1040549,0,1,1,0.671186441,"RENTZ",8,"EASTERN TEMPERATE FORESTS",1,178.5,19
"233","27050.2002",233,233,27050,376,115,27050,2002,840,6,19,1040549,1,1,1,0.670489466,"RENTZ",8,"EASTERN TEMPERATE FORESTS",1,178.5,15
"234","27050.2003",234,234,27050,377,116,27050,2003,840,6,21,1040549,1,1,1,0.658387454,"RENTZ",8,"EASTERN TEMPERATE FORESTS",1,178.5,15
"235","27050.2004",235,235,27050,378,117,27050,2004,840,6,29,1040549,1,1,1,0.602312688,"RENTZ",8,"EASTERN TEMPERATE FORESTS",1,178.5,20
"236","27050.2005",236,236,27050,379,118,27050,2005,840,4,19,1040549,2,0,1,0.534642801,"RENTZ",8,"EASTERN TEMPERATE FORESTS",1,178.5,16
"237","27050.2006",237,237,27050,380,119,27050,2006,840,4,25,1040549,0,1,1,0.520576588,"RENTZ",8,"EASTERN TEMPERATE FORESTS",1,178.5,21
"238","27050.2007",238,238,27050,381,120,27050,2007,840,4,26,1040549,1,1,1,0.512751465,"RENTZ",8,"EASTERN TEMPERATE FORESTS",1,178.5,21
"239","27050.2008",239,239,27050,382,121,27050,2008,840,4,30,1040549,0,1,1,0.51107239,"RENTZ",8,"EASTERN TEMPERATE FORESTS",1,178.5,22
"240","27050.2009",240,240,27050,383,122,27050,2009,840,3,15,1040549,1,1,1,0.467574846,"RENTZ",8,"EASTERN TEMPERATE FORESTS",1,178.5,21
"241","27050.2010",241,241,27050,384,123,27050,2010,840,1,7,1040549,2,1,1,0.347061619,"RENTZ",8,"EASTERN TEMPERATE FORESTS",1,178.5,24
"242","27050.2011",242,242,27050,385,124,27050,2011,840,1,5,1040549,0,1,1,0.344875653,"RENTZ",8,"EASTERN TEMPERATE FORESTS",1,178.5,17
"243","27050.2012",243,243,27050,386,125,27050,2012,840,2,12,1040549,0,1,1,0.373419927,"RENTZ",8,"EASTERN TEMPERATE FORESTS",1,178.5,18
"244","27050.2013",244,244,27050,387,126,27050,2013,840,2,8,1040549,0,1,1,0.372627911,"RENTZ",8,"EASTERN TEMPERATE FORESTS",1,178.5,18
"245","27050.2014",245,245,27050,388,127,27050,2014,840,2,11,1040549,2,1,1,0.360430857,"RENTZ",8,"EASTERN TEMPERATE FORESTS",1,178.5,19
"246","27050.2015",246,246,27050,389,128,27050,2015,840,1,5,1040549,0,1,1,0.312212894,"RENTZ",8,"EASTERN TEMPERATE FORESTS",1,178.5,18
"247","27050.2016",247,247,27050,390,129,27050,2016,840,1,4,1040549,0,1,1,0.307840963,"RENTZ",8,"EASTERN TEMPERATE FORESTS",1,178.5,18
"248","27050.2017",248,248,27050,391,130,27050,2017,840,1,6,1040549,1,1,1,0.300712815,"RENTZ",8,"EASTERN TEMPERATE FORESTS",1,178.5,20
"249","27050.2018",249,249,27050,392,131,27050,2018,840,1,6,1040549,0,1,1,0.296530968,"RENTZ",8,"EASTERN TEMPERATE FORESTS",1,178.5,19
"250","27050.2019",250,250,27050,393,132,27050,2019,840,1,6,1040549,0,1,1,0.285316015,"RENTZ",8,"EASTERN TEMPERATE FORESTS",1,178.5,20
"251","27053.2019",251,251,27053,119,119,27032,2019,840,1,8,981362,0,1,1,0.406403618,"WORKMORE",8,"EASTERN TEMPERATE FORESTS",2,179,19
"252","27053.2019",252,252,27053,120,120,27050,2019,840,1,8,981362,0,1,1,0.406403618,"WORKMORE",8,"EASTERN TEMPERATE FORESTS",2,179,19
"253","27053.2019",253,253,27053,121,121,27031,2019,840,1,8,981362,0,1,1,0.406403618,"WORKMORE",8,"EASTERN TEMPERATE FORESTS",2,179,19
"254","27057.2019",254,254,27057,122,122,25010,2019,840,6,21,990903,0,1,1,0.583705675,"BOSTON",8,"EASTERN TEMPERATE FORESTS",2,179,14
"255","27057.2019",255,255,27057,123,123,27050,2019,840,6,21,990903,0,1,1,0.583705675,"BOSTON",8,"EASTERN TEMPERATE FORESTS",2,179,14
"256","27102.2019",256,256,27102,124,124,27050,2019,840,3,8,1140719,0,1,1,0.518390623,"FOLKS",8,"EASTERN TEMPERATE FORESTS",2,179,11
"257","27102.2019",257,257,27102,125,125,25010,2019,840,3,8,1140719,0,1,1,0.518390623,"FOLKS",8,"EASTERN TEMPERATE FORESTS",2,179,11
"258","27117.2019",258,258,27117,126,126,27050,2019,840,1,3,1160118,3,1,1,0.337450276,"WARE CO",8,"EASTERN TEMPERATE FORESTS",2,179,6
"259","46003.2019",259,259,46003,127,127,88023,2019,840,1,5,1120068,0,1,1,0.682665466,"VINDEX",8,"EASTERN TEMPERATE FORESTS",2,166.5,16
"260","46030.2019",260,260,46030,128,128,88023,2019,840,9,59,981037,0,1,1,0.7718605,"POMONKEY",8,"EASTERN TEMPERATE FORESTS",2,179,22
"261","46030.2019",261,261,46030,129,129,88025,2019,840,9,59,981037,0,1,1,0.7718605,"POMONKEY",8,"EASTERN TEMPERATE FORESTS",2,179,22
"262","46030.2019",262,262,46030,130,130,88028,2019,840,9,59,981037,0,1,1,0.7718605,"POMONKEY",8,"EASTERN TEMPERATE FORESTS",2,179,22
"263","46047.2019",263,263,46047,131,131,88028,2019,840,3,38,1080582,0,1,1,0.489699583,"COKESBURY",8,"EASTERN TEMPERATE FORESTS",2,180,23
"264","46052.2019",264,264,46052,132,132,88023,2019,840,2,7,1120068,0,1,1,0.573345594,"STEYER",8,"EASTERN TEMPERATE FORESTS",2,177,15
"265","46123.2019",265,265,46123,133,133,88028,2019,840,1,3,1000177,0,1,1,0.465926558,"DAVIDSNVILLE",8,"EASTERN TEMPERATE FORESTS",2,176.25,21
"266","46126.2019",266,266,46126,134,134,88049,2019,840,2,10,1120365,1,1,1,0.598042055,"PR FREDERICK",8,"EASTERN TEMPERATE FORESTS",2,178.25,16
"267","46126.2019",267,267,46126,135,135,88028,2019,840,2,10,1120365,1,1,1,0.598042055,"PR FREDERICK",8,"EASTERN TEMPERATE FORESTS",2,178.25,16
"268","46126.2019",268,268,46126,136,136,88023,2019,840,2,10,1120365,1,1,1,0.598042055,"PR FREDERICK",8,"EASTERN TEMPERATE FORESTS",2,178.25,16
"269","46126.2019",269,269,46126,137,137,88025,2019,840,2,10,1120365,1,1,1,0.598042055,"PR FREDERICK",8,"EASTERN TEMPERATE FORESTS",2,178.25,16
"270","51015.2019",270,270,51015,138,138,2021,2019,840,5,26,1190737,1,1,1,0.77624807,"FOREST",8,"EASTERN TEMPERATE FORESTS",2,180,20
"271","51022.2019",271,271,51022,139,139,82015,2019,840,2,4,1190762,0,1,1,0.473081967,"TUPELO",8,"EASTERN TEMPERATE FORESTS",2,179,10
"272","51030.2019",272,272,51030,140,140,2021,2019,840,7,23,1000337,0,1,1,0.669519289,"BENNDALE",8,"EASTERN TEMPERATE FORESTS",2,179,16
"273","51030.2019",273,273,51030,141,141,2066,2019,840,7,23,1000337,0,1,1,0.669519289,"BENNDALE",8,"EASTERN TEMPERATE FORESTS",2,179,16
"274","51030.2019",274,274,51030,142,142,2038,2019,840,7,23,1000337,0,1,1,0.669519289,"BENNDALE",8,"EASTERN TEMPERATE FORESTS",2,179,16
"275","51113.2019",275,275,51113,143,143,2021,2019,840,4,22,1150496,1,1,1,0.525429047,"EMBRY",8,"EASTERN TEMPERATE FORESTS",2,182,18
"276","51229.2019",276,276,51229,144,144,2038,2019,840,3,3,1090611,1,1,1,0.527729958,"LATIMER",8,"EASTERN TEMPERATE FORESTS",2,179,11
"277","51229.2019",277,277,51229,145,145,2066,2019,840,3,3,1090611,1,1,1,0.527729958,"LATIMER",8,"EASTERN TEMPERATE FORESTS",2,179,11
"278","63010.2000",278,278,63010,394,133,63010,2000,840,3,18,1080098,0,1,1,0.563774301,"SPEED",8,"EASTERN TEMPERATE FORESTS",1,178.75,21
"279","63010.2001",279,279,63010,395,134,63010,2001,840,3,14,1080098,1,1,1,0.554322744,"SPEED",8,"EASTERN TEMPERATE FORESTS",1,178.75,26
"280","63010.2002",280,280,63010,396,135,63010,2002,840,3,16,1080098,1,1,1,0.544270586,"SPEED",8,"EASTERN TEMPERATE FORESTS",1,178.75,19
"281","63010.2003",281,281,63010,397,136,63010,2003,840,3,22,1080098,1,1,1,0.543448712,"SPEED",8,"EASTERN TEMPERATE FORESTS",1,178.75,25
"282","63010.2004",282,282,63010,398,137,63010,2004,840,3,15,1080098,1,1,1,0.540066382,"SPEED",8,"EASTERN TEMPERATE FORESTS",1,178.75,23
"283","63010.2005",283,283,63010,399,138,63010,2005,840,3,21,1080098,0,1,1,0.531910858,"SPEED",8,"EASTERN TEMPERATE FORESTS",1,178.75,23
"284","63010.2006",284,284,63010,400,139,63010,2006,840,3,12,1080098,1,1,1,0.527169275,"SPEED",8,"EASTERN TEMPERATE FORESTS",1,178.75,21
"285","63010.2007",285,285,63010,401,140,63010,2007,840,3,24,1080098,1,1,1,0.518792477,"SPEED",8,"EASTERN TEMPERATE FORESTS",1,178.75,26
"286","63010.2008",286,286,63010,402,141,63010,2008,840,3,28,1080098,1,1,1,0.511427217,"SPEED",8,"EASTERN TEMPERATE FORESTS",1,178.75,24
"287","63010.2009",287,287,63010,403,142,63010,2009,840,3,24,1080098,0,1,1,0.506780465,"SPEED",8,"EASTERN TEMPERATE FORESTS",1,178.75,27
"288","63010.2010",288,288,63010,404,143,63010,2010,840,3,24,1080098,1,1,1,0.504156788,"SPEED",8,"EASTERN TEMPERATE FORESTS",1,178.75,22
"289","63010.2011",289,289,63010,405,144,63010,2011,840,3,14,1080098,0,1,1,0.50026869,"SPEED",8,"EASTERN TEMPERATE FORESTS",1,178.75,27
"290","63010.2012",290,290,63010,406,145,63010,2012,840,3,23,1080098,0,1,1,0.524798483,"SPEED",8,"EASTERN TEMPERATE FORESTS",1,178.75,24
"291","63010.2013",291,291,63010,407,146,63010,2013,840,3,21,1080098,1,1,1,0.528402086,"SPEED",8,"EASTERN TEMPERATE FORESTS",1,178.75,23
"292","63010.2014",292,292,63010,408,147,63010,2014,840,3,25,1080098,1,1,1,0.526157737,"SPEED",8,"EASTERN TEMPERATE FORESTS",1,178.75,24
"293","63010.2015",293,293,63010,409,148,63010,2015,840,3,25,1080098,1,1,1,0.480923028,"SPEED",8,"EASTERN TEMPERATE FORESTS",1,178.75,26
"294","63010.2016",294,294,63010,410,149,63010,2016,840,3,24,1080098,1,1,1,0.441883989,"SPEED",8,"EASTERN TEMPERATE FORESTS",1,178.75,24
"295","63010.2017",295,295,63010,411,150,63010,2017,840,1,8,1080098,1,1,1,0.391085823,"SPEED",8,"EASTERN TEMPERATE FORESTS",1,178.75,22
"296","63010.2018",296,296,63010,412,151,63010,2018,840,1,10,1080098,1,1,1,0.382203256,"SPEED",8,"EASTERN TEMPERATE FORESTS",1,178.75,23
"297","63010.2019",297,297,63010,413,152,63010,2019,840,1,5,1080098,1,1,1,0.345440177,"SPEED",8,"EASTERN TEMPERATE FORESTS",1,178.75,24
"298","63014.2019",298,298,63014,146,146,88049,2019,840,2,10,1090351,0,1,1,0.498849408,"SAXAPAHAW",8,"EASTERN TEMPERATE FORESTS",2,175,17
"299","63014.2019",299,299,63014,147,147,88028,2019,840,2,10,1090351,0,1,1,0.498849408,"SAXAPAHAW",8,"EASTERN TEMPERATE FORESTS",2,175,17
"300","63014.2019",300,300,63014,148,148,88025,2019,840,2,10,1090351,0,1,1,0.498849408,"SAXAPAHAW",8,"EASTERN TEMPERATE FORESTS",2,175,17
"301","63014.2019",301,301,63014,149,149,63010,2019,840,2,10,1090351,0,1,1,0.498849408,"SAXAPAHAW",8,"EASTERN TEMPERATE FORESTS",2,175,17
"302","63020.2019",302,302,63020,150,150,27032,2019,840,1,1,1041039,0,1,1,0.417053384,"BREVARD",8,"EASTERN TEMPERATE FORESTS",2,135,9
"303","63020.2019",303,303,63020,151,151,27031,2019,840,1,1,1041039,0,1,1,0.417053384,"BREVARD",8,"EASTERN TEMPERATE FORESTS",2,135,9
"304","63205.2019",304,304,63205,152,152,63010,2019,840,1,8,990354,1,1,1,0.447259817,"MONTAGUE",8,"EASTERN TEMPERATE FORESTS",2,179.75,17
"305","63206.2019",305,305,63206,153,153,63010,2019,840,3,15,1160484,1,1,1,0.494525547,"ROSEBORO",8,"EASTERN TEMPERATE FORESTS",2,179,21
"306","63210.2019",306,306,63210,154,154,63010,2019,840,1,5,1190920,0,1,1,0.333696228,"PINETOPS",8,"EASTERN TEMPERATE FORESTS",2,178,15
"307","63212.2019",307,307,63212,155,155,63010,2019,840,2,9,1090981,0,1,1,0.426390098,"COKESBURY",8,"EASTERN TEMPERATE FORESTS",2,178,18
"308","63224.2019",308,308,63224,156,156,63010,2019,840,2,6,1000114,0,1,1,0.343685967,"DORTCHES",8,"EASTERN TEMPERATE FORESTS",2,176.5,14
"309","63225.2019",309,309,63225,157,157,88049,2019,840,4,14,1160430,0,1,1,0.676887347,"DURHAM",8,"EASTERN TEMPERATE FORESTS",2,175,16
"310","63225.2019",310,310,63225,158,158,88023,2019,840,4,14,1160430,0,1,1,0.676887347,"DURHAM",8,"EASTERN TEMPERATE FORESTS",2,175,16
"311","63225.2019",311,311,63225,159,159,88025,2019,840,4,14,1160430,0,1,1,0.676887347,"DURHAM",8,"EASTERN TEMPERATE FORESTS",2,175,16
"312","63225.2019",312,312,63225,160,160,88028,2019,840,4,14,1160430,0,1,1,0.676887347,"DURHAM",8,"EASTERN TEMPERATE FORESTS",2,175,16
"313","63233.2019",313,313,63233,161,161,88028,2019,840,1,4,1160430,0,1,1,0.524130517,"ASHLAND",8,"EASTERN TEMPERATE FORESTS",2,179,12
"314","63233.2019",314,314,63233,162,162,63010,2019,840,1,4,1160430,0,1,1,0.524130517,"ASHLAND",8,"EASTERN TEMPERATE FORESTS",2,179,12
"315","63233.2019",315,315,63233,163,163,88049,2019,840,1,4,1160430,0,1,1,0.524130517,"ASHLAND",8,"EASTERN TEMPERATE FORESTS",2,179,12
"316","63233.2019",316,316,63233,164,164,88025,2019,840,1,4,1160430,0,1,1,0.524130517,"ASHLAND",8,"EASTERN TEMPERATE FORESTS",2,179,12
"317","63900.2019",317,317,63900,165,165,63010,2019,840,1,6,1151089,0,0,1,0.438868206,"RAEFORD",8,"EASTERN TEMPERATE FORESTS",2,176,15
"318","80003.2019",318,318,80003,166,166,27050,2019,840,5,13,1190274,1,1,1,0.652981768,"HARDEEVILLE",8,"EASTERN TEMPERATE FORESTS",2,179.25,13
"319","80003.2019",319,319,80003,167,167,27032,2019,840,5,13,1190274,1,1,1,0.652981768,"HARDEEVILLE",8,"EASTERN TEMPERATE FORESTS",2,179.25,13
"320","80009.2019",320,320,80009,168,168,27032,2019,840,1,1,1160469,0,1,1,0.495162331,"WAGENER",8,"EASTERN TEMPERATE FORESTS",2,177,11
"321","80009.2019",321,321,80009,169,169,27031,2019,840,1,1,1160469,0,1,1,0.495162331,"WAGENER",8,"EASTERN TEMPERATE FORESTS",2,177,11
"322","80015.2019",322,322,80015,170,170,27031,2019,840,1,6,1040703,0,1,1,0.519222476,"SALEM XRD",8,"EASTERN TEMPERATE FORESTS",2,179,20
"323","80015.2019",323,323,80015,171,171,27032,2019,840,1,6,1040703,0,1,1,0.519222476,"SALEM XRD",8,"EASTERN TEMPERATE FORESTS",2,179,20
"324","80018.2019",324,324,80018,172,172,27031,2019,840,4,15,980288,1,1,1,0.619879916,"BARTON CREEK",8,"EASTERN TEMPERATE FORESTS",2,159.5,16
"325","80018.2019",325,325,80018,173,173,27032,2019,840,4,15,980288,1,1,1,0.619879916,"BARTON CREEK",8,"EASTERN TEMPERATE FORESTS",2,159.5,16
"326","80021.2019",326,326,80021,174,174,27031,2019,840,3,17,1020215,0,1,1,0.543028706,"PLUM BRANCH",8,"EASTERN TEMPERATE FORESTS",2,179.5,21
"327","80021.2019",327,327,80021,175,175,27050,2019,840,3,17,1020215,0,1,1,0.543028706,"PLUM BRANCH",8,"EASTERN TEMPERATE FORESTS",2,179.5,21
"328","80021.2019",328,328,80021,176,176,27032,2019,840,3,17,1020215,0,1,1,0.543028706,"PLUM BRANCH",8,"EASTERN TEMPERATE FORESTS",2,179.5,21
"329","82003.2019",329,329,82003,177,177,82015,2019,840,3,10,1160209,0,1,1,0.426903785,"MOSCOW",8,"EASTERN TEMPERATE FORESTS",2,184,17
"330","82006.2019",330,330,82006,178,178,82015,2019,840,3,12,1120368,0,1,1,0.429035236,"WHITEVILLE",8,"EASTERN TEMPERATE FORESTS",2,183,16
"331","82007.2019",331,331,82007,179,179,82015,2019,840,7,47,1160495,3,1,2,0.662134089,"BIG SANDY",8,"EASTERN TEMPERATE FORESTS",2,182,25
"332","82008.2019",332,332,82008,180,180,82015,2019,840,3,10,1040612,0,1,1,0.572959107,"MANSFIELD",8,"EASTERN TEMPERATE FORESTS",2,181,18
"333","82009.2019",333,333,82009,181,181,82015,2019,840,1,6,1040612,0,1,1,0.530533158,"SWEETLIPS",8,"EASTERN TEMPERATE FORESTS",2,181,19
"334","82010.2019",334,334,82010,182,182,82015,2019,840,4,6,1000484,1,1,1,0.544499382,"SILERTON",8,"EASTERN TEMPERATE FORESTS",2,181.6666667,11
"335","82015.2000",335,335,82015,414,153,82015,2000,840,5,12,1150440,0,1,1,0.707665505,"COLLINWOOD",8,"EASTERN TEMPERATE FORESTS",1,182,15
"336","82015.2001",336,336,82015,415,154,82015,2001,840,4,13,1150440,0,1,1,0.659898638,"COLLINWOOD",8,"EASTERN TEMPERATE FORESTS",1,182,16
"337","82015.2002",337,337,82015,416,155,82015,2002,840,4,11,1150440,0,1,1,0.647703516,"COLLINWOOD",8,"EASTERN TEMPERATE FORESTS",1,182,16
"338","82015.2003",338,338,82015,417,156,82015,2003,840,4,10,1150440,0,1,1,0.59455179,"COLLINWOOD",8,"EASTERN TEMPERATE FORESTS",1,182,13
"339","82015.2004",339,339,82015,418,157,82015,2004,840,3,7,1150440,0,1,1,0.56715236,"COLLINWOOD",8,"EASTERN TEMPERATE FORESTS",1,182,15
"340","82015.2007",340,340,82015,419,158,82015,2007,840,2,12,1120134,1,1,1,0.494963573,"COLLINWOOD",8,"EASTERN TEMPERATE FORESTS",1,182,26
"341","82015.2008",341,341,82015,420,159,82015,2008,840,2,11,1120134,0,1,1,0.493506494,"COLLINWOOD",8,"EASTERN TEMPERATE FORESTS",1,182,20
"342","82015.2009",342,342,82015,421,160,82015,2009,840,2,12,1120134,0,1,1,0.493443142,"COLLINWOOD",8,"EASTERN TEMPERATE FORESTS",1,182,28
"343","82015.2010",343,343,82015,422,161,82015,2010,840,2,17,1120134,1,1,1,0.472537219,"COLLINWOOD",8,"EASTERN TEMPERATE FORESTS",1,182,26
"344","82015.2011",344,344,82015,423,162,82015,2011,840,2,11,1120134,0,1,1,0.45901172,"COLLINWOOD",8,"EASTERN TEMPERATE FORESTS",1,182,25
"345","82015.2012",345,345,82015,424,163,82015,2012,840,2,20,1120134,0,1,1,0.467500792,"COLLINWOOD",8,"EASTERN TEMPERATE FORESTS",1,182,24
"346","82015.2013",346,346,82015,425,164,82015,2013,840,2,17,1120134,0,1,1,0.463002851,"COLLINWOOD",8,"EASTERN TEMPERATE FORESTS",1,182,24
"347","82015.2014",347,347,82015,426,165,82015,2014,840,2,15,1120134,0,1,1,0.462147608,"COLLINWOOD",8,"EASTERN TEMPERATE FORESTS",1,182,23
"348","82015.2015",348,348,82015,427,166,82015,2015,840,2,19,1120134,0,1,1,0.461514096,"COLLINWOOD",8,"EASTERN TEMPERATE FORESTS",1,182,23
"349","82015.2016",349,349,82015,428,167,82015,2016,840,2,18,1120134,0,1,1,0.457396262,"COLLINWOOD",8,"EASTERN TEMPERATE FORESTS",1,182,26
"350","82015.2017",350,350,82015,429,168,82015,2017,840,2,10,1120134,1,1,1,0.449540703,"COLLINWOOD",8,"EASTERN TEMPERATE FORESTS",1,182,19
"351","82015.2019",351,351,82015,430,169,82015,2019,840,2,11,1151637,0,1,2,0.448590434,"COLLINWOOD",8,"EASTERN TEMPERATE FORESTS",1,182,25
"352","82016.2019",352,352,82016,183,183,82015,2019,840,2,11,970445,2,1,2,0.607064876,"WRIGLEY",8,"EASTERN TEMPERATE FORESTS",2,182,18
"353","82018.2019",353,353,82018,184,184,82015,2019,840,5,22,1170041,0,0,2,0.596811669,"LEWIS FOREST",8,"EASTERN TEMPERATE FORESTS",2,187,21
"354","82021.2019",354,354,82021,185,185,82015,2019,840,1,1,1190962,1,1,2,0.537151954,"PETERSBURG",8,"EASTERN TEMPERATE FORESTS",2,183,9
"355","82023.2019",355,355,82023,186,186,82015,2019,840,1,3,1090707,0,1,1,0.543163789,"BRADYVILLE",8,"EASTERN TEMPERATE FORESTS",2,187.5,14
"356","82025.2019",356,356,82025,187,187,82015,2019,840,2,17,1150273,0,1,1,0.66218411,"SILVER PT",8,"EASTERN TEMPERATE FORESTS",2,188,23
"357","82029.2019",357,357,82029,188,188,82015,2019,840,5,23,1060066,1,1,1,0.66628305,"JASPER",8,"EASTERN TEMPERATE FORESTS",2,173.3333333,23
"358","88001.2019",358,358,88001,189,189,88028,2019,840,4,9,990895,0,1,1,0.76539391,"STAR TANNERY",8,"EASTERN TEMPERATE FORESTS",2,167.25,16
"359","88001.2019",359,359,88001,190,190,88025,2019,840,4,9,990895,0,1,1,0.76539391,"STAR TANNERY",8,"EASTERN TEMPERATE FORESTS",2,167.25,16
"360","88001.2019",360,360,88001,191,191,88023,2019,840,4,9,990895,0,1,1,0.76539391,"STAR TANNERY",8,"EASTERN TEMPERATE FORESTS",2,167.25,16
"361","88003.2019",361,361,88003,192,192,88023,2019,840,1,5,990526,0,1,1,0.80024983,"W AUGUSTA",8,"EASTERN TEMPERATE FORESTS",2,148,16
"362","88003.2019",362,362,88003,193,193,88025,2019,840,1,5,990526,0,1,1,0.80024983,"W AUGUSTA",8,"EASTERN TEMPERATE FORESTS",2,148,16
"363","88006.2019",363,363,88006,194,194,88025,2019,840,5,22,1030690,0,0,1,0.504207735,"TRYME",8,"EASTERN TEMPERATE FORESTS",2,162,17
"364","88006.2019",364,364,88006,195,195,88049,2019,840,5,22,1030690,0,0,1,0.504207735,"TRYME",8,"EASTERN TEMPERATE FORESTS",2,162,17
"365","88006.2019",365,365,88006,196,196,88028,2019,840,5,22,1030690,0,0,1,0.504207735,"TRYME",8,"EASTERN TEMPERATE FORESTS",2,162,17
"366","88008.2019",366,366,88008,197,197,88028,2019,840,7,19,990897,0,1,1,0.732266345,"JEROME",8,"EASTERN TEMPERATE FORESTS",2,168,14
"367","88008.2019",367,367,88008,198,198,88025,2019,840,7,19,990897,0,1,1,0.732266345,"JEROME",8,"EASTERN TEMPERATE FORESTS",2,168,14
"368","88008.2019",368,368,88008,199,199,88023,2019,840,7,19,990897,0,1,1,0.732266345,"JEROME",8,"EASTERN TEMPERATE FORESTS",2,168,14
"369","88008.2019",369,369,88008,200,200,88049,2019,840,7,19,990897,0,1,1,0.732266345,"JEROME",8,"EASTERN TEMPERATE FORESTS",2,168,14
"370","88018.2019",370,370,88018,201,201,88025,2019,840,6,20,1140713,0,1,1,0.803418803,"NATURAL BRID",8,"EASTERN TEMPERATE FORESTS",2,166,18
"371","88018.2019",371,371,88018,202,202,88023,2019,840,6,20,1140713,0,1,1,0.803418803,"NATURAL BRID",8,"EASTERN TEMPERATE FORESTS",2,166,18
"372","88021.2019",372,372,88021,203,203,88049,2019,840,5,16,1151489,0,1,1,0.696614188,"COVESVILLE",8,"EASTERN TEMPERATE FORESTS",2,156,13
"373","88021.2019",373,373,88021,204,204,88023,2019,840,5,16,1151489,0,1,1,0.696614188,"COVESVILLE",8,"EASTERN TEMPERATE FORESTS",2,156,13
"374","88021.2019",374,374,88021,205,205,88025,2019,840,5,16,1151489,0,1,1,0.696614188,"COVESVILLE",8,"EASTERN TEMPERATE FORESTS",2,156,13
"375","88021.2019",375,375,88021,206,206,88028,2019,840,5,16,1151489,0,1,1,0.696614188,"COVESVILLE",8,"EASTERN TEMPERATE FORESTS",2,156,13
"376","88023.2000",376,376,88023,431,170,88023,2000,840,5,22,1040261,0,1,1,0.81362996,"SHIPMAN",8,"EASTERN TEMPERATE FORESTS",1,156,15
"377","88023.2001",377,377,88023,432,171,88023,2001,840,5,15,1040261,0,1,1,0.809286217,"SHIPMAN",8,"EASTERN TEMPERATE FORESTS",1,156,15
"378","88023.2002",378,378,88023,433,172,88023,2002,840,5,26,1040261,0,1,1,0.795638648,"SHIPMAN",8,"EASTERN TEMPERATE FORESTS",1,156,23
"379","88023.2003",379,379,88023,434,173,88023,2003,840,5,17,1040261,0,1,1,0.795609298,"SHIPMAN",8,"EASTERN TEMPERATE FORESTS",1,156,17
"380","88023.2004",380,380,88023,435,174,88023,2004,840,5,13,1040261,1,1,1,0.794112468,"SHIPMAN",8,"EASTERN TEMPERATE FORESTS",1,156,13
"381","88023.2005",381,381,88023,436,175,88023,2005,840,5,27,1040261,0,1,1,0.758423339,"SHIPMAN",8,"EASTERN TEMPERATE FORESTS",1,156,20
"382","88023.2006",382,382,88023,437,176,88023,2006,840,5,18,1040261,0,1,1,0.744658371,"SHIPMAN",8,"EASTERN TEMPERATE FORESTS",1,156,13
"383","88023.2007",383,383,88023,438,177,88023,2007,840,5,17,1040261,1,1,1,0.74392463,"SHIPMAN",8,"EASTERN TEMPERATE FORESTS",1,156,18
"384","88023.2008",384,384,88023,439,178,88023,2008,840,5,22,1040261,0,1,1,0.743396337,"SHIPMAN",8,"EASTERN TEMPERATE FORESTS",1,156,19
"385","88023.2009",385,385,88023,440,179,88023,2009,840,4,15,1040261,2,1,1,0.723115755,"SHIPMAN",8,"EASTERN TEMPERATE FORESTS",1,156,17
"386","88023.2010",386,386,88023,441,180,88023,2010,840,4,15,1040261,0,1,1,0.699841512,"SHIPMAN",8,"EASTERN TEMPERATE FORESTS",1,156,18
"387","88023.2011",387,387,88023,442,181,88023,2011,840,4,20,1040261,0,1,1,0.675422634,"SHIPMAN",8,"EASTERN TEMPERATE FORESTS",1,156,18
"388","88023.2012",388,388,88023,443,182,88023,2012,840,4,13,1040261,0,1,1,0.73030641,"SHIPMAN",8,"EASTERN TEMPERATE FORESTS",1,156,18
"389","88023.2013",389,389,88023,444,183,88023,2013,840,4,14,1040261,1,1,1,0.730834703,"SHIPMAN",8,"EASTERN TEMPERATE FORESTS",1,156,17
"390","88023.2014",390,390,88023,445,184,88023,2014,840,4,16,1040261,0,1,1,0.730776004,"SHIPMAN",8,"EASTERN TEMPERATE FORESTS",1,156,19
"391","88023.2015",391,391,88023,446,185,88023,2015,840,4,14,1040261,0,1,1,0.693678093,"SHIPMAN",8,"EASTERN TEMPERATE FORESTS",1,156,23
"392","88023.2016",392,392,88023,447,186,88023,2016,840,4,15,1040261,1,1,1,0.639821554,"SHIPMAN",8,"EASTERN TEMPERATE FORESTS",1,156,19
"393","88023.2017",393,393,88023,448,187,88023,2017,840,4,19,1040261,0,1,1,0.599025593,"SHIPMAN",8,"EASTERN TEMPERATE FORESTS",1,156,19
"394","88023.2018",394,394,88023,449,188,88023,2018,840,4,10,1040261,0,1,1,0.589340221,"SHIPMAN",8,"EASTERN TEMPERATE FORESTS",1,156,19
"395","88023.2019",395,395,88023,450,189,88023,2019,840,4,17,1040261,1,1,1,0.576661188,"SHIPMAN",8,"EASTERN TEMPERATE FORESTS",1,156,19
"396","88025.2000",396,396,88025,451,190,88025,2000,840,7,25,980518,3,1,1,0.768029315,"MANNBORO",8,"EASTERN TEMPERATE FORESTS",1,177.5,16
"397","88025.2001",397,397,88025,452,191,88025,2001,840,7,32,980518,1,1,1,0.747604602,"MANNBORO",8,"EASTERN TEMPERATE FORESTS",1,177.5,22
"398","88025.2002",398,398,88025,453,192,88025,2002,840,7,34,980518,0,1,1,0.725858289,"MANNBORO",8,"EASTERN TEMPERATE FORESTS",1,177.5,17
"399","88025.2003",399,399,88025,454,193,88025,2003,840,7,30,980518,1,1,1,0.699906887,"MANNBORO",8,"EASTERN TEMPERATE FORESTS",1,177.5,18
"400","88025.2004",400,400,88025,455,194,88025,2004,840,6,24,980518,3,1,1,0.696933289,"MANNBORO",8,"EASTERN TEMPERATE FORESTS",1,177.5,19
"401","88025.2005",401,401,88025,456,195,88025,2005,840,6,26,980518,1,1,1,0.690655693,"MANNBORO",8,"EASTERN TEMPERATE FORESTS",1,177.5,19
"402","88025.2008",402,402,88025,457,196,88025,2008,840,4,18,1000516,0,1,1,0.638662782,"MANNBORO",8,"EASTERN TEMPERATE FORESTS",1,177.5,19
"403","88025.2009",403,403,88025,458,197,88025,2009,840,4,10,1000516,1,0,1,0.627128826,"MANNBORO",8,"EASTERN TEMPERATE FORESTS",1,177.5,15
"404","88025.2010",404,404,88025,459,198,88025,2010,840,4,20,1000516,1,0,1,0.617667378,"MANNBORO",8,"EASTERN TEMPERATE FORESTS",1,177.5,19
"405","88025.2011",405,405,88025,460,199,88025,2011,840,4,14,1000516,1,0,1,0.615294506,"MANNBORO",8,"EASTERN TEMPERATE FORESTS",1,177.5,18
"406","88025.2012",406,406,88025,461,200,88025,2012,840,5,23,1000516,0,0,1,0.648845103,"MANNBORO",8,"EASTERN TEMPERATE FORESTS",1,177.5,22
"407","88025.2013",407,407,88025,462,201,88025,2013,840,5,16,1000516,1,0,1,0.627639444,"MANNBORO",8,"EASTERN TEMPERATE FORESTS",1,177.5,17
"408","88025.2014",408,408,88025,463,202,88025,2014,840,5,25,1000516,2,1,1,0.613101853,"MANNBORO",8,"EASTERN TEMPERATE FORESTS",1,177.5,21
"409","88025.2015",409,409,88025,464,203,88025,2015,840,4,19,1000516,0,1,1,0.588442015,"MANNBORO",8,"EASTERN TEMPERATE FORESTS",1,177.5,18
"410","88025.2017",410,410,88025,465,204,88025,2017,840,4,13,1120696,0,1,2,0.573333734,"MANNBORO",8,"EASTERN TEMPERATE FORESTS",1,177.5,17
"411","88025.2018",411,411,88025,466,205,88025,2018,840,2,15,1120696,0,0,1,0.515063227,"MANNBORO",8,"EASTERN TEMPERATE FORESTS",1,177.5,18
"412","88025.2019",412,412,88025,467,206,88025,2019,840,2,8,1120725,1,1,2,0.501156399,"MANNBORO",8,"EASTERN TEMPERATE FORESTS",1,177.5,15
"413","88026.2019",413,413,88026,207,207,88023,2019,840,3,19,1160323,0,0,1,0.536752534,"HALL",8,"EASTERN TEMPERATE FORESTS",2,176.5,22
"414","88026.2019",414,414,88026,208,208,88049,2019,840,3,19,1160323,0,0,1,0.536752534,"HALL",8,"EASTERN TEMPERATE FORESTS",2,176.5,22
"415","88026.2019",415,415,88026,209,209,88025,2019,840,3,19,1160323,0,0,1,0.536752534,"HALL",8,"EASTERN TEMPERATE FORESTS",2,176.5,22
"416","88026.2019",416,416,88026,210,210,88028,2019,840,3,19,1160323,0,0,1,0.536752534,"HALL",8,"EASTERN TEMPERATE FORESTS",2,176.5,22
"417","88028.2000",417,417,88028,468,207,88028,2000,840,3,14,980518,1,1,1,0.733887376,"CHURCH ROAD",8,"EASTERN TEMPERATE FORESTS",1,178,21
"418","88028.2001",418,418,88028,469,208,88028,2001,840,3,14,980518,0,1,1,0.733887376,"CHURCH ROAD",8,"EASTERN TEMPERATE FORESTS",1,178,21
"419","88028.2002",419,419,88028,470,209,88028,2002,840,3,20,980518,0,1,1,0.717695945,"CHURCH ROAD",8,"EASTERN TEMPERATE FORESTS",1,178,19
"420","88028.2003",420,420,88028,471,210,88028,2003,840,3,15,980518,0,1,1,0.712766872,"CHURCH ROAD",8,"EASTERN TEMPERATE FORESTS",1,178,22
"421","88028.2004",421,421,88028,472,211,88028,2004,840,3,8,980518,1,1,1,0.688465396,"CHURCH ROAD",8,"EASTERN TEMPERATE FORESTS",1,178,18
"422","88028.2005",422,422,88028,473,212,88028,2005,840,3,17,980518,1,1,1,0.674738501,"CHURCH ROAD",8,"EASTERN TEMPERATE FORESTS",1,178,22
"423","88028.2006",423,423,88028,474,213,88028,2006,840,3,13,980518,1,1,1,0.660495773,"CHURCH ROAD",8,"EASTERN TEMPERATE FORESTS",1,178,19
"424","88028.2007",424,424,88028,475,214,88028,2007,840,3,16,980518,1,1,1,0.626307494,"CHURCH ROAD",8,"EASTERN TEMPERATE FORESTS",1,178,16
"425","88028.2008",425,425,88028,476,215,88028,2008,840,3,18,980518,1,1,1,0.624100874,"CHURCH ROAD",8,"EASTERN TEMPERATE FORESTS",1,178,18
"426","88028.2009",426,426,88028,477,216,88028,2009,840,3,13,980518,1,1,1,0.611319673,"CHURCH ROAD",8,"EASTERN TEMPERATE FORESTS",1,178,19
"427","88028.2010",427,427,88028,478,217,88028,2010,840,3,15,980518,1,1,1,0.609227683,"CHURCH ROAD",8,"EASTERN TEMPERATE FORESTS",1,178,23
"428","88028.2011",428,428,88028,479,218,88028,2011,840,3,11,980518,1,1,1,0.59868176,"CHURCH ROAD",8,"EASTERN TEMPERATE FORESTS",1,178,19
"429","88028.2012",429,429,88028,480,219,88028,2012,840,2,11,980518,1,1,1,0.607250322,"CHURCH ROAD",8,"EASTERN TEMPERATE FORESTS",1,178,20
"430","88028.2013",430,430,88028,481,220,88028,2013,840,2,9,980518,1,1,1,0.609657544,"CHURCH ROAD",8,"EASTERN TEMPERATE FORESTS",1,178,21
"431","88028.2014",431,431,88028,482,221,88028,2014,840,1,2,980518,2,1,1,0.512394326,"CHURCH ROAD",8,"EASTERN TEMPERATE FORESTS",1,178,15
"432","88028.2015",432,432,88028,483,222,88028,2015,840,1,3,980518,2,1,1,0.486373406,"CHURCH ROAD",8,"EASTERN TEMPERATE FORESTS",1,178,15
"433","88028.2016",433,433,88028,484,223,88028,2016,840,1,4,980518,0,1,1,0.456168506,"CHURCH ROAD",8,"EASTERN TEMPERATE FORESTS",1,178,18
"434","88028.2017",434,434,88028,485,224,88028,2017,840,1,5,980518,1,1,1,0.421922912,"CHURCH ROAD",8,"EASTERN TEMPERATE FORESTS",1,178,21
"435","88028.2018",435,435,88028,486,225,88028,2018,840,1,4,980518,1,1,1,0.421349764,"CHURCH ROAD",8,"EASTERN TEMPERATE FORESTS",1,178,20
"436","88028.2019",436,436,88028,487,226,88028,2019,840,1,4,980518,1,1,1,0.416334718,"CHURCH ROAD",8,"EASTERN TEMPERATE FORESTS",1,178,18
"437","88029.2019",437,437,88029,211,211,63010,2019,840,2,5,1190943,2,1,1,0.370087496,"WHITE STONE",8,"EASTERN TEMPERATE FORESTS",2,179,14
"438","88029.2019",438,438,88029,212,212,88028,2019,840,2,5,1190943,2,1,1,0.370087496,"WHITE STONE",8,"EASTERN TEMPERATE FORESTS",2,179,14
"439","88031.2019",439,439,88031,213,213,88049,2019,840,2,8,1070306,0,1,1,0.454710201,"SURRY",8,"EASTERN TEMPERATE FORESTS",2,180,22
"440","88031.2019",440,440,88031,214,214,88028,2019,840,2,8,1070306,0,1,1,0.454710201,"SURRY",8,"EASTERN TEMPERATE FORESTS",2,180,22
"441","88031.2019",441,441,88031,215,215,88025,2019,840,2,8,1070306,0,1,1,0.454710201,"SURRY",8,"EASTERN TEMPERATE FORESTS",2,180,22
"442","88031.2019",442,442,88031,216,216,63010,2019,840,2,8,1070306,0,1,1,0.454710201,"SURRY",8,"EASTERN TEMPERATE FORESTS",2,180,22
"443","88040.2019",443,443,88040,217,217,88025,2019,840,1,5,1030636,0,1,1,0.465563519,"RINGGOLD",8,"EASTERN TEMPERATE FORESTS",2,174.3333333,16
"444","88040.2019",444,444,88040,218,218,88049,2019,840,1,5,1030636,0,1,1,0.465563519,"RINGGOLD",8,"EASTERN TEMPERATE FORESTS",2,174.3333333,16
"445","88040.2019",445,445,88040,219,219,88028,2019,840,1,5,1030636,0,1,1,0.465563519,"RINGGOLD",8,"EASTERN TEMPERATE FORESTS",2,174.3333333,16
"446","88040.2019",446,446,88040,220,220,63010,2019,840,1,5,1030636,0,1,1,0.465563519,"RINGGOLD",8,"EASTERN TEMPERATE FORESTS",2,174.3333333,16
"447","88041.2019",447,447,88041,221,221,88028,2019,840,2,6,1020487,1,1,1,0.400965046,"WYLLIESBURG",8,"EASTERN TEMPERATE FORESTS",2,178,17
"448","88041.2019",448,448,88041,222,222,63010,2019,840,2,6,1020487,1,1,1,0.400965046,"WYLLIESBURG",8,"EASTERN TEMPERATE FORESTS",2,178,17
"449","88049.2000",449,449,88049,488,227,88049,2000,840,3,7,1190386,2,1,1,0.706571319,"MORAN",8,"EASTERN TEMPERATE FORESTS",1,177,11
"450","88049.2001",450,450,88049,489,228,88049,2001,840,3,10,1190386,1,1,1,0.687266414,"MORAN",8,"EASTERN TEMPERATE FORESTS",1,177,11
"451","88049.2002",451,451,88049,490,229,88049,2002,840,3,8,1190386,2,1,1,0.686883847,"MORAN",8,"EASTERN TEMPERATE FORESTS",1,177,12
"452","88049.2003",452,452,88049,491,230,88049,2003,840,2,4,1190386,1,1,1,0.667667226,"MORAN",8,"EASTERN TEMPERATE FORESTS",1,177,11
"453","88049.2004",453,453,88049,492,231,88049,2004,840,2,7,1190386,2,1,1,0.663694417,"MORAN",8,"EASTERN TEMPERATE FORESTS",1,177,13
"454","88049.2005",454,454,88049,493,232,88049,2005,840,2,4,1190386,1,1,1,0.661369589,"MORAN",8,"EASTERN TEMPERATE FORESTS",1,177,11
"455","88049.2007",455,455,88049,494,233,88049,2007,840,2,3,1190386,0,1,1,0.628586563,"MORAN",8,"EASTERN TEMPERATE FORESTS",1,177,11
"456","88049.2009",456,456,88049,495,234,88049,2009,840,2,8,1020487,0,1,2,0.602925164,"MORAN",8,"EASTERN TEMPERATE FORESTS",1,177,16
"457","88049.2010",457,457,88049,496,235,88049,2010,840,2,5,1020487,1,1,1,0.597686943,"MORAN",8,"EASTERN TEMPERATE FORESTS",1,177,17
"458","88049.2011",458,458,88049,497,236,88049,2011,840,2,8,1020487,2,1,1,0.597157235,"MORAN",8,"EASTERN TEMPERATE FORESTS",1,177,18
"459","88049.2012",459,459,88049,498,237,88049,2012,840,2,8,1020487,2,1,1,0.604278862,"MORAN",8,"EASTERN TEMPERATE FORESTS",1,177,14
"460","88049.2013",460,460,88049,499,238,88049,2013,840,2,5,1020487,2,1,1,0.603278303,"MORAN",8,"EASTERN TEMPERATE FORESTS",1,177,13
"461","88049.2014",461,461,88049,500,239,88049,2014,840,2,7,1020487,0,1,1,0.602454313,"MORAN",8,"EASTERN TEMPERATE FORESTS",1,177,16
"462","88049.2015",462,462,88049,501,240,88049,2015,840,2,4,1020487,0,1,1,0.595568112,"MORAN",8,"EASTERN TEMPERATE FORESTS",1,177,15
"463","88049.2016",463,463,88049,502,241,88049,2016,840,2,10,1020487,0,1,1,0.51996704,"MORAN",8,"EASTERN TEMPERATE FORESTS",1,177,19
"464","88049.2019",464,464,88049,503,242,88049,2019,840,1,6,1020487,3,1,1,0.485624319,"MORAN",8,"EASTERN TEMPERATE FORESTS",1,177,19
"465","88051.2019",465,465,88051,223,223,88028,2019,840,4,9,1150822,1,1,1,0.439011182,"GLADYS",8,"EASTERN TEMPERATE FORESTS",2,175,13
"466","88051.2019",466,466,88051,224,224,88049,2019,840,4,9,1150822,1,1,1,0.439011182,"GLADYS",8,"EASTERN TEMPERATE FORESTS",2,175,13
"467","88051.2019",467,467,88051,225,225,63010,2019,840,4,9,1150822,1,1,1,0.439011182,"GLADYS",8,"EASTERN TEMPERATE FORESTS",2,175,13
"468","88910.2019",468,468,88910,226,226,88049,2019,840,4,12,1041154,0,0,1,0.738498344,"GLOUCESTER",8,"EASTERN TEMPERATE FORESTS",2,179,13
"469","88910.2019",469,469,88910,227,227,88025,2019,840,4,12,1041154,0,0,1,0.738498344,"GLOUCESTER",8,"EASTERN TEMPERATE FORESTS",2,179,13
"470","88910.2019",470,470,88910,228,228,88023,2019,840,4,12,1041154,0,0,1,0.738498344,"GLOUCESTER",8,"EASTERN TEMPERATE FORESTS",2,179,13
"471","88910.2019",471,471,88910,229,229,88028,2019,840,4,12,1041154,0,0,1,0.738498344,"GLOUCESTER",8,"EASTERN TEMPERATE FORESTS",2,179,13
"472","88911.2019",472,472,88911,230,230,88049,2019,840,4,28,990886,1,0,1,0.604344408,"WALKERS",8,"EASTERN TEMPERATE FORESTS",2,179,22
"473","88911.2019",473,473,88911,231,231,88025,2019,840,4,28,990886,1,0,1,0.604344408,"WALKERS",8,"EASTERN TEMPERATE FORESTS",2,179,22
"474","88911.2019",474,474,88911,232,232,88028,2019,840,4,28,990886,1,0,1,0.604344408,"WALKERS",8,"EASTERN TEMPERATE FORESTS",2,179,22
"475","88911.2019",475,475,88911,233,233,63010,2019,840,4,28,990886,1,0,1,0.604344408,"WALKERS",8,"EASTERN TEMPERATE FORESTS",2,179,22
"476","88911.2019",476,476,88911,234,234,88023,2019,840,4,28,990886,1,0,1,0.604344408,"WALKERS",8,"EASTERN TEMPERATE FORESTS",2,179,22
"477","88915.2019",477,477,88915,235,235,88049,2019,840,3,17,981356,2,0,1,0.576698805,"BRANDON",8,"EASTERN TEMPERATE FORESTS",2,179.5,22
"478","88915.2019",478,478,88915,236,236,88023,2019,840,3,17,981356,2,0,1,0.576698805,"BRANDON",8,"EASTERN TEMPERATE FORESTS",2,179.5,22
"479","88915.2019",479,479,88915,237,237,88025,2019,840,3,17,981356,2,0,1,0.576698805,"BRANDON",8,"EASTERN TEMPERATE FORESTS",2,179.5,22
"480","88915.2019",480,480,88915,238,238,63010,2019,840,3,17,981356,2,0,1,0.576698805,"BRANDON",8,"EASTERN TEMPERATE FORESTS",2,179.5,22
"481","88915.2019",481,481,88915,239,239,88028,2019,840,3,17,981356,2,0,1,0.576698805,"BRANDON",8,"EASTERN TEMPERATE FORESTS",2,179.5,22
"482","88916.2019",482,482,88916,240,240,88028,2019,840,3,3,1080685,0,0,1,0.520851089,"CHINCOTEAG W",8,"EASTERN TEMPERATE FORESTS",2,180,14
"483","88923.2019",483,483,88923,241,241,88025,2019,840,4,24,1041167,0,0,1,0.808843248,"FRONT ROYAL",8,"EASTERN TEMPERATE FORESTS",2,169,21
"484","88923.2019",484,484,88923,242,242,88023,2019,840,4,24,1041167,0,0,1,0.808843248,"FRONT ROYAL",8,"EASTERN TEMPERATE FORESTS",2,169,21
"485","90001.2019",485,485,90001,243,243,88023,2019,840,4,15,1190945,0,1,1,0.693684967,"HIX",8,"EASTERN TEMPERATE FORESTS",2,176,15
"486","90002.2019",486,486,90002,244,244,88023,2019,840,5,13,1190946,0,0,1,0.690630024,"SMOOT",8,"EASTERN TEMPERATE FORESTS",2,183,14
"487","90003.2019",487,487,90003,245,245,88023,2019,840,5,30,1190590,2,1,1,0.794875486,"PEDRO",8,"EASTERN TEMPERATE FORESTS",2,180.5,18
"488","90005.2019",488,488,90005,246,246,88023,2019,840,3,17,1190622,2,1,1,0.625289017,"BRAMWELL",8,"EASTERN TEMPERATE FORESTS",2,187,14
"489","90006.2019",489,489,90006,247,247,88023,2019,840,3,11,1190945,5,0,1,0.633105653,"GHENT",8,"EASTERN TEMPERATE FORESTS",2,182,18
"490","90023.2019",490,490,90023,248,248,88023,2019,840,3,6,1020546,1,1,1,0.861376994,"VALLEY HEAD",8,"EASTERN TEMPERATE FORESTS",2,204.6666667,9
"491","90025.2019",491,491,90025,249,249,88023,2019,840,5,16,1140760,4,1,2,0.818156425,"SUTTON",8,"EASTERN TEMPERATE FORESTS",2,207,19
"492","90031.2019",492,492,90031,250,250,88025,2019,840,1,2,1030642,1,1,1,0.532819103,"SUGAR GROVE",8,"EASTERN TEMPERATE FORESTS",2,158.5,14
"493","90031.2019",493,493,90031,251,251,88049,2019,840,1,2,1030642,1,1,1,0.532819103,"SUGAR GROVE",8,"EASTERN TEMPERATE FORESTS",2,158.5,14
"494","90031.2019",494,494,90031,252,252,88023,2019,840,1,2,1030642,1,1,1,0.532819103,"SUGAR GROVE",8,"EASTERN TEMPERATE FORESTS",2,158.5,14
"495","90031.2019",495,495,90031,253,253,88028,2019,840,1,2,1030642,1,1,1,0.532819103,"SUGAR GROVE",8,"EASTERN TEMPERATE FORESTS",2,158.5,14
"496","90033.2019",496,496,90033,254,254,88023,2019,840,1,2,1110227,0,1,1,0.743930102,"MO OF SENECA",8,"EASTERN TEMPERATE FORESTS",2,166.5,16
"497","90033.2019",497,497,90033,255,255,88049,2019,840,1,2,1110227,0,1,1,0.743930102,"MO OF SENECA",8,"EASTERN TEMPERATE FORESTS",2,166.5,16
"498","90046.2019",498,498,90046,256,256,88023,2019,840,3,17,981327,1,1,1,0.711552922,"MEADOWVILLE",8,"EASTERN TEMPERATE FORESTS",2,205,17
"499","90048.2019",499,499,90048,257,257,88023,2019,840,4,14,1041122,0,1,1,0.739626853,"YELLOW SPG",8,"EASTERN TEMPERATE FORESTS",2,172.3333333,18
"500","90140.2019",500,500,90140,258,258,88023,2019,840,5,9,1110099,3,1,1,0.773151431,"MEADLAND",8,"EASTERN TEMPERATE FORESTS",2,196,9
"501","90149.2019",501,501,90149,259,259,88023,2019,840,6,29,981415,2,0,1,0.761416375,"LOST RIVER",8,"EASTERN TEMPERATE FORESTS",2,166.5,24
"502","90150.2019",502,502,90150,260,260,88023,2019,840,1,5,1040532,0,1,1,0.828622397,"SHANGHAI",8,"EASTERN TEMPERATE FORESTS",2,176,15
"503","90902.2019",503,503,90902,261,261,88023,2019,840,4,16,981327,0,0,1,0.805776313,"BOWDEN",8,"EASTERN TEMPERATE FORESTS",2,197,16
