"","Transect","X.4","X.3","X.2","X.1","ref","Richness_avg","space.time","X","RouteNumber","Year","CountryNum","NumStops","Richness","ObsN","StartWind","RunType","FirstObs","Forest.cover","Richness_ALL"
"1","11101.2019",1,1,1,1,11402,1.75,2,348,11101,2019,124,4,7,1160088,0,1,1,0.598377164,14
"2","11313.2019",2,2,2,2,11402,4.25,2,582,11313,2019,124,4,17,1030644,0,1,1,0.508678308,13
"3","11323.2019",3,3,3,3,11402,6.33333333333333,2,586,11323,2019,124,3,19,1080681,0,1,1,0.639259997,15
"4","11402.2000",4,4,4,4,11402,5.6,1,604,11402,2000,124,4,21,970128,1,1,1,0.713680933,20
"5","11402.2001",5,5,5,5,11402,5.2,1,605,11402,2001,124,4,19,970128,3,1,1,0.700680086,22
"6","11402.2002",6,6,6,6,11402,4.6,1,606,11402,2002,124,4,18,970128,2,1,1,0.68172507,19
"7","11402.2003",7,7,7,7,11402,5,1,607,11402,2003,124,4,22,970128,1,1,1,0.666675771,16
"8","11402.2004",8,8,8,8,11402,6,1,608,11402,2004,124,4,22,970128,0,1,1,0.658400022,21
"9","11402.2005",9,9,9,9,11402,4.25,1,609,11402,2005,124,3,14,970128,0,1,1,0.589244258,17
"10","11402.2006",10,10,10,10,11402,4,1,610,11402,2006,124,3,14,970128,1,1,1,0.536885806,18
"11","11402.2007",11,11,11,11,11402,4.25,1,611,11402,2007,124,3,13,970128,1,1,1,0.533253216,19
"12","11402.2008",12,12,12,12,11402,5,1,612,11402,2008,124,3,12,970128,3,1,1,0.527462923,23
"13","11402.2009",13,13,13,13,11402,4,1,613,11402,2009,124,3,13,970128,0,1,1,0.498757272,19
"14","11402.2010",14,14,14,14,11402,4.75,1,614,11402,2010,124,3,15,970128,1,0,1,0.498648021,18
"15","11402.2011",15,15,15,15,11402,4.75,1,615,11402,2011,124,3,15,970128,0,1,1,0.482315025,17
"16","11402.2012",16,16,16,16,11402,4.2,1,616,11402,2012,124,4,15,970128,2,1,1,0.514735203,19
"17","11402.2013",17,17,17,17,11402,6,1,617,11402,2013,124,4,26,970128,0,1,1,0.51894136,24
"18","11402.2014",18,18,18,18,11402,3.6,1,618,11402,2014,124,4,15,970128,0,1,1,0.518668233,22
"19","11402.2015",19,19,19,19,11402,4.6,1,619,11402,2015,124,4,19,970128,0,1,1,0.517056783,22
"20","11402.2016",20,20,20,20,11402,5.5,1,620,11402,2016,124,3,13,970128,0,1,1,0.493103542,20
"21","11402.2017",21,21,21,21,11402,5.25,1,621,11402,2017,124,3,17,970128,1,1,1,0.490973152,18
"22","11402.2018",22,22,22,22,11402,4.5,1,622,11402,2018,124,3,12,970128,4,0,1,0.490317647,19
"23","11402.2019",23,23,23,23,11402,5.25,1,623,11402,2019,124,3,15,970128,0,1,1,0.489525578,17
"24","11413.2019",24,24,24,24,11402,3.5,2,694,11413,2019,124,2,7,980759,3,1,1,0.475352971,15
"25","11426.2019",25,25,25,25,11402,3.5,2,742,11426,2019,124,6,21,1091184,1,1,1,0.507229667,18
"26","11510.2019",26,26,26,26,11402,3.83333333333333,2,754,11510,2019,124,6,23,1020548,0,1,1,0.753677294,18
"27","11613.2019",27,27,27,27,11402,7,2,784,11613,2019,124,3,21,981359,2,1,1,0.651305726,20
"28","11614.2019",28,28,28,28,11402,3.6,2,798,11614,2019,124,5,18,1091008,2,1,1,0.481042224,16
"29","2007.2019",29,29,29,29,82015,6.33333333333333,2,2036,2007,2019,840,3,19,1190801,0,1,1,0.605789763,19
"30","2007.2019",30,30,30,30,27031,6.33333333333333,2,2036,2007,2019,840,3,19,1190801,0,1,1,0.605789763,19
"31","2010.2019",31,31,33,33,27031,5,2,2060,2010,2019,840,2,10,1150772,1,1,1,0.481098475,20
"32","2010.2019",32,32,34,34,82015,5,2,2060,2010,2019,840,2,10,1150772,1,1,1,0.481098475,20
"33","2012.2019",33,34,36,36,27050,5.2,2,2075,2012,2019,840,5,26,1040614,2,1,1,0.695823405,24
"34","2012.2019",34,35,37,37,2036,5.2,2,2075,2012,2019,840,5,26,1040614,2,1,1,0.695823405,24
"35","2013.2019",35,36,38,38,82015,5.66666666666667,2,2086,2013,2019,840,3,17,1070595,1,1,1,0.51032162,25
"36","2013.2019",36,37,39,39,2038,5.66666666666667,2,2086,2013,2019,840,3,17,1070595,1,1,1,0.51032162,25
"37","2014.2019",37,39,41,41,2066,2.2,2,2106,2014,2019,840,5,11,1091346,1,1,2,0.628318863,7
"38","2014.2019",38,40,42,42,2038,2.2,2,2106,2014,2019,840,5,11,1091346,1,1,2,0.628318863,7
"39","2015.2019",39,42,44,44,2036,3,2,2118,2015,2019,840,1,3,1020556,0,1,1,0.679392069,14
"40","2015.2019",40,44,46,46,2021,3,2,2118,2015,2019,840,1,3,1020556,0,1,1,0.679392069,14
"41","2016.2019",41,46,48,48,82015,3.16666666666667,2,2136,2016,2019,840,5,16,1080658,0,1,1,0.568419713,17
"42","2016.2019",42,47,49,49,2066,3.16666666666667,2,2136,2016,2019,840,5,16,1080658,0,1,1,0.568419713,17
"43","2017.2019",43,49,51,51,2036,4,2,2154,2017,2019,840,5,20,1050007,0,1,1,0.726739971,17
"44","2017.2019",44,51,53,53,2038,4,2,2154,2017,2019,840,5,20,1050007,0,1,1,0.726739971,17
"45","2019.2019",45,52,54,54,2038,4.25,2,2173,2019,2019,840,4,17,1080658,1,1,1,0.625378568,15
"46","2019.2019",46,54,56,56,2036,4.25,2,2173,2019,2019,840,4,17,1080658,1,1,1,0.625378568,15
"47","2020.2019",47,55,57,57,2021,5,2,2191,2020,2019,840,1,5,981466,0,1,2,0.536423841,19
"48","2020.2019",48,57,59,59,2038,5,2,2191,2020,2019,840,1,5,981466,0,1,2,0.536423841,19
"49","2021.2000",49,58,60,60,2021,1.5,1,2192,2021,2000,840,6,12,1160079,1,1,1,0.77384222,14
"50","2021.2001",50,59,61,61,2021,2.25,1,2193,2021,2001,840,5,14,1160079,1,1,1,0.685355305,17
"51","2021.2002",51,60,62,62,2021,1.66666666666667,1,2194,2021,2002,840,4,8,1160079,2,1,1,0.614641538,14
"52","2021.2003",52,61,63,63,2021,3.33333333333333,1,2195,2021,2003,840,4,14,1160079,0,1,1,0.596963096,14
"53","2021.2004",53,62,64,64,2021,2.33333333333333,1,2196,2021,2004,840,4,11,1160079,0,1,1,0.581841715,12
"54","2021.2005",54,63,65,65,2021,2,1,2197,2021,2005,840,4,7,1160079,0,1,1,0.557596995,15
"55","2021.2006",55,64,66,66,2021,2,1,2198,2021,2006,840,4,8,1160079,0,1,1,0.545537772,12
"56","2021.2007",56,65,67,67,2021,1,1,2199,2021,2007,840,3,7,1160079,1,1,1,0.491618524,14
"57","2021.2008",57,66,68,68,2021,4,1,2200,2021,2008,840,3,6,1020446,0,1,1,0.488966758,13
"58","2021.2009",58,67,69,69,2021,1,1,2201,2021,2009,840,3,5,1020446,0,1,1,0.468573413,12
"59","2021.2010",59,68,70,70,2021,3,1,2202,2021,2010,840,3,5,1020446,0,1,1,0.417621618,12
"60","2021.2011",60,69,71,71,2021,1,1,2203,2021,2011,840,3,5,1020446,0,1,1,0.416800833,13
"61","2021.2012",61,70,72,72,2021,0.666666666666667,1,2204,2021,2012,840,4,4,1020446,0,1,1,0.537771885,8
"62","2021.2013",62,71,73,73,2021,2.33333333333333,1,2205,2021,2013,840,4,8,1020446,1,1,1,0.5465164,12
"63","2021.2014",63,72,74,74,2021,0.666666666666667,1,2206,2021,2014,840,4,4,1020446,1,1,1,0.530163841,7
"64","2021.2016",64,73,75,75,2021,4,1,2207,2021,2016,840,4,15,1160379,0,1,1,0.524955015,13
"65","2021.2017",65,74,76,76,2021,4,1,2208,2021,2017,840,4,16,1160379,2,1,1,0.514600499,16
"66","2021.2018",66,75,77,77,2021,3.33333333333333,1,2209,2021,2018,840,4,12,1160379,0,1,1,0.513779714,15
"67","2021.2019",67,76,78,78,2021,3.66666666666667,1,2210,2021,2019,840,4,17,1160379,1,1,1,0.501404805,14
"68","2027.2019",68,78,80,80,25010,8,2,2240,2027,2019,840,5,40,1040579,0,1,1,0.665945211,27
"69","2027.2019",69,79,81,81,25005,8,2,2240,2027,2019,840,5,40,1040579,0,1,1,0.665945211,27
"70","2028.2019",70,80,82,82,25010,4.66666666666667,2,2256,2028,2019,840,2,8,1020450,0,1,1,0.579309923,14
"71","2028.2019",71,81,83,83,25108,4.66666666666667,2,2256,2028,2019,840,2,8,1020450,0,1,1,0.579309923,14
"72","2028.2019",72,82,84,84,2038,4.66666666666667,2,2256,2028,2019,840,2,8,1020450,0,1,1,0.579309923,14
"73","2028.2019",73,83,85,85,2066,4.66666666666667,2,2256,2028,2019,840,2,8,1020450,0,1,1,0.579309923,14
"74","2028.2019",74,84,86,86,27032,4.66666666666667,2,2256,2028,2019,840,2,8,1020450,0,1,1,0.579309923,14
"75","2029.2019",75,86,88,88,2021,14,2,2276,2029,2019,840,1,14,1160379,0,1,1,0.510137875,22
"76","2029.2019",76,87,89,89,25005,14,2,2276,2029,2019,840,1,14,1160379,0,1,1,0.510137875,22
"77","2029.2019",77,88,90,90,25010,14,2,2276,2029,2019,840,1,14,1160379,0,1,1,0.510137875,22
"78","2029.2019",78,89,91,91,25108,14,2,2276,2029,2019,840,1,14,1160379,0,1,1,0.510137875,22
"79","2029.2019",79,90,92,92,2038,14,2,2276,2029,2019,840,1,14,1160379,0,1,1,0.510137875,22
"80","2030.2019",80,92,94,94,25005,3.33333333333333,2,2279,2030,2019,840,3,10,1160379,0,1,1,0.433005919,15
"81","2030.2019",81,93,95,95,2038,3.33333333333333,2,2279,2030,2019,840,3,10,1160379,0,1,1,0.433005919,15
"82","2030.2019",82,94,96,96,25108,3.33333333333333,2,2279,2030,2019,840,3,10,1160379,0,1,1,0.433005919,15
"83","2030.2019",83,95,97,97,2066,3.33333333333333,2,2279,2030,2019,840,3,10,1160379,0,1,1,0.433005919,15
"84","2036.2000",84,96,98,98,2036,4,1,2324,2036,2000,840,9,36,1040541,0,1,1,0.80982994,17
"85","2036.2001",85,97,99,99,2036,3.11111111111111,1,2325,2036,2001,840,9,28,1040541,0,1,1,0.787028533,17
"86","2036.2002",86,98,100,100,2036,4.55555555555556,1,2326,2036,2002,840,9,41,1140013,0,1,1,0.760173544,21
"87","2036.2003",87,99,101,101,2036,3.75,1,2327,2036,2003,840,8,30,1140013,0,1,1,0.741932419,22
"88","2036.2004",88,100,102,102,2036,4,1,2328,2036,2004,840,7,28,1140013,0,1,1,0.696867974,19
"89","2036.2005",89,101,103,103,2036,2.42857142857143,1,2329,2036,2005,840,7,17,1140013,0,1,1,0.689425848,20
"90","2036.2007",90,102,104,104,2036,2.66666666666667,1,2330,2036,2007,840,6,16,1020446,0,1,2,0.641067866,13
"91","2036.2008",91,103,105,105,2036,2,1,2331,2036,2008,840,6,12,1020446,0,1,1,0.623745131,13
"92","2036.2009",92,104,106,106,2036,1.5,1,2332,2036,2009,840,6,9,1020446,0,1,1,0.617253064,9
"93","2036.2010",93,105,107,107,2036,1.6,1,2333,2036,2010,840,5,8,1020446,0,1,1,0.606992431,9
"94","2036.2011",94,106,108,108,2036,2,1,2334,2036,2011,840,5,10,1020446,0,1,1,0.605725686,13
"95","2036.2012",95,107,109,109,2036,2.14285714285714,1,2335,2036,2012,840,7,15,1020446,0,1,1,0.687272382,10
"96","2036.2013",96,108,110,110,2036,1.28571428571429,1,2336,2036,2013,840,7,9,1020446,1,1,1,0.68296545,8
"97","2036.2014",97,109,111,111,2036,2.28571428571429,1,2337,2036,2014,840,7,16,1020446,1,1,1,0.654463692,9
"98","2036.2016",98,110,112,112,2036,3.14285714285714,1,2338,2036,2016,840,7,22,1020450,0,1,1,0.611267695,14
"99","2036.2019",99,111,113,113,2036,3,1,2339,2036,2019,840,5,15,1020450,0,1,1,0.586344491,15
"100","2038.2000",100,112,114,114,2038,4.25,1,2340,2038,2000,840,5,25,990316,1,1,1,0.726009639,20
"101","2038.2001",101,113,115,115,2038,5,1,2341,2038,2001,840,5,27,990316,1,1,1,0.707163038,20
"102","2038.2002",102,114,116,116,2038,5.25,1,2342,2038,2002,840,5,28,990316,1,1,1,0.636430115,22
"103","2038.2003",103,115,117,117,2038,4.75,1,2343,2038,2003,840,5,25,990316,1,1,1,0.635565897,18
"104","2038.2004",104,116,118,118,2038,5,1,2344,2038,2004,840,5,25,990316,0,1,1,0.617483796,17
"105","2038.2005",105,117,119,119,2038,3.25,1,2345,2038,2005,840,5,19,990316,1,1,1,0.579857072,17
"106","2038.2006",106,118,120,120,2038,3.66666666666667,1,2346,2038,2006,840,4,18,990316,1,1,1,0.5377763,17
"107","2038.2007",107,119,121,121,2038,5,1,2347,2038,2007,840,4,22,990316,1,1,1,0.507994017,18
"108","2038.2008",108,120,122,122,2038,4.66666666666667,1,2348,2038,2008,840,4,21,990316,0,1,1,0.444274555,15
"109","2038.2009",109,121,123,123,2038,5.33333333333333,1,2349,2038,2009,840,4,24,990316,1,1,1,0.436762506,21
"110","2038.2011",110,122,124,124,2038,3,1,2350,2038,2011,840,3,13,990316,0,1,1,0.39132458,12
"111","2038.2012",111,123,125,125,2038,3,1,2351,2038,2012,840,3,11,990316,0,1,1,0.432906764,14
"112","2038.2013",112,124,126,126,2038,5,1,2352,2038,2013,840,3,15,990316,1,1,1,0.43779292,16
"113","2038.2014",113,125,127,127,2038,5,1,2353,2038,2014,840,3,14,990316,1,1,1,0.434701679,14
"114","2038.2015",114,126,128,128,2038,3.5,1,2354,2038,2015,840,3,14,990316,0,1,1,0.425560911,15
"115","2038.2016",115,127,129,129,2038,6,1,2355,2038,2016,840,2,12,990316,1,1,1,0.414026924,18
"116","2038.2017",116,128,130,130,2038,4,1,2356,2038,2017,840,2,8,990316,0,1,1,0.408043876,16
"117","2038.2018",117,129,131,131,2038,5.5,1,2357,2038,2018,840,2,11,990316,1,1,1,0.40471996,18
"118","2038.2019",118,130,132,132,2038,3.5,1,2358,2038,2019,840,2,7,990316,1,1,1,0.389230514,14
"119","2043.2019",119,131,133,133,2021,1.33333333333333,2,2392,2043,2019,840,6,8,1070602,1,1,1,0.618549906,7
"120","2043.2019",120,132,134,134,2038,1.33333333333333,2,2392,2043,2019,840,6,8,1070602,1,1,1,0.618549906,7
"121","2043.2019",121,133,135,135,2036,1.33333333333333,2,2392,2043,2019,840,6,8,1070602,1,1,1,0.618549906,7
"122","2047.2019",122,136,138,138,82015,3.5,2,2424,2047,2019,840,2,7,980696,1,1,1,0.482177414,13
"123","2047.2019",123,137,139,139,2066,3.5,2,2424,2047,2019,840,2,7,980696,1,1,1,0.482177414,13
"124","2048.2019",124,138,140,140,2066,3,2,2440,2048,2019,840,3,9,1091285,0,1,1,0.484628725,15
"125","2048.2019",125,139,141,141,2021,3,2,2440,2048,2019,840,3,9,1091285,0,1,1,0.484628725,15
"126","2048.2019",126,140,142,142,82015,3,2,2440,2048,2019,840,3,9,1091285,0,1,1,0.484628725,15
"127","2050.2019",127,143,145,145,2066,3,2,2475,2050,2019,840,1,3,1150772,0,1,1,0.419996044,17
"128","2050.2019",128,144,146,146,25108,3,2,2475,2050,2019,840,1,3,1150772,0,1,1,0.419996044,17
"129","2050.2019",129,145,147,147,2038,3,2,2475,2050,2019,840,1,3,1150772,0,1,1,0.419996044,17
"130","2052.2019",130,147,149,149,2066,3.5,2,2494,2052,2019,840,2,7,990316,0,1,1,0.644259012,17
"131","2052.2019",131,148,150,150,2036,3.5,2,2494,2052,2019,840,2,7,990316,0,1,1,0.644259012,17
"132","2052.2019",132,149,151,151,25005,3.5,2,2494,2052,2019,840,2,7,990316,0,1,1,0.644259012,17
"133","2053.2019",133,150,152,152,2036,6,2,2513,2053,2019,840,1,6,990316,0,1,1,0.653223037,18
"134","2053.2019",134,151,153,153,2066,6,2,2513,2053,2019,840,1,6,990316,0,1,1,0.653223037,18
"135","2053.2019",135,153,155,155,25005,6,2,2513,2053,2019,840,1,6,990316,0,1,1,0.653223037,18
"136","2054.2019",136,155,157,157,27050,6,2,2532,2054,2019,840,2,12,1060238,0,1,1,0.304884646,14
"137","2057.2019",137,156,158,158,2036,2.66666666666667,2,2565,2057,2019,840,3,8,1070182,0,1,1,0.811396145,15
"138","2058.2019",138,158,160,160,82015,2.5,2,2581,2058,2019,840,4,10,1151241,1,1,1,0.653747506,16
"139","2059.2019",139,160,162,162,2036,3.16666666666667,2,2601,2059,2019,840,6,19,980696,0,1,1,0.598192223,17
"140","2059.2019",140,162,164,164,2021,3.16666666666667,2,2601,2059,2019,840,6,19,980696,0,1,1,0.598192223,17
"141","2060.2019",141,164,166,166,2066,5.5,2,2621,2060,2019,840,2,11,1030285,0,1,1,0.548935468,18
"142","2060.2019",142,165,167,167,2038,5.5,2,2621,2060,2019,840,2,11,1030285,0,1,1,0.548935468,18
"143","2060.2019",143,166,168,168,2021,5.5,2,2621,2060,2019,840,2,11,1030285,0,1,1,0.548935468,18
"144","2061.2019",144,168,170,170,2036,5,2,2637,2061,2019,840,4,20,1040614,2,1,1,0.615557113,19
"145","2061.2019",145,169,171,171,2038,5,2,2637,2061,2019,840,4,20,1040614,2,1,1,0.615557113,19
"146","2065.2019",146,171,173,173,25108,3.5,2,2655,2065,2019,840,2,7,1150772,0,1,1,0.458950158,22
"147","2065.2019",147,172,174,174,27031,3.5,2,2655,2065,2019,840,2,7,1150772,0,1,1,0.458950158,22
"148","2065.2019",148,173,175,175,2021,3.5,2,2655,2065,2019,840,2,7,1150772,0,1,1,0.458950158,22
"149","2065.2019",149,174,176,176,25005,3.5,2,2655,2065,2019,840,2,7,1150772,0,1,1,0.458950158,22
"150","2065.2019",150,175,177,177,2038,3.5,2,2655,2065,2019,840,2,7,1150772,0,1,1,0.458950158,22
"151","2066.2000",151,176,178,178,2066,5.33333333333333,1,2656,2066,2000,840,4,23,990316,0,1,1,0.667720432,18
"152","2066.2001",152,177,179,179,2066,3.66666666666667,1,2657,2066,2001,840,4,14,990316,1,1,1,0.641502302,14
"153","2066.2002",153,178,180,180,2066,2.66666666666667,1,2658,2066,2002,840,4,16,990316,1,1,1,0.641502302,16
"154","2066.2003",154,179,181,181,2066,3,1,2659,2066,2003,840,4,15,990316,0,1,1,0.627860628,15
"155","2066.2004",155,180,182,182,2066,2.66666666666667,1,2660,2066,2004,840,4,13,990316,2,1,1,0.589237853,16
"156","2066.2005",156,181,183,183,2066,3.66666666666667,1,2661,2066,2005,840,4,16,990316,1,1,1,0.565047076,16
"157","2066.2006",157,182,184,184,2066,4.66666666666667,1,2662,2066,2006,840,4,19,990316,1,1,1,0.559343,19
"158","2066.2007",158,183,185,185,2066,3,1,2663,2066,2007,840,3,9,990316,1,1,1,0.518108721,18
"159","2066.2008",159,184,186,186,2066,2.33333333333333,1,2664,2066,2008,840,3,7,990316,1,1,1,0.483162669,15
"160","2066.2009",160,185,187,187,2066,3.33333333333333,1,2665,2066,2009,840,3,10,990316,0,1,1,0.413579823,15
"161","2066.2011",161,186,188,188,2066,2,1,2666,2066,2011,840,3,6,990316,0,1,1,0.391416397,13
"162","2066.2012",162,187,189,189,2066,4.33333333333333,1,2667,2066,2012,840,3,13,990316,1,1,1,0.431963439,14
"163","2066.2013",163,188,190,190,2066,3.66666666666667,1,2668,2066,2013,840,3,11,990316,0,1,1,0.438079857,12
"164","2066.2014",164,189,191,191,2066,2,1,2669,2066,2014,840,2,4,990316,1,1,1,0.418321765,11
"165","2066.2015",165,190,192,192,2066,3,1,2670,2066,2015,840,2,6,990316,1,1,1,0.416981651,14
"166","2066.2016",166,191,193,193,2066,4.5,1,2671,2066,2016,840,2,9,990316,1,1,1,0.414919937,14
"167","2066.2017",167,192,194,194,2066,3.5,1,2672,2066,2017,840,2,7,990316,1,1,1,0.412308432,11
"168","2066.2018",168,193,195,195,2066,4,1,2673,2066,2018,840,1,4,990316,0,1,1,0.383513161,15
"169","2066.2019",169,194,196,196,2066,3,1,2674,2066,2019,840,1,3,990316,0,1,1,0.371349048,16
"170","2068.2019",170,195,197,197,27050,2,2,2699,2068,2019,840,1,2,1020450,0,1,1,0.355277351,14
"171","2105.2019",171,196,198,198,27031,1,2,2777,2105,2019,840,1,1,1040438,0,1,1,0.422663637,11
"172","21109.2019",172,197,199,199,88049,3,2,2816,21109,2019,840,4,12,1190218,0,1,1,0.590518979,18
"173","21109.2019",173,198,200,200,88028,3,2,2816,21109,2019,840,4,12,1190218,0,1,1,0.590518979,18
"174","21109.2019",174,199,201,201,88025,3,2,2816,21109,2019,840,4,12,1190218,0,1,1,0.590518979,18
"175","2207.2019",175,200,202,202,2021,4.33333333333333,2,2866,2207,2019,840,3,13,1040438,0,1,1,0.515233373,15
"176","2207.2019",176,201,203,203,2066,4.33333333333333,2,2866,2207,2019,840,3,13,1040438,0,1,1,0.515233373,15
"177","2207.2019",177,202,204,204,82015,4.33333333333333,2,2866,2207,2019,840,3,13,1040438,0,1,1,0.515233373,15
"178","2208.2019",178,203,205,205,82015,8.5,2,2881,2208,2019,840,3,21,1070595,1,1,1,0.479141104,24
"179","2208.2019",179,204,206,206,2021,8.5,2,2881,2208,2019,840,3,21,1070595,1,1,1,0.479141104,24
"180","2208.2019",180,205,207,207,27031,8.5,2,2881,2208,2019,840,3,21,1070595,1,1,1,0.479141104,24
"181","2211.2019",181,208,210,210,25108,2.66666666666667,2,2901,2211,2019,840,3,8,1020446,0,1,1,0.512345289,11
"182","2211.2019",182,209,211,211,2021,2.66666666666667,2,2901,2211,2019,840,3,8,1020446,0,1,1,0.512345289,11
"183","2211.2019",183,210,212,212,82015,2.66666666666667,2,2901,2211,2019,840,3,8,1020446,0,1,1,0.512345289,11
"184","2216.2019",184,230,232,232,2038,6,2,2945,2216,2019,840,2,12,1160379,0,1,1,0.496998687,16
"185","2216.2019",185,231,233,233,25108,6,2,2945,2216,2019,840,2,12,1160379,0,1,1,0.496998687,16
"186","2216.2019",186,232,234,234,2021,6,2,2945,2216,2019,840,2,12,1160379,0,1,1,0.496998687,16
"187","2216.2019",187,233,235,235,25005,6,2,2945,2216,2019,840,2,12,1160379,0,1,1,0.496998687,16
"188","2216.2019",188,235,237,237,27031,6,2,2945,2216,2019,840,2,12,1160379,0,1,1,0.496998687,16
"189","25005.2000",189,255,257,257,25005,3.8,1,2993,25005,2000,840,7,23,1190492,0,1,1,0.688396393,15
"190","25005.2001",190,256,258,258,25005,1.6,1,2994,25005,2001,840,7,11,1190492,0,1,1,0.687697581,11
"191","25005.2002",191,257,259,259,25005,2.6,1,2995,25005,2002,840,7,16,1030213,1,1,1,0.687664304,12
"192","25005.2003",192,258,260,260,25005,2.8,1,2996,25005,2003,840,7,23,1030213,0,1,1,0.672689761,13
"193","25005.2004",193,259,261,261,25005,2,1,2997,25005,2004,840,7,17,1030213,0,1,1,0.635020465,14
"194","25005.2008",194,260,262,262,25005,3,1,2998,25005,2008,840,4,13,1150599,0,1,1,0.540581012,19
"195","25005.2009",195,261,263,263,25005,1.66666666666667,1,2999,25005,2009,840,4,5,1150599,2,1,1,0.502578949,15
"196","25005.2010",196,262,264,264,25005,3.66666666666667,1,3000,25005,2010,840,3,11,1150599,0,1,1,0.477421716,18
"197","25005.2011",197,263,265,265,25005,5,1,3001,25005,2011,840,2,8,1150599,0,1,1,0.441449536,20
"198","25005.2013",198,264,266,266,25005,4.28571428571429,1,3002,25005,2013,840,7,30,1151375,0,1,1,0.626069016,16
"199","25005.2014",199,265,267,267,25005,4.66666666666667,1,3003,25005,2014,840,6,28,1151375,0,1,1,0.586935543,17
"200","25005.2015",200,266,268,268,25005,3.2,1,3004,25005,2015,840,5,16,1151375,0,1,1,0.550863532,14
"201","25005.2016",201,267,269,269,25005,1.4,1,3005,25005,2016,840,5,7,1151375,0,0,1,0.542444511,14
"202","25005.2017",202,268,270,270,25005,6,1,3006,25005,2017,840,3,18,1151375,0,1,1,0.489867226,22
"203","25005.2018",203,269,271,271,25005,2.66666666666667,1,3007,25005,2018,840,2,5,1151375,0,1,1,0.475791155,15
"204","25005.2019",204,270,272,272,25005,2,1,3008,25005,2019,840,2,4,1151375,0,1,1,0.395394496,10
"205","25006.2019",205,271,273,273,25005,5.33333333333333,2,3024,25006,2019,840,6,32,990903,1,1,1,0.565096235,22
"206","25006.2019",206,272,274,274,2066,5.33333333333333,2,3024,25006,2019,840,6,32,990903,1,1,1,0.565096235,22
"207","25010.2000",207,273,275,275,25010,4.11111111111111,1,3025,25010,2000,840,10,44,1190172,0,1,1,0.864174733,15
"208","25010.2001",208,274,276,276,25010,4.77777777777778,1,3026,25010,2001,840,9,43,1190172,1,1,1,0.851088895,15
"209","25010.2002",209,275,277,277,25010,6.375,1,3027,25010,2002,840,8,51,1190172,0,1,1,0.826604687,19
"210","25010.2003",210,276,278,278,25010,3.75,1,3028,25010,2003,840,8,30,990594,2,1,2,0.825936067,16
"211","25010.2004",211,277,279,279,25010,3.42857142857143,1,3029,25010,2004,840,7,24,990594,0,0,1,0.81574758,10
"212","25010.2005",212,278,280,280,25010,2.66666666666667,1,3030,25010,2005,840,6,16,990594,1,1,1,0.799859908,11
"213","25010.2006",213,279,281,281,25010,2.33333333333333,1,3031,25010,2006,840,6,14,990594,0,1,1,0.743759552,11
"214","25010.2007",214,280,282,282,25010,3.8,1,3032,25010,2007,840,5,19,990594,0,1,1,0.732329343,12
"215","25010.2008",215,281,283,283,25010,2.5,1,3033,25010,2008,840,4,10,990594,0,1,1,0.651267193,12
"216","25010.2009",216,282,284,284,25010,3.25,1,3034,25010,2009,840,4,13,990594,1,1,1,0.635984463,12
"217","25010.2010",217,283,285,285,25010,5,1,3035,25010,2010,840,4,20,990594,0,1,1,0.632100102,17
"218","25010.2011",218,284,286,286,25010,2.25,1,3036,25010,2011,840,4,9,990594,1,1,1,0.627801834,13
"219","25010.2012",219,285,287,287,25010,3.25,1,3037,25010,2012,840,4,13,990594,0,1,1,0.670466123,11
"220","25010.2013",220,286,288,288,25010,3.75,1,3038,25010,2013,840,4,15,990594,0,1,1,0.674382323,12
"221","25010.2014",221,287,289,289,25010,2.5,1,3039,25010,2014,840,4,10,990594,0,1,1,0.673204279,11
"222","25010.2015",222,288,290,290,25010,3,1,3040,25010,2015,840,4,12,990594,0,1,1,0.671198421,13
"223","25010.2016",223,289,291,291,25010,3,1,3041,25010,2016,840,3,9,990594,0,1,1,0.579342843,13
"224","25010.2017",224,290,292,292,25010,2.5,1,3042,25010,2017,840,2,5,990594,0,1,1,0.522255476,15
"225","25010.2018",225,291,293,293,25010,1.5,1,3043,25010,2018,840,2,3,990594,1,1,1,0.517193072,11
"226","25010.2019",226,292,294,294,25010,3,1,3044,25010,2019,840,2,6,990594,0,1,1,0.513722618,12
"227","25012.2019",227,293,295,295,25005,2.33333333333333,2,3067,25012,2019,840,3,7,990883,0,1,1,0.549738051,12
"228","25015.2019",228,294,296,296,25010,2.28571428571429,2,3106,25015,2019,840,7,16,1091225,0,1,1,0.840363378,8
"229","25021.2019",229,296,298,298,27050,5,2,3157,25021,2019,840,1,5,1140753,0,1,1,0.534015103,15
"230","25056.2019",230,297,299,299,25005,4.33333333333333,2,3242,25056,2019,840,3,13,990223,0,1,1,0.601607932,17
"231","25056.2019",231,298,300,300,25010,4.33333333333333,2,3242,25056,2019,840,3,13,990223,0,1,1,0.601607932,17
"232","25056.2019",232,299,301,301,25108,4.33333333333333,2,3242,25056,2019,840,3,13,990223,0,1,1,0.601607932,17
"233","25057.2019",233,301,303,303,25010,1.22222222222222,2,3259,25057,2019,840,9,11,990594,0,1,1,0.748459712,5
"234","25057.2019",234,302,304,304,2036,1.22222222222222,2,3259,25057,2019,840,9,11,990594,0,1,1,0.748459712,5
"235","25061.2019",235,303,305,305,27050,9,2,3291,25061,2019,840,1,9,1151375,0,1,1,0.35249079,19
"236","25108.2000",236,304,306,306,25108,5,1,3395,25108,2000,840,2,10,1010060,0,1,1,0.593658617,12
"237","25108.2001",237,305,307,307,25108,4,1,3396,25108,2001,840,2,8,1010060,0,1,1,0.585214391,15
"238","25108.2002",238,306,308,308,25108,4,1,3397,25108,2002,840,2,7,1010060,0,1,1,0.583012978,14
"239","25108.2006",239,307,309,309,25108,4,1,3398,25108,2006,840,1,4,1070395,0,1,1,0.500180713,14
"240","25108.2007",240,308,310,310,25108,3,1,3399,25108,2007,840,1,3,1070395,1,1,1,0.49426647,9
"241","25108.2008",241,309,311,311,25108,5,1,3400,25108,2008,840,1,5,1070395,0,0,1,0.493149335,17
"242","25108.2009",242,310,312,312,25108,4,1,3401,25108,2009,840,1,4,1070395,1,1,1,0.459668145,11
"243","25108.2010",243,311,313,313,25108,4,1,3402,25108,2010,840,1,4,1070395,0,1,1,0.458091014,11
"244","25108.2011",244,312,314,314,25108,2,1,3403,25108,2011,840,1,2,1070395,0,1,1,0.450763923,10
"245","25108.2014",245,313,315,315,25108,0,1,3404,25108,2014,840,1,0,1060394,0,1,2,0.498702152,7
"246","25108.2015",246,314,316,316,25108,1,1,3405,25108,2015,840,1,1,1041092,0,1,1,0.464728109,12
"247","25108.2016",247,315,317,317,25108,1,1,3406,25108,2016,840,1,1,1041092,0,1,1,0.450928208,11
"248","25108.2017",248,316,318,318,25108,3,1,3407,25108,2017,840,1,3,1041092,0,0,1,0.446985379,10
"249","25108.2018",249,317,319,319,25108,2,1,3408,25108,2018,840,1,2,1041092,0,0,1,0.421586989,13
"250","25108.2019",250,318,320,320,25108,6,1,3409,25108,2019,840,1,6,1151375,0,0,1,0.39277148,17
"251","25113.2019",251,319,321,321,25005,5,2,3429,25113,2019,840,4,20,1090604,0,1,1,0.68084351,15
"252","25113.2019",252,320,322,322,25010,5,2,3429,25113,2019,840,4,20,1090604,0,1,1,0.68084351,15
"253","25113.2019",253,321,323,323,27050,5,2,3429,25113,2019,840,4,20,1090604,0,1,1,0.68084351,15
"254","25902.2019",254,322,324,324,25010,2.5,2,3496,25902,2019,840,4,10,1070344,1,0,1,0.785375303,9
"255","25903.2019",255,323,325,325,25010,3.66666666666667,2,3514,25903,2019,840,6,25,981379,0,0,1,0.590321277,17
"256","25906.2019",256,324,326,326,25010,2.85714285714286,2,3530,25906,2019,840,7,20,1091295,0,0,1,0.822474555,12
"257","25917.2019",257,325,327,327,25010,4.55555555555556,2,3544,25917,2019,840,9,41,1070344,0,0,1,0.816323887,14
"258","27001.2019",258,326,328,328,27032,2.8,2,3579,27001,2019,840,4,11,1151508,2,1,1,0.44447465,11
"259","27004.2019",259,327,329,329,27032,3.5,2,3605,27004,2019,840,3,10,980510,0,1,1,0.588555589,17
"260","27004.2019",260,328,330,330,27031,3.5,2,3605,27004,2019,840,3,10,980510,0,1,1,0.588555589,17
"261","27004.2019",261,329,331,331,25010,3.5,2,3605,27004,2019,840,3,10,980510,0,1,1,0.588555589,17
"262","27004.2019",262,330,332,332,25108,3.5,2,3605,27004,2019,840,3,10,980510,0,1,1,0.588555589,17
"263","27004.2019",263,331,333,333,25005,3.5,2,3605,27004,2019,840,3,10,980510,0,1,1,0.588555589,17
"264","27005.2019",264,332,334,334,27031,5,2,3622,27005,2019,840,1,5,981362,0,1,1,0.382689076,21
"265","27005.2019",265,333,335,335,27050,5,2,3622,27005,2019,840,1,5,981362,0,1,1,0.382689076,21
"266","27005.2019",266,334,336,336,25108,5,2,3622,27005,2019,840,1,5,981362,0,1,1,0.382689076,21
"267","27009.2019",267,335,337,337,27050,3.25,2,3671,27009,2019,840,4,13,1150723,1,1,1,0.525576223,18
"268","27009.2019",268,336,338,338,2021,3.25,2,3671,27009,2019,840,4,13,1150723,1,1,1,0.525576223,18
"269","27009.2019",269,338,340,340,25010,3.25,2,3671,27009,2019,840,4,13,1150723,1,1,1,0.525576223,18
"270","27010.2019",270,339,341,341,27050,4,2,3691,27010,2019,840,1,4,1040466,1,1,1,0.2906847,12
"271","27014.2019",271,340,342,342,27050,3.5,2,3717,27014,2019,840,2,7,1150935,2,1,1,0.355222386,12
"272","27015.2019",272,341,343,343,25108,1.33333333333333,2,3737,27015,2019,840,3,4,1060105,0,1,1,0.45983397,7
"273","27015.2019",273,342,344,344,25005,1.33333333333333,2,3737,27015,2019,840,3,4,1060105,0,1,1,0.45983397,7
"274","27015.2019",274,343,345,345,27050,1.33333333333333,2,3737,27015,2019,840,3,4,1060105,0,1,1,0.45983397,7
"275","27015.2019",275,344,346,346,27031,1.33333333333333,2,3737,27015,2019,840,3,4,1060105,0,1,1,0.45983397,7
"276","27015.2019",276,345,347,347,27032,1.33333333333333,2,3737,27015,2019,840,3,4,1060105,0,1,1,0.45983397,7
"277","27016.2019",277,346,348,348,2038,4.5,2,3755,27016,2019,840,4,18,1070350,1,1,1,0.701515977,16
"278","27016.2019",278,347,349,349,2036,4.5,2,3755,27016,2019,840,4,18,1070350,1,1,1,0.701515977,16
"279","27016.2019",279,348,350,350,25005,4.5,2,3755,27016,2019,840,4,18,1070350,1,1,1,0.701515977,16
"280","27016.2019",280,349,351,351,25010,4.5,2,3755,27016,2019,840,4,18,1070350,1,1,1,0.701515977,16
"281","27024.2019",281,350,352,352,27050,1,2,3800,27024,2019,840,1,1,1180099,0,0,1,0.392568203,13
"282","27026.2019",282,351,353,353,27031,3.5,2,3816,27026,2019,840,4,14,1000480,1,1,1,0.54382525,16
"283","27028.2019",283,352,354,354,27050,1,2,3850,27028,2019,840,1,1,1090769,0,1,1,0.304874903,19
"284","27031.2000",284,353,355,355,27031,2,1,3874,27031,2000,840,2,4,1190506,0,1,2,0.636181202,12
"285","27031.2001",285,354,356,356,27031,4,1,3875,27031,2001,840,2,8,1190506,0,1,1,0.607888936,13
"286","27031.2002",286,355,357,357,27031,2,1,3876,27031,2002,840,2,4,1190506,0,1,1,0.582557489,10
"287","27031.2003",287,356,358,358,27031,5.5,1,3877,27031,2003,840,2,11,1190506,1,1,1,0.555844327,15
"288","27031.2004",288,357,359,359,27031,3,1,3878,27031,2004,840,2,6,1190506,0,1,1,0.546665789,16
"289","27031.2005",289,358,360,360,27031,2.5,1,3879,27031,2005,840,2,5,1190506,0,1,1,0.53702668,14
"290","27031.2006",290,359,361,361,27031,2.5,1,3880,27031,2006,840,2,5,1190506,0,1,1,0.518176136,12
"291","27031.2007",291,360,362,362,27031,2,1,3881,27031,2007,840,2,4,1190506,0,1,1,0.511497845,12
"292","27031.2008",292,361,363,363,27031,2.5,1,3882,27031,2008,840,2,5,1160380,0,1,2,0.471164918,18
"293","27031.2009",293,362,364,364,27031,3.5,1,3883,27031,2009,840,2,7,1160380,0,1,1,0.465539362,14
"294","27031.2010",294,363,365,365,27031,1.5,1,3884,27031,2010,840,2,3,1160380,1,1,1,0.437970852,12
"295","27031.2011",295,364,366,366,27031,4.5,1,3885,27031,2011,840,2,9,1160380,0,1,1,0.437707669,17
"296","27031.2012",296,365,367,367,27031,3.5,1,3886,27031,2012,840,2,7,1160380,0,1,1,0.47096753,17
"297","27031.2013",297,366,368,368,27031,3,1,3887,27031,2013,840,2,6,1160380,0,1,1,0.482251538,15
"298","27031.2014",298,367,369,369,27031,3.5,1,3888,27031,2014,840,2,7,1160380,2,0,1,0.448004737,14
"299","27031.2015",299,368,370,370,27031,5.5,1,3889,27031,2015,840,2,11,1160380,0,1,1,0.42382472,19
"300","27031.2016",300,369,371,371,27031,4,1,3890,27031,2016,840,2,8,1160380,0,1,1,0.411191894,15
"301","27031.2017",301,370,372,372,27031,1.5,1,3891,27031,2017,840,2,3,1160380,0,1,1,0.388525183,18
"302","27031.2018",302,371,373,373,27031,4.5,1,3892,27031,2018,840,2,9,1160380,0,1,1,0.388525183,15
"303","27031.2019",303,372,374,374,27031,2.5,1,3893,27031,2019,840,2,5,1160380,0,1,1,0.370826068,16
"304","27032.2000",304,373,375,375,27032,5,1,3894,27032,2000,840,2,10,1190499,1,1,1,0.667723928,15
"305","27032.2001",305,374,376,376,27032,5.5,1,3895,27032,2001,840,2,11,1190499,2,1,1,0.658081705,18
"306","27032.2002",306,375,377,377,27032,5.5,1,3896,27032,2002,840,2,11,1190499,2,1,1,0.631660746,17
"307","27032.2003",307,376,378,378,27032,4,1,3897,27032,2003,840,2,8,1190499,2,1,1,0.62690307,16
"308","27032.2004",308,377,379,379,27032,2.5,1,3898,27032,2004,840,2,5,1190499,1,1,1,0.580182695,14
"309","27032.2005",309,378,380,380,27032,4,1,3899,27032,2005,840,2,8,1190499,0,1,1,0.572538696,16
"310","27032.2006",310,379,381,381,27032,7,1,3900,27032,2006,840,2,14,1190499,2,1,1,0.545356509,16
"311","27032.2012",311,380,382,382,27032,4.5,1,3901,27032,2012,840,2,9,1151092,0,1,1,0.489342806,13
"312","27032.2013",312,381,383,383,27032,5.5,1,3902,27032,2013,840,2,11,1151092,1,1,1,0.481603654,14
"313","27032.2014",313,382,384,384,27032,3,1,3903,27032,2014,840,2,6,1151092,0,1,1,0.479446841,11
"314","27032.2015",314,383,385,385,27032,5,1,3904,27032,2015,840,2,10,1151092,0,1,1,0.468409033,12
"315","27032.2016",315,384,386,386,27032,4,1,3905,27032,2016,840,2,8,1151092,2,1,1,0.459115707,13
"316","27032.2017",316,385,387,387,27032,5,1,3906,27032,2017,840,2,10,1151092,2,1,1,0.456483126,12
"317","27032.2018",317,386,388,388,27032,4.5,1,3907,27032,2018,840,2,9,1151092,0,1,1,0.451376554,12
"318","27032.2019",318,387,389,389,27032,4,1,3908,27032,2019,840,1,4,1151092,0,1,1,0.439006597,15
"319","27035.2019",319,388,390,390,25108,6,2,3924,27035,2019,840,1,6,1150935,0,1,1,0.596990078,19
"320","27035.2019",320,389,391,391,25010,6,2,3924,27035,2019,840,1,6,1150935,0,1,1,0.596990078,19
"321","27038.2019",321,390,392,392,2021,5.5,2,3967,27038,2019,840,2,11,1090769,0,1,1,0.565816808,19
"322","27038.2019",322,391,393,393,25005,5.5,2,3967,27038,2019,840,2,11,1090769,0,1,1,0.565816808,19
"323","27038.2019",323,393,395,395,2066,5.5,2,3967,27038,2019,840,2,11,1090769,0,1,1,0.565816808,19
"324","27045.2019",324,394,396,396,80112,8.25,2,4013,27045,2019,840,4,33,1020555,0,1,1,0.60360026,24
"325","27045.2019",325,395,397,397,27050,8.25,2,4013,27045,2019,840,4,33,1020555,0,1,1,0.60360026,24
"326","27046.2019",326,396,398,398,25010,6,2,4033,27046,2019,840,1,6,1060314,1,1,1,0.666490014,15
"327","27046.2019",327,397,399,399,27050,6,2,4033,27046,2019,840,1,6,1060314,1,1,1,0.666490014,15
"328","27046.2019",328,398,400,400,27032,6,2,4033,27046,2019,840,1,6,1060314,1,1,1,0.666490014,15
"329","27048.2019",329,399,401,401,25010,5.66666666666667,2,4062,27048,2019,840,3,17,990530,0,1,1,0.633888787,25
"330","27048.2019",330,400,402,402,27031,5.66666666666667,2,4062,27048,2019,840,3,17,990530,0,1,1,0.633888787,25
"331","27048.2019",331,401,403,403,80112,5.66666666666667,2,4062,27048,2019,840,3,17,990530,0,1,1,0.633888787,25
"332","27048.2019",332,402,404,404,27032,5.66666666666667,2,4062,27048,2019,840,3,17,990530,0,1,1,0.633888787,25
"333","27050.2000",333,403,405,405,27050,4.8,1,4063,27050,2000,840,6,26,1040549,1,1,1,0.689181055,20
"334","27050.2001",334,404,406,406,27050,5.2,1,4064,27050,2001,840,6,27,1040549,0,1,1,0.671186441,19
"335","27050.2002",335,405,407,407,27050,3.6,1,4065,27050,2002,840,6,19,1040549,1,1,1,0.670489466,15
"336","27050.2003",336,406,408,408,27050,3.4,1,4066,27050,2003,840,6,21,1040549,1,1,1,0.658387454,15
"337","27050.2004",337,407,409,409,27050,4.8,1,4067,27050,2004,840,6,29,1040549,1,1,1,0.602312688,20
"338","27050.2005",338,408,410,410,27050,4.75,1,4068,27050,2005,840,4,19,1040549,2,0,1,0.534642801,16
"339","27050.2006",339,409,411,411,27050,6.25,1,4069,27050,2006,840,4,25,1040549,0,1,1,0.520576588,21
"340","27050.2007",340,410,412,412,27050,6.5,1,4070,27050,2007,840,4,26,1040549,1,1,1,0.512751465,21
"341","27050.2008",341,411,413,413,27050,7.5,1,4071,27050,2008,840,4,30,1040549,0,1,1,0.51107239,22
"342","27050.2009",342,412,414,414,27050,5,1,4072,27050,2009,840,3,15,1040549,1,1,1,0.467574846,21
"343","27050.2010",343,413,415,415,27050,7,1,4073,27050,2010,840,1,7,1040549,2,1,1,0.347061619,24
"344","27050.2011",344,414,416,416,27050,5,1,4074,27050,2011,840,1,5,1040549,0,1,1,0.344875653,17
"345","27050.2012",345,415,417,417,27050,6,1,4075,27050,2012,840,2,12,1040549,0,1,1,0.373419927,18
"346","27050.2013",346,416,418,418,27050,4,1,4076,27050,2013,840,2,8,1040549,0,1,1,0.372627911,18
"347","27050.2014",347,417,419,419,27050,5.5,1,4077,27050,2014,840,2,11,1040549,2,1,1,0.360430857,19
"348","27050.2015",348,418,420,420,27050,5,1,4078,27050,2015,840,1,5,1040549,0,1,1,0.312212894,18
"349","27050.2016",349,419,421,421,27050,4,1,4079,27050,2016,840,1,4,1040549,0,1,1,0.307840963,18
"350","27050.2017",350,420,422,422,27050,6,1,4080,27050,2017,840,1,6,1040549,1,1,1,0.300712815,20
"351","27050.2018",351,421,423,423,27050,6,1,4081,27050,2018,840,1,6,1040549,0,1,1,0.296530968,19
"352","27050.2019",352,422,424,424,27050,6,1,4082,27050,2019,840,1,6,1040549,0,1,1,0.285316015,20
"353","27053.2019",353,423,425,425,25108,8,2,4103,27053,2019,840,1,8,981362,0,1,1,0.406403618,19
"354","27053.2019",354,424,426,426,25005,8,2,4103,27053,2019,840,1,8,981362,0,1,1,0.406403618,19
"355","27057.2019",355,425,427,427,25108,3.42857142857143,2,4137,27057,2019,840,6,21,990903,0,1,1,0.583705675,14
"356","27057.2019",356,426,428,428,25010,3.42857142857143,2,4137,27057,2019,840,6,21,990903,0,1,1,0.583705675,14
"357","27102.2019",357,427,429,429,27031,2.66666666666667,2,4141,27102,2019,840,3,8,1140719,0,1,1,0.518390623,11
"358","27102.2019",358,428,430,430,25010,2.66666666666667,2,4141,27102,2019,840,3,8,1140719,0,1,1,0.518390623,11
"359","27102.2019",359,429,431,431,25108,2.66666666666667,2,4141,27102,2019,840,3,8,1140719,0,1,1,0.518390623,11
"360","27102.2019",360,430,432,432,27050,2.66666666666667,2,4141,27102,2019,840,3,8,1140719,0,1,1,0.518390623,11
"361","34061.2019",361,431,433,433,82015,4.66666666666667,2,4513,34061,2019,840,3,14,1000644,0,1,1,0.465087719,17
"362","34081.2019",362,432,434,434,82015,5.66666666666667,2,4596,34081,2019,840,3,17,1151582,0,1,1,0.45961272,24
"363","42010.2019",363,433,435,435,2066,3,2,5304,42010,2019,840,1,3,980761,0,1,1,0.415203371,12
"364","42010.2019",364,434,436,436,2038,3,2,5304,42010,2019,840,1,3,980761,0,1,1,0.415203371,12
"365","42010.2019",365,435,437,437,42122,3,2,5304,42010,2019,840,1,3,980761,0,1,1,0.415203371,12
"366","42012.2019",366,436,438,438,42122,4.28571428571429,2,5321,42012,2019,840,7,30,1151097,0,1,1,0.664635167,21
"367","42036.2019",367,437,439,439,42122,7.66666666666667,2,5461,42036,2019,840,4,30,990841,0,1,1,0.479997446,18
"368","42036.2019",368,438,440,440,7013,7.66666666666667,2,5461,42036,2019,840,4,30,990841,0,1,1,0.479997446,18
"369","42104.2019",369,439,441,441,42122,6.5,2,5507,42104,2019,840,2,13,1060298,1,1,1,0.776625793,13
"370","42122.2000",370,440,442,442,42122,2.16666666666667,1,5508,42122,2000,840,7,15,1140222,0,0,1,0.814308758,12
"371","42122.2001",371,441,443,443,42122,3.5,1,5509,42122,2001,840,6,21,1140222,0,0,1,0.790555714,13
"372","42122.2002",372,442,444,444,42122,3.16666666666667,1,5510,42122,2002,840,6,19,1140222,0,1,1,0.76658127,13
"373","42122.2003",373,443,445,445,42122,4.33333333333333,1,5511,42122,2003,840,6,26,1140222,0,0,1,0.749059051,17
"374","42122.2004",374,444,446,446,42122,5,1,5512,42122,2004,840,6,30,1140222,0,1,1,0.728437233,16
"375","42122.2006",375,445,447,447,42122,6.4,1,5513,42122,2006,840,5,32,1140222,0,1,1,0.687826169,17
"376","42122.2007",376,446,448,448,42122,5.4,1,5514,42122,2007,840,5,27,1140222,0,1,1,0.603504444,17
"377","42122.2008",377,447,449,449,42122,4.25,1,5515,42122,2008,840,4,17,1140222,0,1,1,0.583957997,17
"378","42122.2009",378,448,450,450,42122,5,1,5516,42122,2009,840,3,15,1140222,0,1,1,0.547964703,19
"379","42122.2010",379,449,451,451,42122,4.66666666666667,1,5517,42122,2010,840,3,14,1140222,0,1,1,0.506246639,14
"380","42122.2012",380,450,452,452,42122,2.66666666666667,1,5518,42122,2012,840,3,8,1080208,0,1,1,0.523990258,14
"381","42122.2013",381,451,453,453,42122,6.33333333333333,1,5519,42122,2013,840,3,19,1190855,2,0,1,0.533036025,18
"382","42122.2014",382,452,454,454,42122,6,1,5520,42122,2014,840,3,18,1190855,0,0,1,0.528228485,18
"383","42122.2015",383,453,455,455,42122,5,1,5521,42122,2015,840,2,10,1190855,2,1,1,0.493848246,17
"384","42122.2016",384,454,456,456,42122,3.5,1,5522,42122,2016,840,2,7,1190855,1,1,1,0.490527248,14
"385","42122.2017",385,455,457,457,42122,5.5,1,5523,42122,2017,840,2,11,1190855,0,1,1,0.468924945,17
"386","42122.2018",386,456,458,458,42122,4.5,1,5524,42122,2018,840,2,9,1190855,2,1,1,0.455229781,16
"387","42122.2019",387,457,459,459,42122,7.5,1,5525,42122,2019,840,2,15,1030738,1,1,2,0.449220356,18
"388","42125.2019",388,458,460,460,7111,8,2,5537,42125,2019,840,2,11,1041125,0,1,1,0.382526674,21
"389","42128.2019",389,459,461,461,7013,5,2,5557,42128,2019,840,1,5,1140388,0,1,1,0.504683763,11
"390","42128.2019",390,460,462,462,42122,5,2,5557,42128,2019,840,1,5,1140388,0,1,1,0.504683763,11
"391","42128.2019",391,461,463,463,7111,5,2,5557,42128,2019,840,1,5,1140388,0,1,1,0.504683763,11
"392","42905.2019",392,462,469,469,42122,6.44444444444444,2,5611,42905,2019,840,9,58,1160350,0,0,1,0.754280924,21
"393","46003.2019",393,463,470,470,88914,5,2,6468,46003,2019,840,1,5,1120068,0,1,1,0.682665466,16
"394","46003.2019",394,464,471,471,88028,5,2,6468,46003,2019,840,1,5,1120068,0,1,1,0.682665466,16
"395","46003.2019",395,465,472,472,88049,5,2,6468,46003,2019,840,1,5,1120068,0,1,1,0.682665466,16
"396","46015.2019",396,466,473,473,88028,4.25,2,6597,46015,2019,840,4,17,1000107,1,1,1,0.422034919,14
"397","46030.2019",397,467,474,474,63109,6.625,2,6647,46030,2019,840,9,59,981037,0,1,1,0.7718605,22
"398","46030.2019",398,468,475,475,88914,6.625,2,6647,46030,2019,840,9,59,981037,0,1,1,0.7718605,22
"399","46047.2019",399,469,477,477,88028,12.6666666666667,2,6730,46047,2019,840,3,38,1080582,0,1,1,0.489699583,23
"400","46047.2019",400,471,479,479,88049,12.6666666666667,2,6730,46047,2019,840,3,38,1080582,0,1,1,0.489699583,23
"401","46052.2019",401,472,480,480,63232,3.5,2,6769,46052,2019,840,2,7,1120068,0,1,1,0.573345594,15
"402","46052.2019",402,473,481,481,88025,3.5,2,6769,46052,2019,840,2,7,1120068,0,1,1,0.573345594,15
"403","46052.2019",403,474,482,482,88049,3.5,2,6769,46052,2019,840,2,7,1120068,0,1,1,0.573345594,15
"404","46055.2019",404,475,483,483,88023,4.66666666666667,2,6806,46055,2019,840,3,14,1150720,3,1,1,0.735996691,19
"405","46126.2019",405,476,484,484,88023,5,2,6864,46126,2019,840,2,10,1120365,1,1,1,0.598042055,16
"406","46126.2019",406,477,485,485,88049,5,2,6864,46126,2019,840,2,10,1120365,1,1,1,0.598042055,16
"407","46126.2019",407,478,486,486,63232,5,2,6864,46126,2019,840,2,10,1120365,1,1,1,0.598042055,16
"408","46126.2019",408,479,487,487,88025,5,2,6864,46126,2019,840,2,10,1120365,1,1,1,0.598042055,16
"409","46126.2019",409,480,488,488,63024,5,2,6864,46126,2019,840,2,10,1120365,1,1,1,0.598042055,16
"410","46126.2019",410,481,489,489,88028,5,2,6864,46126,2019,840,2,10,1120365,1,1,1,0.598042055,16
"411","46126.2019",411,482,490,490,63109,5,2,6864,46126,2019,840,2,10,1120365,1,1,1,0.598042055,16
"412","51015.2019",412,483,491,491,2036,4.75,2,8300,51015,2019,840,5,26,1190737,1,1,1,0.77624807,20
"413","51015.2019",413,484,492,492,2021,4.75,2,8300,51015,2019,840,5,26,1190737,1,1,1,0.77624807,20
"414","51020.2019",414,487,495,495,2038,4.66666666666667,2,8345,51020,2019,840,3,14,981146,0,1,1,0.389914953,23
"415","51020.2019",415,488,496,496,2066,4.66666666666667,2,8345,51020,2019,840,3,14,981146,0,1,1,0.389914953,23
"416","51022.2019",416,489,497,497,82015,2,2,8365,51022,2019,840,2,4,1190762,0,1,1,0.473081967,10
"417","51023.2019",417,490,498,498,82015,4,2,8385,51023,2019,840,2,8,1150496,0,1,1,0.45032901,19
"418","51023.2019",418,491,499,499,2038,4,2,8385,51023,2019,840,2,8,1150496,0,1,1,0.45032901,19
"419","51023.2019",419,492,500,500,2066,4,2,8385,51023,2019,840,2,8,1150496,0,1,1,0.45032901,19
"420","51030.2019",420,495,503,503,2036,3.14285714285714,2,8437,51030,2019,840,7,23,1000337,0,1,1,0.669519289,16
"421","51030.2019",421,496,504,504,2066,3.14285714285714,2,8437,51030,2019,840,7,23,1000337,0,1,1,0.669519289,16
"422","51113.2019",422,497,505,505,2021,4.66666666666667,2,8465,51113,2019,840,4,22,1150496,1,1,1,0.525429047,18
"423","51119.2019",423,498,506,506,2066,4,2,8485,51119,2019,840,1,4,1120407,0,1,1,0.456128514,19
"424","51119.2019",424,499,507,507,2021,4,2,8485,51119,2019,840,1,4,1120407,0,1,1,0.456128514,19
"425","51119.2019",425,500,508,508,2038,4,2,8485,51119,2019,840,1,4,1120407,0,1,1,0.456128514,19
"426","51229.2019",426,502,510,510,2021,1,2,8504,51229,2019,840,3,3,1090611,1,1,1,0.527729958,11
"427","52004.2019",427,503,511,511,7111,4,2,8579,52004,2019,840,4,16,980836,0,1,1,0.540225656,19
"428","52004.2019",428,504,512,512,7013,4,2,8579,52004,2019,840,4,16,980836,0,1,1,0.540225656,19
"429","52006.2019",429,505,513,513,7111,4,2,8596,52006,2019,840,3,12,1190863,0,1,1,0.648758015,13
"430","52006.2019",430,506,514,514,7013,4,2,8596,52006,2019,840,3,12,1190863,0,1,1,0.648758015,13
"431","52052.2019",431,507,515,515,7111,6,2,8731,52052,2019,840,3,18,1030733,0,0,1,0.750858132,24
"432","52053.2019",432,508,516,516,7111,5,2,8750,52053,2019,840,2,10,981454,0,0,1,0.897005068,28
"433","52054.2019",433,509,517,517,7111,3.4,2,8770,52054,2019,840,5,17,981015,0,1,1,0.77879179,14
"434","52054.2019",434,510,518,518,7013,3.4,2,8770,52054,2019,840,5,17,981015,0,1,1,0.77879179,14
"435","52055.2019",435,511,519,519,7013,5,2,8785,52055,2019,840,1,5,980905,0,1,1,0.482601325,15
"436","52055.2019",436,512,520,520,7111,5,2,8785,52055,2019,840,1,5,980905,0,1,1,0.482601325,15
"437","63005.2019",437,534,542,542,63024,8,2,11417,63005,2019,840,2,16,1120332,0,0,1,0.548782015,24
"438","63005.2019",438,536,544,544,80112,8,2,11417,63005,2019,840,2,16,1120332,0,0,1,0.548782015,24
"439","63005.2019",439,538,546,546,63232,8,2,11417,63005,2019,840,2,16,1120332,0,0,1,0.548782015,24
"440","63014.2019",440,563,571,571,63311,5,2,11475,63014,2019,840,2,10,1090351,0,1,1,0.498849408,17
"441","63017.2019",441,564,572,572,27031,4,2,11489,63017,2019,840,1,4,1151454,1,1,1,0.409124834,16
"442","63017.2019",442,565,573,573,63311,4,2,11489,63017,2019,840,1,4,1151454,1,1,1,0.409124834,16
"443","63020.2019",443,566,574,574,27031,1,2,11504,63020,2019,840,1,1,1041039,0,1,1,0.417053384,9
"444","63024.2000",444,567,575,575,63024,6.6,1,11520,63024,2000,840,5,33,1080086,0,1,1,0.74685774,20
"445","63024.2001",445,568,576,576,63024,6.2,1,11521,63024,2001,840,5,31,1080086,1,1,1,0.699895507,21
"446","63024.2002",446,569,577,577,63024,6,1,11522,63024,2002,840,5,30,1080086,0,1,1,0.691565905,19
"447","63024.2003",447,570,578,578,63024,6,1,11523,63024,2003,840,4,24,1080086,0,1,1,0.667353336,20
"448","63024.2004",448,571,579,579,63024,6,1,11524,63024,2004,840,4,24,1080086,0,1,1,0.651828631,19
"449","63024.2005",449,572,580,580,63024,6.33333333333333,1,11525,63024,2005,840,3,19,1080086,0,1,1,0.641409166,20
"450","63024.2006",450,573,581,581,63024,8.33333333333333,1,11526,63024,2006,840,3,25,1080086,1,1,1,0.636781609,21
"451","63024.2007",451,574,582,582,63024,5.33333333333333,1,11527,63024,2007,840,3,16,1080086,2,1,1,0.630482162,22
"452","63024.2008",452,575,583,583,63024,5.66666666666667,1,11528,63024,2008,840,3,17,1080086,2,1,1,0.618599791,16
"453","63024.2009",453,576,584,584,63024,5.33333333333333,1,11529,63024,2009,840,3,16,1080086,2,1,1,0.595014181,20
"454","63024.2010",454,577,585,585,63024,5.33333333333333,1,11530,63024,2010,840,3,16,1080086,1,1,1,0.584833557,18
"455","63024.2011",455,578,586,586,63024,5.33333333333333,1,11531,63024,2011,840,3,16,1080086,2,1,1,0.578205702,21
"456","63024.2012",456,579,587,587,63024,4.25,1,11532,63024,2012,840,4,17,1080086,2,1,1,0.625436632,15
"457","63024.2013",457,580,588,588,63024,4,1,11533,63024,2013,840,3,12,1080098,0,1,1,0.620271682,17
"458","63024.2014",458,581,589,589,63024,5,1,11534,63024,2014,840,3,15,1080098,0,1,1,0.590446335,19
"459","63024.2015",459,582,590,590,63024,7.66666666666667,1,11535,63024,2015,840,3,23,1080098,0,1,1,0.568592327,23
"460","63024.2016",460,583,591,591,63024,9,1,11536,63024,2016,840,3,27,1080098,0,1,1,0.552530228,26
"461","63024.2017",461,584,592,592,63024,4.66666666666667,1,11537,63024,2017,840,3,14,1080098,0,1,1,0.545842663,26
"462","63024.2018",462,585,593,593,63024,6.33333333333333,1,11538,63024,2018,840,3,19,1080098,1,1,1,0.523690103,23
"463","63024.2019",463,586,594,594,63024,6.66666666666667,1,11539,63024,2019,840,3,20,1080098,1,1,1,0.520943424,23
"464","63028.2019",464,588,596,596,27032,4,2,11586,63028,2019,840,1,4,1091210,0,1,1,0.490816512,11
"465","63107.2019",465,589,597,597,63311,4.25,2,11621,63107,2019,840,8,34,1080098,2,1,1,0.780312907,11
"466","63109.2000",466,611,619,619,63109,5.5,1,11642,63109,2000,840,3,13,1090721,0,0,2,0.768338855,17
"467","63109.2001",467,612,620,620,63109,5,1,11643,63109,2001,840,2,10,1090721,1,0,1,0.710541884,17
"468","63109.2002",468,613,621,621,63109,6,1,11644,63109,2002,840,2,12,1090721,2,0,1,0.677738997,19
"469","63109.2003",469,614,622,622,63109,4,1,11645,63109,2003,840,2,8,1090721,2,0,1,0.65058566,19
"470","63109.2004",470,615,623,623,63109,6,1,11646,63109,2004,840,2,12,1090721,1,1,1,0.645498107,20
"471","63109.2006",471,616,624,624,63109,8.5,1,11647,63109,2006,840,2,17,1190714,1,0,2,0.58438831,24
"472","63109.2007",472,617,625,625,63109,8,1,11648,63109,2007,840,2,16,1190714,0,0,1,0.583323474,22
"473","63109.2008",473,618,626,626,63109,7.5,1,11649,63109,2008,840,2,15,1190714,0,1,1,0.526147657,22
"474","63109.2010",474,619,627,627,63109,8,1,11650,63109,2010,840,2,16,1000114,1,1,1,0.451372456,32
"475","63109.2011",475,620,628,628,63109,15,1,11651,63109,2011,840,2,30,1000114,1,1,1,0.432619498,36
"476","63109.2012",476,621,629,629,63109,9,1,11652,63109,2012,840,2,18,1000114,1,1,1,0.434926645,28
"477","63109.2013",477,622,630,630,63109,15,1,11653,63109,2013,840,1,15,1000114,0,1,1,0.430933507,34
"478","63109.2014",478,623,631,631,63109,3,1,11654,63109,2014,840,1,3,1000114,2,1,1,0.379466398,29
"479","63109.2015",479,624,632,632,63109,6,1,11655,63109,2015,840,1,6,1000114,0,1,1,0.377159252,31
"480","63109.2016",480,625,633,633,63109,14,1,11656,63109,2016,840,1,14,1000114,0,1,1,0.357104827,35
"481","63109.2017",481,626,634,634,63109,11,1,11657,63109,2017,840,1,11,1000114,0,1,1,0.341694274,30
"482","63109.2018",482,627,635,635,63109,9,1,11658,63109,2018,840,1,9,1000114,1,1,1,0.302384051,29
"483","63109.2019",483,628,636,636,63109,10,1,11659,63109,2019,840,1,10,1000114,1,1,1,0.284636772,30
"484","63121.2019",484,629,637,637,80112,5.33333333333333,2,11696,63121,2019,840,6,32,990815,0,1,1,0.712669475,14
"485","63202.2019",485,631,639,639,88914,5.25,2,11728,63202,2019,840,4,21,1020035,2,1,1,0.816414958,21
"486","63202.2019",486,632,640,640,63311,5.25,2,11728,63202,2019,840,4,21,1020035,2,1,1,0.816414958,21
"487","63204.2019",487,633,641,641,80112,6.14285714285714,2,11760,63204,2019,840,8,50,1090711,0,1,1,0.802662994,19
"488","63204.2019",488,634,642,642,63311,6.14285714285714,2,11760,63204,2019,840,8,50,1090711,0,1,1,0.802662994,19
"489","63205.2019",489,637,645,645,63109,8,2,11780,63205,2019,840,1,8,990354,1,1,1,0.447259817,17
"490","63205.2019",490,638,646,646,63311,8,2,11780,63205,2019,840,1,8,990354,1,1,1,0.447259817,17
"491","63207.2019",491,645,653,653,27032,7,2,11807,63207,2019,840,1,7,1040757,0,1,1,0.467069073,18
"492","63207.2019",492,646,654,654,63311,7,2,11807,63207,2019,840,1,7,1040757,0,1,1,0.467069073,18
"493","63210.2019",493,649,657,657,63109,5,2,11844,63210,2019,840,1,5,1190920,0,1,1,0.333696228,15
"494","63210.2019",494,650,658,658,63311,5,2,11844,63210,2019,840,1,5,1190920,0,1,1,0.333696228,15
"495","63212.2019",495,651,659,659,88028,4.5,2,11860,63212,2019,840,2,9,1090981,0,1,1,0.426390098,18
"496","63212.2019",496,653,661,661,63311,4.5,2,11860,63212,2019,840,2,9,1090981,0,1,1,0.426390098,18
"497","63216.2019",497,655,663,663,88049,2.5,2,11896,63216,2019,840,2,5,1120332,2,1,1,0.516254876,15
"498","63216.2019",498,656,664,664,63311,2.5,2,11896,63216,2019,840,2,5,1120332,2,1,1,0.516254876,15
"499","63216.2019",499,658,666,666,63024,2.5,2,11896,63216,2019,840,2,5,1120332,2,1,1,0.516254876,15
"500","63217.2019",500,659,667,667,88028,4,2,11916,63217,2019,840,1,4,1041027,1,1,1,0.41510623,14
"501","63224.2019",501,661,669,669,63109,3,2,12000,63224,2019,840,2,6,1000114,0,1,1,0.343685967,14
"502","63224.2019",502,662,670,670,63311,3,2,12000,63224,2019,840,2,6,1000114,0,1,1,0.343685967,14
"503","63225.2019",503,663,671,671,88914,3.5,2,12019,63225,2019,840,4,14,1160430,0,1,1,0.676887347,16
"504","63225.2019",504,664,672,672,88023,3.5,2,12019,63225,2019,840,4,14,1160430,0,1,1,0.676887347,16
"505","63225.2019",505,665,673,673,63232,3.5,2,12019,63225,2019,840,4,14,1160430,0,1,1,0.676887347,16
"506","63225.2019",506,667,675,675,63024,3.5,2,12019,63225,2019,840,4,14,1160430,0,1,1,0.676887347,16
"507","63225.2019",507,668,676,676,63311,3.5,2,12019,63225,2019,840,4,14,1160430,0,1,1,0.676887347,16
"508","63225.2019",508,670,678,678,88028,3.5,2,12019,63225,2019,840,4,14,1160430,0,1,1,0.676887347,16
"509","63225.2019",509,671,679,679,80112,3.5,2,12019,63225,2019,840,4,14,1160430,0,1,1,0.676887347,16
"510","63225.2019",510,672,680,680,63109,3.5,2,12019,63225,2019,840,4,14,1160430,0,1,1,0.676887347,16
"511","63226.2019",511,673,681,681,63109,2,2,12032,63226,2019,840,1,2,1151538,2,1,1,0.292081787,13
"512","63228.2019",512,674,682,682,88049,4,2,12052,63228,2019,840,1,4,1080098,0,1,1,0.674993146,14
"513","63228.2019",513,675,683,683,80112,4,2,12052,63228,2019,840,1,4,1080098,0,1,1,0.674993146,14
"514","63228.2019",514,676,684,684,63232,4,2,12052,63228,2019,840,1,4,1080098,0,1,1,0.674993146,14
"515","63232.2000",515,677,685,685,63232,4.33333333333333,1,12072,63232,2000,840,3,13,1120387,1,1,1,0.762645791,17
"516","63232.2003",516,678,686,686,63232,3.66666666666667,1,12073,63232,2003,840,3,11,1020369,0,1,2,0.706326065,19
"517","63232.2004",517,679,687,687,63232,4,1,12074,63232,2004,840,3,12,1020369,3,1,1,0.692919625,17
"518","63232.2005",518,680,688,688,63232,3,1,12075,63232,2005,840,3,9,1020369,0,1,1,0.661225913,23
"519","63232.2006",519,681,689,689,63232,3.33333333333333,1,12076,63232,2006,840,3,10,1090999,0,0,2,0.656535243,18
"520","63232.2007",520,682,690,690,63232,3.66666666666667,1,12077,63232,2007,840,3,11,1090999,1,0,1,0.656535243,16
"521","63232.2008",521,683,691,691,63232,4,1,12078,63232,2008,840,3,12,1090999,2,1,1,0.636092799,14
"522","63232.2009",522,684,692,692,63232,3.66666666666667,1,12079,63232,2009,840,3,11,1090999,0,1,1,0.63533215,14
"523","63232.2010",523,685,693,693,63232,8.33333333333333,1,12080,63232,2010,840,3,25,1000114,1,1,1,0.627852434,27
"524","63232.2011",524,686,694,694,63232,10.6666666666667,1,12081,63232,2011,840,3,32,1000114,2,1,1,0.614033976,31
"525","63232.2012",525,687,695,695,63232,12.6666666666667,1,12082,63232,2012,840,3,38,1000114,0,1,1,0.665536258,30
"526","63232.2013",526,688,696,696,63232,8.66666666666667,1,12083,63232,2013,840,3,26,1000114,0,1,1,0.66487069,29
"527","63232.2014",527,689,697,697,63232,11.3333333333333,1,12084,63232,2014,840,3,34,1000114,1,1,1,0.631021805,29
"528","63232.2015",528,690,698,698,63232,10.3333333333333,1,12085,63232,2015,840,3,31,1000114,1,1,1,0.619485294,26
"529","63232.2016",529,691,699,699,63232,10.3333333333333,1,12086,63232,2016,840,3,31,1000114,0,1,1,0.576033215,28
"530","63232.2017",530,692,700,700,63232,8.66666666666667,1,12087,63232,2017,840,3,26,1000114,0,1,1,0.546114351,32
"531","63232.2018",531,693,701,701,63232,5.66666666666667,1,12088,63232,2018,840,3,17,1000114,0,1,1,0.536320994,20
"532","63232.2019",532,694,702,702,63232,8,1,12089,63232,2019,840,3,24,1000114,0,1,1,0.521583418,21
"533","63233.2019",533,695,703,703,63109,4,2,12108,63233,2019,840,1,4,1160430,0,1,1,0.524130517,12
"534","63233.2019",534,699,707,707,63024,4,2,12108,63233,2019,840,1,4,1160430,0,1,1,0.524130517,12
"535","63233.2019",535,700,708,708,63232,4,2,12108,63233,2019,840,1,4,1160430,0,1,1,0.524130517,12
"536","63311.2000",536,701,709,709,63311,5,1,12123,63311,2000,840,6,30,1020203,0,1,1,0.827451751,18
"537","63311.2001",537,702,710,710,63311,4.6,1,12124,63311,2001,840,6,27,1020203,1,1,1,0.826829188,19
"538","63311.2002",538,703,711,711,63311,5.33333333333333,1,12125,63311,2002,840,4,19,1020203,0,1,1,0.726268882,21
"539","63311.2003",539,704,712,712,63311,6.33333333333333,1,12126,63311,2003,840,4,26,1020203,0,1,1,0.691700252,21
"540","63311.2004",540,705,713,713,63311,5,1,12127,63311,2004,840,3,15,1020203,0,1,1,0.675218716,18
"541","63311.2005",541,706,714,714,63311,6.66666666666667,1,12128,63311,2005,840,3,20,1020203,0,1,1,0.640551787,18
"542","63311.2006",542,707,715,715,63311,5,1,12129,63311,2006,840,3,15,1020203,0,1,1,0.623316622,17
"543","63311.2007",543,708,716,716,63311,5.66666666666667,1,12130,63311,2007,840,3,17,1020203,0,1,1,0.514859596,18
"544","63311.2008",544,709,717,717,63311,5.33333333333333,1,12131,63311,2008,840,3,16,1020203,0,1,1,0.503456863,19
"545","63311.2009",545,710,718,718,63311,3.66666666666667,1,12132,63311,2009,840,3,11,1020203,0,1,1,0.481306727,18
"546","63311.2010",546,711,719,719,63311,5.33333333333333,1,12133,63311,2010,840,3,16,1020203,1,1,1,0.478882008,20
"547","63311.2011",547,712,720,720,63311,5.66666666666667,1,12134,63311,2011,840,3,17,1020203,0,1,1,0.45601101,18
"548","63311.2012",548,713,721,721,63311,5,1,12135,63311,2012,840,3,15,1020203,0,1,1,0.469609096,19
"549","63311.2013",549,714,722,722,63311,6.5,1,12136,63311,2013,840,2,13,1020203,0,1,1,0.464956257,20
"550","63311.2014",550,715,723,723,63311,8,1,12137,63311,2014,840,2,16,1020203,0,1,1,0.42209771,20
"551","63311.2015",551,716,724,724,63311,5,1,12138,63311,2015,840,1,5,1020203,0,1,1,0.408270258,19
"552","63311.2016",552,717,725,725,63311,7,1,12139,63311,2016,840,1,7,1020203,0,1,1,0.358989482,17
"553","63311.2017",553,718,726,726,63311,6,1,12140,63311,2017,840,1,6,1020203,0,1,1,0.346538222,23
"554","63311.2018",554,719,727,727,63311,8,1,12141,63311,2018,840,1,8,1020203,0,1,1,0.346538222,19
"555","63311.2019",555,720,728,728,63311,5,1,12142,63311,2019,840,1,5,1020203,0,1,1,0.335495921,20
"556","63900.2019",556,721,729,729,63109,6,2,12158,63900,2019,840,1,6,1151089,0,0,1,0.438868206,15
"557","63900.2019",557,722,730,730,27032,6,2,12158,63900,2019,840,1,6,1151089,0,0,1,0.438868206,15
"558","63909.2019",558,725,733,733,80112,4,2,12237,63909,2019,840,1,4,1090564,0,0,1,0.790064159,18
"559","67001.2019",559,726,734,734,7111,3.77777777777778,2,13114,67001,2019,840,9,34,1070320,1,1,1,0.856508219,17
"560","67011.2019",560,727,735,735,7111,2.5,2,13134,67011,2019,840,2,5,1180150,1,1,1,0.480829705,13
"561","67011.2019",561,728,736,736,7013,2.5,2,13134,67011,2019,840,2,5,1180150,1,1,1,0.480829705,13
"562","67051.2019",562,729,737,737,7013,6.5,2,13210,67051,2019,840,2,13,970131,1,1,1,0.682860474,19
"563","67051.2019",563,730,738,738,7111,6.5,2,13210,67051,2019,840,2,13,970131,1,1,1,0.682860474,19
"564","67103.2019",564,731,739,739,7111,5,2,13261,67103,2019,840,1,5,1040483,3,1,1,0.568812814,16
"565","67103.2019",565,732,740,740,7013,5,2,13261,67103,2019,840,1,5,1040483,3,1,1,0.568812814,16
"566","67900.2019",566,733,741,741,7111,3.25,2,13281,67900,2019,840,4,13,980714,2,0,1,0.807505708,11
"567","69142.2019",567,734,742,742,11402,4,2,15081,69142,2019,840,1,4,1120237,1,1,1,0.741590214,16
"568","7004.2019",568,735,743,743,42122,2.5,2,15410,7004,2019,840,1,2,970131,1,1,1,0.553564979,17
"569","7004.2019",569,736,744,744,7111,2.5,2,15410,7004,2019,840,1,2,970131,1,1,1,0.553564979,17
"570","7004.2019",570,737,745,745,7013,2.5,2,15410,7004,2019,840,1,2,970131,1,1,1,0.553564979,17
"571","7007.2019",571,738,746,746,42122,6,2,15433,7007,2019,840,2,10,1160421,1,1,1,0.402404051,15
"572","7013.2000",572,739,747,747,7013,5.71428571428571,1,15434,7013,2000,840,7,40,1120038,0,1,1,0.732681236,23
"573","7013.2001",573,740,748,748,7013,5.14285714285714,1,15435,7013,2001,840,7,36,1120038,0,1,1,0.723178357,19
"574","7013.2002",574,741,749,749,7013,5.42857142857143,1,15436,7013,2002,840,7,38,1120038,0,1,1,0.721940197,22
"575","7013.2003",575,742,750,750,7013,5.14285714285714,1,15437,7013,2003,840,7,36,1120038,0,1,1,0.70695846,19
"576","7013.2004",576,743,751,751,7013,5.14285714285714,1,15438,7013,2004,840,7,36,1120038,1,1,1,0.700117625,21
"577","7013.2005",577,744,752,752,7013,4.71428571428571,1,15439,7013,2005,840,7,33,1120038,0,1,1,0.691326689,22
"578","7013.2006",578,745,753,753,7013,4.85714285714286,1,15440,7013,2006,840,7,34,1120038,0,1,1,0.669782703,20
"579","7013.2007",579,746,754,754,7013,3.85714285714286,1,15441,7013,2007,840,6,23,1120038,0,1,1,0.666470625,19
"580","7013.2010",580,747,755,755,7013,3.5,1,15442,7013,2010,840,4,15,981296,0,1,2,0.640035907,17
"581","7013.2011",581,748,756,756,7013,6.2,1,15443,7013,2011,840,4,28,981296,0,1,1,0.635671392,23
"582","7013.2012",582,749,757,757,7013,3.75,1,15444,7013,2012,840,4,15,1100241,0,1,1,0.659722652,21
"583","7013.2013",583,750,758,758,7013,2.25,1,15445,7013,2013,840,4,9,1100241,0,1,1,0.659103572,21
"584","7013.2014",584,751,759,759,7013,4,1,15446,7013,2014,840,4,16,1100241,0,1,1,0.626106606,21
"585","7013.2015",585,752,760,760,7013,5,1,15447,7013,2015,840,4,20,981296,0,1,1,0.612363029,17
"586","7013.2016",586,753,761,761,7013,4.25,1,15448,7013,2016,840,4,17,1100241,0,1,1,0.583885346,19
"587","7013.2017",587,754,762,762,7013,4,1,15449,7013,2017,840,3,12,1100241,0,1,1,0.574289606,21
"588","7013.2018",588,755,763,763,7013,4.5,1,15450,7013,2018,840,2,9,1190957,0,1,2,0.505757444,14
"589","7013.2019",589,756,764,764,7013,2.5,1,15451,7013,2019,840,2,5,1190957,0,1,1,0.49705937,12
"590","7015.2019",590,757,765,765,7111,3.6,2,15471,7015,2019,840,6,19,1030656,0,1,1,0.845197573,13
"591","7016.2019",591,758,766,766,7111,4,2,15484,7016,2019,840,2,8,981478,0,1,2,0.572241629,16
"592","7016.2019",592,759,767,767,7013,4,2,15484,7016,2019,840,2,8,981478,0,1,2,0.572241629,16
"593","7020.2019",593,760,768,768,7111,3.5,2,15524,7020,2019,840,2,7,970158,0,1,1,0.62243909,15
"594","7020.2019",594,761,769,769,7013,3.5,2,15524,7020,2019,840,2,7,970158,0,1,1,0.62243909,15
"595","7111.2000",595,762,770,770,7111,3.25,1,15611,7111,2000,840,8,26,1210027,0,1,1,0.881529168,13
"596","7111.2001",596,763,771,771,7111,3.625,1,15612,7111,2001,840,8,29,1210027,0,0,1,0.866030022,17
"597","7111.2002",597,764,772,772,7111,3.85714285714286,1,15613,7111,2002,840,7,27,1210027,0,1,1,0.854131072,15
"598","7111.2003",598,765,773,773,7111,4.16666666666667,1,15614,7111,2003,840,6,25,1210027,0,1,1,0.803331706,15
"599","7111.2004",599,766,774,774,7111,3.4,1,15615,7111,2004,840,5,17,1210027,0,1,1,0.753386624,14
"600","7111.2005",600,767,775,775,7111,5.25,1,15616,7111,2005,840,4,21,1151248,0,1,2,0.718727117,15
"601","7111.2006",601,768,776,776,7111,4.75,1,15617,7111,2006,840,4,19,1151248,0,1,1,0.706950207,18
"602","7111.2007",602,769,777,777,7111,5,1,15618,7111,2007,840,4,20,1151248,0,1,1,0.621064193,13
"603","7111.2008",603,770,778,778,7111,6,1,15619,7111,2008,840,4,24,1151248,0,1,1,0.611728094,14
"604","7111.2009",604,771,779,779,7111,4.75,1,15620,7111,2009,840,4,19,1151248,1,1,1,0.598303637,19
"605","7111.2010",605,772,780,780,7111,3.5,1,15621,7111,2010,840,4,14,1151248,0,1,1,0.590187942,18
"606","7111.2011",606,773,781,781,7111,4.25,1,15622,7111,2011,840,4,17,1151248,0,1,1,0.577709299,15
"607","7111.2012",607,774,782,782,7111,5,1,15623,7111,2012,840,4,20,1151248,0,1,1,0.622223578,17
"608","7111.2013",608,775,783,783,7111,5,1,15624,7111,2013,840,3,15,1151248,1,1,1,0.517970466,17
"609","7111.2014",609,776,784,784,7111,5.66666666666667,1,15625,7111,2014,840,3,17,1151248,1,1,1,0.507261411,17
"610","7111.2015",610,777,785,785,7111,4.33333333333333,1,15626,7111,2015,840,3,13,1151248,1,1,1,0.488985843,16
"611","7111.2016",611,778,786,786,7111,5.33333333333333,1,15627,7111,2016,840,3,16,1151248,0,1,1,0.487734928,19
"612","7111.2017",612,779,787,787,7111,2,1,15628,7111,2017,840,3,6,1151248,0,1,1,0.47400537,14
"613","7111.2018",613,780,788,788,7111,3.66666666666667,1,15629,7111,2018,840,3,11,1151248,1,1,1,0.459543568,18
"614","7111.2019",614,781,789,789,7111,5.33333333333333,1,15630,7111,2019,840,3,16,1151248,0,1,1,0.390834757,20
"615","72057.2019",615,782,790,790,88023,4,2,16285,72057,2019,840,2,8,1040274,0,1,1,0.710673027,14
"616","72091.2019",616,783,791,791,88023,7,2,16508,72091,2019,840,2,14,1100262,0,1,1,0.638852673,18
"617","72091.2019",617,784,792,792,88025,7,2,16508,72091,2019,840,2,14,1100262,0,1,1,0.638852673,18
"618","72091.2019",618,785,793,793,88914,7,2,16508,72091,2019,840,2,14,1100262,0,1,1,0.638852673,18
"619","72189.2019",619,786,794,794,88049,5.4,2,16726,72189,2019,840,5,27,1091058,0,1,1,0.651330587,20
"620","72192.2019",620,787,795,795,88049,7,2,16746,72192,2019,840,4,28,1120167,1,1,1,0.61738478,17
"621","72192.2019",621,788,796,796,88025,7,2,16746,72192,2019,840,4,28,1120167,1,1,1,0.61738478,17
"622","72192.2019",622,789,797,797,88028,7,2,16746,72192,2019,840,4,28,1120167,1,1,1,0.61738478,17
"623","72192.2019",623,790,798,798,88914,7,2,16746,72192,2019,840,4,28,1120167,1,1,1,0.61738478,17
"624","80003.2019",624,791,799,799,27050,2.6,2,18005,80003,2019,840,5,13,1190274,1,1,1,0.652981768,13
"625","80003.2019",625,792,800,800,27032,2.6,2,18005,80003,2019,840,5,13,1190274,1,1,1,0.652981768,13
"626","80003.2019",626,793,801,801,80112,2.6,2,18005,80003,2019,840,5,13,1190274,1,1,1,0.652981768,13
"627","80005.2019",627,794,802,802,27050,7,2,18029,80005,2019,840,2,14,1060404,0,1,1,0.365180332,18
"628","80005.2019",628,795,803,803,27031,7,2,18029,80005,2019,840,2,14,1060404,0,1,1,0.365180332,18
"629","80006.2019",629,799,807,807,63311,0,2,18045,80006,2019,840,4,2,1070196,0,1,1,0.493605423,9
"630","80006.2019",630,800,808,808,27032,0,2,18045,80006,2019,840,4,2,1070196,0,1,1,0.493605423,9
"631","80009.2019",631,801,809,809,27032,1,2,18078,80009,2019,840,1,1,1160469,0,1,1,0.495162331,11
"632","80015.2019",632,802,810,810,27050,6,2,18106,80015,2019,840,1,6,1040703,0,1,1,0.519222476,20
"633","80015.2019",633,803,811,811,27031,6,2,18106,80015,2019,840,1,6,1040703,0,1,1,0.519222476,20
"634","80018.2019",634,804,812,812,27032,3.75,2,18126,80018,2019,840,4,15,980288,1,1,1,0.619879916,16
"635","80018.2019",635,805,813,813,80112,3.75,2,18126,80018,2019,840,4,15,980288,1,1,1,0.619879916,16
"636","80021.2019",636,806,814,814,27050,5.66666666666667,2,18146,80021,2019,840,3,17,1020215,0,1,1,0.543028706,21
"637","80021.2019",637,807,815,815,27031,5.66666666666667,2,18146,80021,2019,840,3,17,1020215,0,1,1,0.543028706,21
"638","80112.2000",638,808,816,816,80112,6.14285714285714,1,18166,80112,2000,840,8,45,1030271,0,1,1,0.807229635,22
"639","80112.2001",639,809,817,817,80112,4.28571428571429,1,18167,80112,2001,840,7,30,1030271,1,1,1,0.788095878,19
"640","80112.2002",640,810,818,818,80112,4.85714285714286,1,18168,80112,2002,840,7,34,1030271,0,0,1,0.770574013,26
"641","80112.2003",641,811,819,819,80112,5.42857142857143,1,18169,80112,2003,840,7,38,1060273,0,1,2,0.74836572,21
"642","80112.2004",642,812,820,820,80112,3.14285714285714,1,18170,80112,2004,840,7,22,1060273,0,1,1,0.736485478,17
"643","80112.2005",643,813,821,821,80112,3.66666666666667,1,18171,80112,2005,840,6,22,1060273,0,1,1,0.688964509,19
"644","80112.2008",644,814,822,822,80112,2.33333333333333,1,18172,80112,2008,840,6,14,1060273,0,1,1,0.621533686,11
"645","80112.2009",645,815,823,823,80112,3.2,1,18173,80112,2009,840,5,16,1041014,0,1,2,0.601653682,17
"646","80112.2010",646,816,824,824,80112,1.6,1,18174,80112,2010,840,5,8,1041014,0,1,1,0.571505328,10
"647","80112.2011",647,817,825,825,80112,2.8,1,18175,80112,2011,840,5,14,1041014,0,0,1,0.561445927,15
"648","80112.2012",648,818,826,826,80112,2.6,1,18176,80112,2012,840,5,13,1041014,0,1,1,0.627055909,15
"649","80112.2013",649,819,827,827,80112,2.6,1,18177,80112,2013,840,5,13,1041014,0,1,1,0.622459031,14
"650","80112.2014",650,820,828,828,80112,5.8,1,18178,80112,2014,840,5,29,1030271,1,1,1,0.616727859,23
"651","80112.2015",651,821,829,829,80112,2.8,1,18179,80112,2015,840,5,14,1160469,0,1,2,0.593624071,16
"652","80112.2017",652,822,830,830,80112,6.2,1,18180,80112,2017,840,5,31,1030271,0,1,1,0.570759082,20
"653","80112.2019",653,823,831,831,80112,6,1,18181,80112,2019,840,5,30,1030271,1,1,1,0.545715053,22
"654","80122.2019",654,824,832,832,63024,6.5,2,18214,80122,2019,840,2,13,1041163,0,1,1,0.544281666,18
"655","80122.2019",655,825,833,833,80112,6.5,2,18214,80122,2019,840,2,13,1041163,0,1,1,0.544281666,18
"656","80122.2019",656,829,837,837,27032,6.5,2,18214,80122,2019,840,2,13,1041163,0,1,1,0.544281666,18
"657","82003.2019",657,830,838,838,7111,3.33333333333333,2,18267,82003,2019,840,3,10,1160209,0,1,1,0.426903785,17
"658","82007.2019",658,831,839,839,82015,6.83333333333333,2,18296,82007,2019,840,7,47,1160495,3,1,2,0.662134089,25
"659","82015.2000",659,832,840,840,82015,2.2,1,18368,82015,2000,840,5,12,1150440,0,1,1,0.707665505,15
"660","82015.2001",660,833,841,841,82015,2.8,1,18369,82015,2001,840,4,13,1150440,0,1,1,0.659898638,16
"661","82015.2002",661,834,842,842,82015,2.6,1,18370,82015,2002,840,4,11,1150440,0,1,1,0.647703516,16
"662","82015.2003",662,835,843,843,82015,2.4,1,18371,82015,2003,840,4,10,1150440,0,1,1,0.59455179,13
"663","82015.2004",663,836,844,844,82015,2,1,18372,82015,2004,840,3,7,1150440,0,1,1,0.56715236,15
"664","82015.2007",664,837,845,845,82015,6,1,18373,82015,2007,840,2,12,1120134,1,1,1,0.494963573,26
"665","82015.2008",665,838,846,846,82015,8,1,18374,82015,2008,840,2,11,1120134,0,1,1,0.493506494,20
"666","82015.2009",666,839,847,847,82015,7.66666666666667,1,18375,82015,2009,840,2,12,1120134,0,1,1,0.493443142,28
"667","82015.2010",667,840,848,848,82015,8.66666666666667,1,18376,82015,2010,840,2,17,1120134,1,1,1,0.472537219,26
"668","82015.2011",668,841,849,849,82015,6,1,18377,82015,2011,840,2,11,1120134,0,1,1,0.45901172,25
"669","82015.2012",669,842,850,850,82015,11,1,18378,82015,2012,840,2,20,1120134,0,1,1,0.467500792,24
"670","82015.2013",670,843,851,851,82015,9.33333333333333,1,18379,82015,2013,840,2,17,1120134,0,1,1,0.463002851,24
"671","82015.2014",671,844,852,852,82015,7.33333333333333,1,18380,82015,2014,840,2,15,1120134,0,1,1,0.462147608,23
"672","82015.2015",672,845,853,853,82015,8.66666666666667,1,18381,82015,2015,840,2,19,1120134,0,1,1,0.461514096,23
"673","82015.2016",673,846,854,854,82015,9,1,18382,82015,2016,840,2,18,1120134,0,1,1,0.457396262,26
"674","82015.2017",674,847,855,855,82015,5,1,18383,82015,2017,840,2,10,1120134,1,1,1,0.449540703,19
"675","82015.2019",675,848,856,856,82015,5,1,18384,82015,2019,840,2,11,1151637,0,1,2,0.448590434,25
"676","82037.2019",676,849,857,857,27031,6,2,18598,82037,2019,840,2,12,1091350,0,1,2,0.390595397,18
"677","82040.2019",677,850,858,858,27031,3.33333333333333,2,18616,82040,2019,840,3,10,1091030,0,1,1,0.55779904,13
"678","82040.2019",678,851,859,859,80112,3.33333333333333,2,18616,82040,2019,840,3,10,1091030,0,1,1,0.55779904,13
"679","82130.2019",679,852,860,860,82015,3.5,2,18671,82130,2019,840,4,14,990378,0,1,1,0.70138566,14
"680","82904.2019",680,853,861,861,80112,5.66666666666667,2,18789,82904,2019,840,1,5,1041182,2,0,2,0.730910974,17
"681","83032.2019",681,854,862,862,42122,2,2,18809,83032,2019,840,5,10,1090390,0,1,1,0.525288279,13
"682","83034.2019",682,855,863,863,42122,1.5,2,18842,83034,2019,840,4,7,1060197,0,1,1,0.736358205,10
"683","83045.2019",683,856,864,864,42122,6,2,18879,83045,2019,840,2,12,1080142,0,1,1,0.484876687,15
"684","83045.2019",684,857,865,865,7013,6,2,18879,83045,2019,840,2,12,1080142,0,1,1,0.484876687,15
"685","83057.2019",685,858,866,866,7013,0,2,18895,83057,2019,840,1,0,1070367,0,1,1,0.54139929,3
"686","83057.2019",686,859,867,867,42122,0,2,18895,83057,2019,840,1,0,1070367,0,1,1,0.54139929,3
"687","83068.2019",687,860,868,868,7111,1.66666666666667,2,18948,83068,2019,840,3,5,1000642,3,0,1,0.434517324,7
"688","83068.2019",688,861,869,869,42122,1.66666666666667,2,18948,83068,2019,840,3,5,1000642,3,0,1,0.434517324,7
"689","83069.2019",689,862,870,870,42122,1,2,18966,83069,2019,840,1,1,1070367,0,1,1,0.440188441,4
"690","83069.2019",690,863,871,871,7111,1,2,18966,83069,2019,840,1,1,1070367,0,1,1,0.440188441,4
"691","83147.2019",691,864,872,872,42122,4,2,19001,83147,2019,840,1,4,1140329,0,1,1,0.406577556,6
"692","83333.2019",692,865,873,873,7013,3.75,2,19039,83333,2019,840,5,15,1150700,0,1,1,0.561050328,16
"693","83333.2019",693,866,874,874,42122,3.75,2,19039,83333,2019,840,5,15,1150700,0,1,1,0.561050328,16
"694","83335.2019",694,867,875,875,42122,3,2,19069,83335,2019,840,1,3,1140329,0,1,1,0.508375575,8
"695","88001.2019",695,868,876,876,63232,2.25,2,19468,88001,2019,840,4,9,990895,0,1,1,0.76539391,16
"696","88001.2019",696,869,877,877,88025,2.25,2,19468,88001,2019,840,4,9,990895,0,1,1,0.76539391,16
"697","88003.2019",697,870,878,878,88914,5,2,19486,88003,2019,840,1,5,990526,0,1,1,0.80024983,16
"698","88003.2019",698,871,879,879,88023,5,2,19486,88003,2019,840,1,5,990526,0,1,1,0.80024983,16
"699","88006.2019",699,872,880,880,88025,4.4,2,19504,88006,2019,840,5,22,1030690,0,0,1,0.504207735,17
"700","88008.2019",700,874,882,882,88023,2.71428571428571,2,19520,88008,2019,840,7,19,990897,0,1,1,0.732266345,14
"701","88008.2019",701,875,883,883,88025,2.71428571428571,2,19520,88008,2019,840,7,19,990897,0,1,1,0.732266345,14
"702","88008.2019",702,876,884,884,88914,2.71428571428571,2,19520,88008,2019,840,7,19,990897,0,1,1,0.732266345,14
"703","88008.2019",703,877,885,885,63024,2.71428571428571,2,19520,88008,2019,840,7,19,990897,0,1,1,0.732266345,14
"704","88008.2019",704,878,886,886,88028,2.71428571428571,2,19520,88008,2019,840,7,19,990897,0,1,1,0.732266345,14
"705","88010.2019",705,879,887,887,63109,5,2,19535,88010,2019,840,2,10,970211,0,0,1,0.34225824,17
"706","88014.2019",706,880,888,888,80112,2,2,19555,88014,2019,840,2,4,1150313,2,1,1,0.638605132,7
"707","88014.2019",707,881,889,889,63232,2,2,19555,88014,2019,840,2,4,1150313,2,1,1,0.638605132,7
"708","88018.2019",708,882,890,890,88023,3.33333333333333,2,19583,88018,2019,840,6,20,1140713,0,1,1,0.803418803,18
"709","88021.2019",709,883,891,891,63232,3.2,2,19609,88021,2019,840,5,16,1151489,0,1,1,0.696614188,13
"710","88021.2019",710,884,892,892,63109,3.2,2,19609,88021,2019,840,5,16,1151489,0,1,1,0.696614188,13
"711","88021.2019",711,885,893,893,88023,3.2,2,19609,88021,2019,840,5,16,1151489,0,1,1,0.696614188,13
"712","88021.2019",712,886,894,894,63024,3.2,2,19609,88021,2019,840,5,16,1151489,0,1,1,0.696614188,13
"713","88021.2019",713,887,895,895,88049,3.2,2,19609,88021,2019,840,5,16,1151489,0,1,1,0.696614188,13
"714","88021.2019",714,888,896,896,88914,3.2,2,19609,88021,2019,840,5,16,1151489,0,1,1,0.696614188,13
"715","88021.2019",715,889,897,897,88025,3.2,2,19609,88021,2019,840,5,16,1151489,0,1,1,0.696614188,13
"716","88023.2000",716,890,898,898,88023,5,1,19610,88023,2000,840,5,22,1040261,0,1,1,0.81362996,15
"717","88023.2001",717,891,899,899,88023,3,1,19611,88023,2001,840,5,15,1040261,0,1,1,0.809286217,15
"718","88023.2002",718,892,900,900,88023,6.33333333333333,1,19612,88023,2002,840,5,26,1040261,0,1,1,0.795638648,23
"719","88023.2003",719,893,901,901,88023,3.33333333333333,1,19613,88023,2003,840,5,17,1040261,0,1,1,0.795609298,17
"720","88023.2004",720,894,902,902,88023,3.33333333333333,1,19614,88023,2004,840,5,13,1040261,1,1,1,0.794112468,13
"721","88023.2005",721,895,903,903,88023,6,1,19615,88023,2005,840,5,27,1040261,0,1,1,0.758423339,20
"722","88023.2006",722,896,904,904,88023,4,1,19616,88023,2006,840,5,18,1040261,0,1,1,0.744658371,13
"723","88023.2007",723,897,905,905,88023,3.66666666666667,1,19617,88023,2007,840,5,17,1040261,1,1,1,0.74392463,18
"724","88023.2008",724,898,906,906,88023,5.33333333333333,1,19618,88023,2008,840,5,22,1040261,0,1,1,0.743396337,19
"725","88023.2009",725,899,907,907,88023,5.5,1,19619,88023,2009,840,4,15,1040261,2,1,1,0.723115755,17
"726","88023.2010",726,900,908,908,88023,5,1,19620,88023,2010,840,4,15,1040261,0,1,1,0.699841512,18
"727","88023.2011",727,901,909,909,88023,6,1,19621,88023,2011,840,4,20,1040261,0,1,1,0.675422634,18
"728","88023.2012",728,902,910,910,88023,5,1,19622,88023,2012,840,4,13,1040261,0,1,1,0.73030641,18
"729","88023.2013",729,903,911,911,88023,4.5,1,19623,88023,2013,840,4,14,1040261,1,1,1,0.730834703,17
"730","88023.2014",730,904,912,912,88023,4.5,1,19624,88023,2014,840,4,16,1040261,0,1,1,0.730776004,19
"731","88023.2015",731,905,913,913,88023,5,1,19625,88023,2015,840,4,14,1040261,0,1,1,0.693678093,23
"732","88023.2016",732,906,914,914,88023,4,1,19626,88023,2016,840,4,15,1040261,1,1,1,0.639821554,19
"733","88023.2017",733,907,915,915,88023,5.5,1,19627,88023,2017,840,4,19,1040261,0,1,1,0.599025593,19
"734","88023.2018",734,908,916,916,88023,3.5,1,19628,88023,2018,840,4,10,1040261,0,1,1,0.589340221,19
"735","88023.2019",735,909,917,917,88023,5.5,1,19629,88023,2019,840,4,17,1040261,1,1,1,0.576661188,19
"736","88025.2000",736,910,918,918,88025,3.57142857142857,1,19644,88025,2000,840,7,25,980518,3,1,1,0.768029315,16
"737","88025.2001",737,911,919,919,88025,4.57142857142857,1,19645,88025,2001,840,7,32,980518,1,1,1,0.747604602,22
"738","88025.2002",738,912,920,920,88025,4.85714285714286,1,19646,88025,2002,840,7,34,980518,0,1,1,0.725858289,17
"739","88025.2003",739,913,921,921,88025,4.28571428571429,1,19647,88025,2003,840,7,30,980518,1,1,1,0.699906887,18
"740","88025.2004",740,914,922,922,88025,4,1,19648,88025,2004,840,6,24,980518,3,1,1,0.696933289,19
"741","88025.2005",741,915,923,923,88025,4.33333333333333,1,19649,88025,2005,840,6,26,980518,1,1,1,0.690655693,19
"742","88025.2008",742,916,924,924,88025,4.5,1,19650,88025,2008,840,4,18,1000516,0,1,1,0.638662782,19
"743","88025.2009",743,917,925,925,88025,2.5,1,19651,88025,2009,840,4,10,1000516,1,0,1,0.627128826,15
"744","88025.2010",744,918,926,926,88025,5,1,19652,88025,2010,840,4,20,1000516,1,0,1,0.617667378,19
"745","88025.2011",745,919,927,927,88025,3.5,1,19653,88025,2011,840,4,14,1000516,1,0,1,0.615294506,18
"746","88025.2012",746,920,928,928,88025,4.6,1,19654,88025,2012,840,5,23,1000516,0,0,1,0.648845103,22
"747","88025.2013",747,921,929,929,88025,3.2,1,19655,88025,2013,840,5,16,1000516,1,0,1,0.627639444,17
"748","88025.2014",748,922,930,930,88025,5,1,19656,88025,2014,840,5,25,1000516,2,1,1,0.613101853,21
"749","88025.2015",749,923,931,931,88025,4.75,1,19657,88025,2015,840,4,19,1000516,0,1,1,0.588442015,18
"750","88025.2017",750,924,932,932,88025,3.25,1,19658,88025,2017,840,4,13,1120696,0,1,2,0.573333734,17
"751","88025.2018",751,925,933,933,88025,7.5,1,19659,88025,2018,840,2,15,1120696,0,0,1,0.515063227,18
"752","88025.2019",752,926,934,934,88025,4,1,19660,88025,2019,840,2,8,1120725,1,1,2,0.501156399,15
"753","88026.2019",753,927,935,935,63024,6.33333333333333,2,19679,88026,2019,840,3,19,1160323,0,0,1,0.536752534,22
"754","88026.2019",754,929,937,937,63232,6.33333333333333,2,19679,88026,2019,840,3,19,1160323,0,0,1,0.536752534,22
"755","88028.2000",755,930,938,938,88028,4.25,1,19680,88028,2000,840,3,14,980518,1,1,1,0.733887376,21
"756","88028.2001",756,931,939,939,88028,5,1,19681,88028,2001,840,3,14,980518,0,1,1,0.733887376,21
"757","88028.2002",757,932,940,940,88028,5.5,1,19682,88028,2002,840,3,20,980518,0,1,1,0.717695945,19
"758","88028.2003",758,933,941,941,88028,5.75,1,19683,88028,2003,840,3,15,980518,0,1,1,0.712766872,22
"759","88028.2004",759,934,942,942,88028,3.5,1,19684,88028,2004,840,3,8,980518,1,1,1,0.688465396,18
"760","88028.2005",760,935,943,943,88028,5.75,1,19685,88028,2005,840,3,17,980518,1,1,1,0.674738501,22
"761","88028.2006",761,936,944,944,88028,3.75,1,19686,88028,2006,840,3,13,980518,1,1,1,0.660495773,19
"762","88028.2007",762,937,945,945,88028,5,1,19687,88028,2007,840,3,16,980518,1,1,1,0.626307494,16
"763","88028.2008",763,938,946,946,88028,5.5,1,19688,88028,2008,840,3,18,980518,1,1,1,0.624100874,18
"764","88028.2009",764,939,947,947,88028,4,1,19689,88028,2009,840,3,13,980518,1,1,1,0.611319673,19
"765","88028.2010",765,940,948,948,88028,4.25,1,19690,88028,2010,840,3,15,980518,1,1,1,0.609227683,23
"766","88028.2011",766,941,949,949,88028,4,1,19691,88028,2011,840,3,11,980518,1,1,1,0.59868176,19
"767","88028.2012",767,942,950,950,88028,4.66666666666667,1,19692,88028,2012,840,2,11,980518,1,1,1,0.607250322,20
"768","88028.2013",768,943,951,951,88028,3.66666666666667,1,19693,88028,2013,840,2,9,980518,1,1,1,0.609657544,21
"769","88028.2014",769,944,952,952,88028,2.5,1,19694,88028,2014,840,1,2,980518,2,1,1,0.512394326,15
"770","88028.2015",770,945,953,953,88028,2.5,1,19695,88028,2015,840,1,3,980518,2,1,1,0.486373406,15
"771","88028.2016",771,946,954,954,88028,3.5,1,19696,88028,2016,840,1,4,980518,0,1,1,0.456168506,18
"772","88028.2017",772,947,955,955,88028,4,1,19697,88028,2017,840,1,5,980518,1,1,1,0.421922912,21
"773","88028.2018",773,948,956,956,88028,3.5,1,19698,88028,2018,840,1,4,980518,1,1,1,0.421349764,20
"774","88028.2019",774,949,957,957,88028,3,1,19699,88028,2019,840,1,4,980518,1,1,1,0.416334718,18
"775","88029.2019",775,950,958,958,63109,2.5,2,19719,88029,2019,840,2,5,1190943,2,1,1,0.370087496,14
"776","88029.2019",776,951,959,959,63311,2.5,2,19719,88029,2019,840,2,5,1190943,2,1,1,0.370087496,14
"777","88031.2019",777,953,961,961,88028,4,2,19740,88031,2019,840,2,8,1070306,0,1,1,0.454710201,22
"778","88031.2019",778,954,962,962,63109,4,2,19740,88031,2019,840,2,8,1070306,0,1,1,0.454710201,22
"779","88031.2019",779,955,963,963,63311,4,2,19740,88031,2019,840,2,8,1070306,0,1,1,0.454710201,22
"780","88036.2019",780,958,966,966,80112,3,2,19763,88036,2019,840,2,6,1091210,0,1,1,0.810400244,14
"781","88040.2019",781,960,968,968,63311,5,2,19808,88040,2019,840,1,5,1030636,0,1,1,0.465563519,16
"782","88041.2019",782,964,972,972,63109,3,2,19826,88041,2019,840,2,6,1020487,1,1,1,0.400965046,17
"783","88041.2019",783,965,973,973,63311,3,2,19826,88041,2019,840,2,6,1020487,1,1,1,0.400965046,17
"784","88049.2000",784,966,974,974,88049,2.33333333333333,1,19854,88049,2000,840,3,7,1190386,2,1,1,0.706571319,11
"785","88049.2001",785,967,975,975,88049,3.33333333333333,1,19855,88049,2001,840,3,10,1190386,1,1,1,0.687266414,11
"786","88049.2002",786,968,976,976,88049,2.66666666666667,1,19856,88049,2002,840,3,8,1190386,2,1,1,0.686883847,12
"787","88049.2003",787,969,977,977,88049,2,1,19857,88049,2003,840,2,4,1190386,1,1,1,0.667667226,11
"788","88049.2004",788,970,978,978,88049,3.5,1,19858,88049,2004,840,2,7,1190386,2,1,1,0.663694417,13
"789","88049.2005",789,971,979,979,88049,2,1,19859,88049,2005,840,2,4,1190386,1,1,1,0.661369589,11
"790","88049.2007",790,972,980,980,88049,1.5,1,19860,88049,2007,840,2,3,1190386,0,1,1,0.628586563,11
"791","88049.2009",791,973,981,981,88049,4,1,19861,88049,2009,840,2,8,1020487,0,1,2,0.602925164,16
"792","88049.2010",792,974,982,982,88049,2.5,1,19862,88049,2010,840,2,5,1020487,1,1,1,0.597686943,17
"793","88049.2011",793,975,983,983,88049,4,1,19863,88049,2011,840,2,8,1020487,2,1,1,0.597157235,18
"794","88049.2012",794,976,984,984,88049,4,1,19864,88049,2012,840,2,8,1020487,2,1,1,0.604278862,14
"795","88049.2013",795,977,985,985,88049,2.5,1,19865,88049,2013,840,2,5,1020487,2,1,1,0.603278303,13
"796","88049.2014",796,978,986,986,88049,3.5,1,19866,88049,2014,840,2,7,1020487,0,1,1,0.602454313,16
"797","88049.2015",797,979,987,987,88049,2,1,19867,88049,2015,840,2,4,1020487,0,1,1,0.595568112,15
"798","88049.2016",798,980,988,988,88049,5,1,19868,88049,2016,840,2,10,1020487,0,1,1,0.51996704,19
"799","88049.2019",799,981,989,989,88049,6,1,19869,88049,2019,840,1,6,1020487,3,1,1,0.485624319,19
"800","88051.2019",800,984,992,992,63109,2.25,2,19902,88051,2019,840,4,9,1150822,1,1,1,0.439011182,13
"801","88910.2019",801,987,995,995,63024,3,2,20049,88910,2019,840,4,12,1041154,0,0,1,0.738498344,13
"802","88910.2019",802,988,996,996,88914,3,2,20049,88910,2019,840,4,12,1041154,0,0,1,0.738498344,13
"803","88910.2019",803,989,997,997,88023,3,2,20049,88910,2019,840,4,12,1041154,0,0,1,0.738498344,13
"804","88910.2019",804,990,998,998,88028,3,2,20049,88910,2019,840,4,12,1041154,0,0,1,0.738498344,13
"805","88910.2019",805,991,999,999,63311,3,2,20049,88910,2019,840,4,12,1041154,0,0,1,0.738498344,13
"806","88910.2019",806,992,1000,1000,63109,3,2,20049,88910,2019,840,4,12,1041154,0,0,1,0.738498344,13
"807","88911.2019",807,993,1001,1001,88049,6.75,2,20058,88911,2019,840,4,28,990886,1,0,1,0.604344408,22
"808","88911.2019",808,994,1002,1002,88025,6.75,2,20058,88911,2019,840,4,28,990886,1,0,1,0.604344408,22
"809","88911.2019",809,995,1003,1003,63311,6.75,2,20058,88911,2019,840,4,28,990886,1,0,1,0.604344408,22
"810","88911.2019",810,996,1004,1004,88028,6.75,2,20058,88911,2019,840,4,28,990886,1,0,1,0.604344408,22
"811","88911.2019",811,997,1005,1005,63024,6.75,2,20058,88911,2019,840,4,28,990886,1,0,1,0.604344408,22
"812","88911.2019",812,998,1006,1006,88914,6.75,2,20058,88911,2019,840,4,28,990886,1,0,1,0.604344408,22
"813","88911.2019",813,999,1007,1007,63109,6.75,2,20058,88911,2019,840,4,28,990886,1,0,1,0.604344408,22
"814","88911.2019",814,1000,1008,1008,63232,6.75,2,20058,88911,2019,840,4,28,990886,1,0,1,0.604344408,22
"815","88914.2000",815,1003,1011,1011,88914,8,1,20059,88914,2000,840,3,24,970211,0,0,1,0.835212069,25
"816","88914.2001",816,1004,1012,1012,88914,9.66666666666667,1,20060,88914,2001,840,3,29,970211,0,0,1,0.831596926,28
"817","88914.2002",817,1005,1013,1013,88914,8.33333333333333,1,20061,88914,2002,840,3,25,970211,0,0,1,0.814517506,27
"818","88914.2003",818,1006,1014,1014,88914,7,1,20062,88914,2003,840,2,14,970211,0,0,1,0.797466553,22
"819","88914.2004",819,1007,1015,1015,88914,7,1,20063,88914,2004,840,2,14,970211,0,0,1,0.790606319,25
"820","88914.2005",820,1008,1016,1016,88914,9,1,20064,88914,2005,840,2,18,970211,0,0,1,0.775604896,25
"821","88914.2006",821,1009,1017,1017,88914,9.5,1,20065,88914,2006,840,2,19,970211,0,0,1,0.741702249,21
"822","88914.2007",822,1010,1018,1018,88914,9,1,20066,88914,2007,840,2,18,970211,0,0,1,0.727526331,25
"823","88914.2008",823,1011,1019,1019,88914,8.5,1,20067,88914,2008,840,2,17,970211,0,0,1,0.697665813,24
"824","88914.2009",824,1012,1020,1020,88914,6,1,20068,88914,2009,840,2,12,970211,0,0,1,0.677682892,24
"825","88914.2010",825,1013,1021,1021,88914,7,1,20069,88914,2010,840,2,14,970211,0,0,1,0.675661827,26
"826","88914.2011",826,1014,1022,1022,88914,7.5,1,20070,88914,2011,840,2,15,970211,0,0,1,0.673384572,27
"827","88914.2012",827,1015,1023,1023,88914,7.66666666666667,1,20071,88914,2012,840,2,15,970211,0,0,1,0.734358098,23
"828","88914.2013",828,1016,1024,1024,88914,8,1,20072,88914,2013,840,2,18,970211,0,0,1,0.745886707,23
"829","88914.2014",829,1017,1025,1025,88914,8,1,20073,88914,2014,840,2,15,970211,0,0,1,0.720210646,24
"830","88914.2015",830,1018,1026,1026,88914,7.66666666666667,1,20074,88914,2015,840,2,16,970211,0,0,1,0.699345289,24
"831","88914.2016",831,1019,1027,1027,88914,7.66666666666667,1,20075,88914,2016,840,2,16,970211,0,0,1,0.69530316,26
"832","88914.2017",832,1020,1028,1028,88914,7.33333333333333,1,20076,88914,2017,840,2,15,970211,0,0,1,0.686450327,23
"833","88914.2018",833,1021,1029,1029,88914,6.33333333333333,1,20077,88914,2018,840,2,11,970211,0,0,1,0.637176203,21
"834","88914.2019",834,1022,1030,1030,88914,7.33333333333333,1,20078,88914,2019,840,2,16,970211,0,0,1,0.61323655,24
"835","88915.2019",835,1024,1032,1032,88049,5.66666666666667,2,20096,88915,2019,840,3,17,981356,2,0,1,0.576698805,22
"836","88915.2019",836,1025,1033,1033,88028,5.66666666666667,2,20096,88915,2019,840,3,17,981356,2,0,1,0.576698805,22
"837","88915.2019",837,1026,1034,1034,88023,5.66666666666667,2,20096,88915,2019,840,3,17,981356,2,0,1,0.576698805,22
"838","88915.2019",838,1027,1035,1035,63232,5.66666666666667,2,20096,88915,2019,840,3,17,981356,2,0,1,0.576698805,22
"839","88915.2019",839,1028,1036,1036,88025,5.66666666666667,2,20096,88915,2019,840,3,17,981356,2,0,1,0.576698805,22
"840","88915.2019",840,1030,1038,1038,63024,5.66666666666667,2,20096,88915,2019,840,3,17,981356,2,0,1,0.576698805,22
"841","88915.2019",841,1031,1039,1039,63109,5.66666666666667,2,20096,88915,2019,840,3,17,981356,2,0,1,0.576698805,22
"842","88915.2019",842,1032,1040,1040,63311,5.66666666666667,2,20096,88915,2019,840,3,17,981356,2,0,1,0.576698805,22
"843","88916.2019",843,1035,1043,1043,63024,1,2,20115,88916,2019,840,3,3,1080685,0,0,1,0.520851089,14
"844","88923.2019",844,1036,1044,1044,88023,6,2,20150,88923,2019,840,4,24,1041167,0,0,1,0.808843248,21
"845","88923.2019",845,1037,1045,1045,88914,6,2,20150,88923,2019,840,4,24,1041167,0,0,1,0.808843248,21
"846","89001.2019",846,1038,1046,1046,11402,5,2,20190,89001,2019,840,3,15,1040387,1,1,1,0.581266663,18
"847","89009.2019",847,1039,1047,1047,11402,2.71428571428571,2,20269,89009,2019,840,7,19,1100112,0,1,1,0.483261633,10
"848","89010.2019",848,1040,1048,1048,11402,3.5,2,20285,89010,2019,840,4,14,1110033,0,1,1,0.582414077,8
"849","89017.2019",849,1041,1049,1049,11402,3.4,2,20303,89017,2019,840,5,17,1151475,2,1,1,0.729523521,9
"850","89041.2019",850,1042,1050,1050,11402,5.66666666666667,2,20466,89041,2019,840,3,17,1020567,0,1,1,0.587368211,19
"851","89059.2019",851,1043,1051,1051,11402,5.6,2,20542,89059,2019,840,5,28,1020567,0,1,1,0.646057113,15
"852","89907.2019",852,1044,1052,1052,11402,7,2,20769,89907,2019,840,5,35,1120653,0,0,1,0.473991452,23
"853","90001.2019",853,1045,1053,1053,63232,3.75,2,20826,90001,2019,840,4,15,1190945,0,1,1,0.693684967,15
"854","90001.2019",854,1046,1054,1054,63024,3.75,2,20826,90001,2019,840,4,15,1190945,0,1,1,0.693684967,15
"855","90001.2019",855,1047,1055,1055,88025,3.75,2,20826,90001,2019,840,4,15,1190945,0,1,1,0.693684967,15
"856","90002.2019",856,1048,1056,1056,63232,2.6,2,20840,90002,2019,840,5,13,1190946,0,0,1,0.690630024,14
"857","90002.2019",857,1049,1057,1057,63024,2.6,2,20840,90002,2019,840,5,13,1190946,0,0,1,0.690630024,14
"858","90002.2019",858,1050,1058,1058,88025,2.6,2,20840,90002,2019,840,5,13,1190946,0,0,1,0.690630024,14
"859","90003.2019",859,1051,1059,1059,88914,6,2,20860,90003,2019,840,5,30,1190590,2,1,1,0.794875486,18
"860","90003.2019",860,1052,1060,1060,88023,6,2,20860,90003,2019,840,5,30,1190590,2,1,1,0.794875486,18
"861","90004.2019",861,1053,1061,1061,88023,6.16666666666667,2,20870,90004,2019,840,6,37,981415,2,1,1,0.751500669,21
"862","90005.2019",862,1054,1062,1062,63232,5.66666666666667,2,20887,90005,2019,840,3,17,1190622,2,1,1,0.625289017,14
"863","90005.2019",863,1055,1063,1063,88049,5.66666666666667,2,20887,90005,2019,840,3,17,1190622,2,1,1,0.625289017,14
"864","90005.2019",864,1056,1064,1064,88028,5.66666666666667,2,20887,90005,2019,840,3,17,1190622,2,1,1,0.625289017,14
"865","90005.2019",865,1057,1065,1065,80112,5.66666666666667,2,20887,90005,2019,840,3,17,1190622,2,1,1,0.625289017,14
"866","90005.2019",866,1058,1066,1066,63024,5.66666666666667,2,20887,90005,2019,840,3,17,1190622,2,1,1,0.625289017,14
"867","90005.2019",867,1059,1067,1067,88025,5.66666666666667,2,20887,90005,2019,840,3,17,1190622,2,1,1,0.625289017,14
"868","90006.2019",868,1060,1068,1068,63024,3.66666666666667,2,20903,90006,2019,840,3,11,1190945,5,0,1,0.633105653,18
"869","90006.2019",869,1061,1069,1069,88025,3.66666666666667,2,20903,90006,2019,840,3,11,1190945,5,0,1,0.633105653,18
"870","90006.2019",870,1062,1070,1070,88028,3.66666666666667,2,20903,90006,2019,840,3,11,1190945,5,0,1,0.633105653,18
"871","90006.2019",871,1063,1071,1071,63232,3.66666666666667,2,20903,90006,2019,840,3,11,1190945,5,0,1,0.633105653,18
"872","90008.2019",872,1064,1072,1072,63232,4.83333333333333,2,20924,90008,2019,840,7,34,1190945,0,1,1,0.676733673,23
"873","90008.2019",873,1065,1073,1073,88028,4.83333333333333,2,20924,90008,2019,840,7,34,1190945,0,1,1,0.676733673,23
"874","90014.2019",874,1066,1074,1074,88023,2.5,2,20979,90014,2019,840,2,5,1020349,0,1,1,0.694842284,20
"875","90023.2019",875,1067,1075,1075,88914,2,2,21089,90023,2019,840,3,6,1020546,1,1,1,0.861376994,9
"876","90025.2019",876,1068,1076,1076,88023,3.2,2,21121,90025,2019,840,5,16,1140760,4,1,2,0.818156425,19
"877","90031.2019",877,1069,1077,1077,63024,2,2,21210,90031,2019,840,1,2,1030642,1,1,1,0.532819103,14
"878","90033.2019",878,1070,1078,1078,63024,2,2,21224,90033,2019,840,1,2,1110227,0,1,1,0.743930102,16
"879","90033.2019",879,1071,1079,1079,88023,2,2,21224,90033,2019,840,1,2,1110227,0,1,1,0.743930102,16
"880","90033.2019",880,1072,1080,1080,88914,2,2,21224,90033,2019,840,1,2,1110227,0,1,1,0.743930102,16
"881","90033.2019",881,1073,1081,1081,88025,2,2,21224,90033,2019,840,1,2,1110227,0,1,1,0.743930102,16
"882","90038.2019",882,1074,1082,1082,88049,4.5,2,21289,90038,2019,840,2,9,981444,1,1,1,0.546997781,13
"883","90044.2019",883,1075,1083,1083,88025,3,2,21373,90044,2019,840,2,6,1151470,2,0,1,0.515953004,11
"884","90044.2019",884,1076,1084,1084,88028,3,2,21373,90044,2019,840,2,6,1151470,2,0,1,0.515953004,11
"885","90046.2019",885,1077,1085,1085,88023,5.66666666666667,2,21392,90046,2019,840,3,17,981327,1,1,1,0.711552922,17
"886","90046.2019",886,1078,1086,1086,63232,5.66666666666667,2,21392,90046,2019,840,3,17,981327,1,1,1,0.711552922,17
"887","90046.2019",887,1079,1087,1087,88049,5.66666666666667,2,21392,90046,2019,840,3,17,981327,1,1,1,0.711552922,17
"888","90046.2019",888,1080,1088,1088,88028,5.66666666666667,2,21392,90046,2019,840,3,17,981327,1,1,1,0.711552922,17
"889","90046.2019",889,1081,1089,1089,88914,5.66666666666667,2,21392,90046,2019,840,3,17,981327,1,1,1,0.711552922,17
"890","90048.2019",890,1082,1090,1090,88023,3.5,2,21412,90048,2019,840,4,14,1041122,0,1,1,0.739626853,18
"891","90048.2019",891,1083,1091,1091,88914,3.5,2,21412,90048,2019,840,4,14,1041122,0,1,1,0.739626853,18
"892","90048.2019",892,1084,1092,1092,88028,3.5,2,21412,90048,2019,840,4,14,1041122,0,1,1,0.739626853,18
"893","90052.2019",893,1085,1093,1093,88023,5,2,21424,90052,2019,840,8,40,1160373,1,1,1,0.588667748,22
"894","90053.2019",894,1086,1094,1094,88049,1.75,2,21442,90053,2019,840,3,4,1030642,0,1,1,0.655539018,14
"895","90149.2019",895,1087,1095,1095,88914,4.83333333333333,2,21487,90149,2019,840,6,29,981415,2,0,1,0.761416375,24
"896","90149.2019",896,1088,1096,1096,63024,4.83333333333333,2,21487,90149,2019,840,6,29,981415,2,0,1,0.761416375,24
"897","90902.2019",897,1089,1097,1097,88914,4,2,21521,90902,2019,840,4,16,981327,0,0,1,0.805776313,16
