"","Transect","X.4","X.3","X.2","X.1","ref","TA_avg","space.time","X","RouteNumber","Year","CountryNum","NumStops","TA","ObsN","StartWind","RunType","FirstObs","Forest.cover","TA_ALL"
"1","11101.2019",1,1,1,1,11402,0,2,413,11101,2019,124,4,3,1160088,0,1,1,0.598377164,14
"2","11313.2019",2,2,2,2,11402,0,2,751,11313,2019,124,2,0,1030644,0,1,1,0.508678308,0
"3","11323.2019",3,3,3,3,11402,0.142857142857143,2,755,11323,2019,124,7,7,1080681,0,1,1,0.639259997,8
"4","11402.2000",4,4,4,4,11402,0.5,1,782,11402,2000,124,4,9,970128,1,1,1,0.713680933,19
"5","11402.2001",5,5,5,5,11402,0.4,1,783,11402,2001,124,4,7,970128,3,1,1,0.700680086,9
"6","11402.2002",6,6,6,6,11402,0.4,1,784,11402,2002,124,4,11,970128,2,1,1,0.68172507,22
"7","11402.2003",7,7,7,7,11402,1.4,1,785,11402,2003,124,4,16,970128,1,1,1,0.666675771,21
"8","11402.2004",8,8,8,8,11402,0,1,786,11402,2004,124,4,7,970128,0,1,1,0.658400022,12
"9","11402.2005",9,9,9,9,11402,1.4,1,787,11402,2005,124,4,14,970128,0,1,1,0.589244258,22
"10","11402.2006",10,10,10,10,11402,0.2,1,788,11402,2006,124,4,5,970128,1,1,1,0.536885806,12
"11","11402.2007",11,11,11,11,11402,0.8,1,789,11402,2007,124,4,11,970128,1,1,1,0.533253216,13
"12","11402.2008",12,12,12,12,11402,0.4,1,790,11402,2008,124,5,13,970128,3,1,1,0.527462923,19
"13","11402.2009",13,13,13,13,11402,1.83333333333333,1,791,11402,2009,124,6,18,970128,0,1,1,0.498757272,29
"14","11402.2010",14,14,14,14,11402,0.333333333333333,1,792,11402,2010,124,6,2,970128,1,0,1,0.498648021,5
"15","11402.2011",15,15,15,15,11402,1,1,793,11402,2011,124,6,10,970128,0,1,1,0.482315025,17
"16","11402.2012",16,16,16,16,11402,0.2,1,794,11402,2012,124,5,7,970128,2,1,1,0.514735203,11
"17","11402.2013",17,17,17,17,11402,0.4,1,795,11402,2013,124,5,9,970128,0,1,1,0.51894136,13
"18","11402.2014",18,18,18,18,11402,1.6,1,796,11402,2014,124,5,13,970128,0,1,1,0.518668233,21
"19","11402.2015",19,19,19,19,11402,1,1,797,11402,2015,124,5,10,970128,0,1,1,0.517056783,13
"20","11402.2016",20,20,20,20,11402,0.333333333333333,1,798,11402,2016,124,6,11,970128,0,1,1,0.493103542,21
"21","11402.2017",21,21,21,21,11402,1.16666666666667,1,799,11402,2017,124,6,12,970128,1,1,1,0.490973152,18
"22","11402.2018",22,22,22,22,11402,0.333333333333333,1,800,11402,2018,124,6,9,970128,4,0,1,0.490317647,16
"23","11402.2019",23,23,23,23,11402,0.666666666666667,1,801,11402,2019,124,6,10,970128,0,1,1,0.489525578,15
"24","11413.2019",24,24,24,24,11402,0.142857142857143,2,871,11413,2019,124,7,3,980759,3,1,1,0.475352971,4
"25","11426.2019",25,25,25,25,11402,0.25,2,928,11426,2019,124,4,3,1091184,1,1,1,0.507229667,6
"26","11510.2019",26,26,26,26,11402,0,2,933,11510,2019,124,2,2,1020548,0,1,1,0.753677294,7
"27","11613.2019",27,27,27,27,11402,1.66666666666667,2,996,11613,2019,124,3,5,981359,2,1,1,0.651305726,6
"28","11614.2019",28,28,28,28,11402,0.2,2,1010,11614,2019,124,5,1,1091008,2,1,1,0.481042224,4
"29","2007.2019",29,29,29,29,27031,2.8,2,5060,2007,2019,840,5,22,1190801,0,1,1,0.605789763,32
"30","2007.2019",30,30,30,30,82015,2.8,2,5060,2007,2019,840,5,22,1190801,0,1,1,0.605789763,32
"31","2008.2019",31,31,31,31,82015,1.5,2,5078,2008,2019,840,8,16,1120710,0,1,1,0.434099697,18
"32","2008.2019",32,32,32,32,27031,1.5,2,5078,2008,2019,840,8,16,1120710,0,1,1,0.434099697,18
"33","2010.2019",33,33,33,33,27031,0.285714285714286,2,5098,2010,2019,840,7,5,1150772,1,1,1,0.481098475,8
"34","2010.2019",34,34,34,34,82015,0.285714285714286,2,5098,2010,2019,840,7,5,1150772,1,1,1,0.481098475,8
"35","2012.2019",35,36,36,36,2036,0.333333333333333,2,5113,2012,2019,840,4,3,1040614,2,1,1,0.695823405,8
"36","2012.2019",36,37,37,37,27050,0.333333333333333,2,5113,2012,2019,840,4,3,1040614,2,1,1,0.695823405,8
"37","2013.2019",37,38,38,38,2038,1.25,2,5124,2013,2019,840,8,14,1070595,1,1,1,0.51032162,20
"38","2013.2019",38,39,39,39,82015,1.25,2,5124,2013,2019,840,8,14,1070595,1,1,1,0.51032162,20
"39","2014.2019",39,41,41,41,2066,0,2,5144,2014,2019,840,5,0,1091346,1,1,2,0.628318863,0
"40","2014.2019",40,42,42,42,2038,0,2,5144,2014,2019,840,5,0,1091346,1,1,2,0.628318863,0
"41","2015.2019",41,44,44,44,2036,1,2,5156,2015,2019,840,5,6,1020556,0,1,1,0.679392069,6
"42","2015.2019",42,46,46,46,2021,1,2,5156,2015,2019,840,5,6,1020556,0,1,1,0.679392069,6
"43","2016.2019",43,47,47,47,82015,0.666666666666667,2,5174,2016,2019,840,3,4,1080658,0,1,1,0.568419713,16
"44","2016.2019",44,48,48,48,2066,0.666666666666667,2,5174,2016,2019,840,3,4,1080658,0,1,1,0.568419713,16
"45","2017.2019",45,50,50,50,2036,0.25,2,5192,2017,2019,840,4,1,1050007,0,1,1,0.726739971,2
"46","2017.2019",46,52,52,52,2038,0.25,2,5192,2017,2019,840,4,1,1050007,0,1,1,0.726739971,2
"47","2019.2019",47,55,55,55,2036,0.666666666666667,2,5211,2019,2019,840,3,2,1080658,1,1,1,0.625378568,5
"48","2019.2019",48,56,56,56,2038,0.666666666666667,2,5211,2019,2019,840,3,2,1080658,1,1,1,0.625378568,5
"49","2020.2019",49,57,57,57,2021,3.125,2,5229,2020,2019,840,8,25,981466,0,1,2,0.536423841,30
"50","2020.2019",50,58,58,58,2038,3.125,2,5229,2020,2019,840,8,25,981466,0,1,2,0.536423841,30
"51","2021.2000",51,60,60,60,2021,0.666666666666667,1,5230,2021,2000,840,2,1,1160079,1,1,1,0.77384222,14
"52","2021.2001",52,61,61,61,2021,1.25,1,5231,2021,2001,840,3,3,1160079,1,1,1,0.685355305,20
"53","2021.2002",53,62,62,62,2021,1.6,1,5232,2021,2002,840,4,8,1160079,2,1,1,0.614641538,16
"54","2021.2003",54,63,63,63,2021,1.6,1,5233,2021,2003,840,4,10,1160079,0,1,1,0.596963096,16
"55","2021.2004",55,64,64,64,2021,2,1,5234,2021,2004,840,4,11,1160079,0,1,1,0.581841715,19
"56","2021.2005",56,65,65,65,2021,1.6,1,5235,2021,2005,840,4,7,1160079,0,1,1,0.557596995,20
"57","2021.2006",57,66,66,66,2021,1.2,1,5236,2021,2006,840,4,7,1160079,0,1,1,0.545537772,14
"58","2021.2007",58,67,67,67,2021,1.33333333333333,1,5237,2021,2007,840,5,10,1160079,1,1,1,0.491618524,17
"59","2021.2008",59,68,68,68,2021,0,1,5238,2021,2008,840,5,0,1020446,0,1,1,0.488966758,2
"60","2021.2009",60,69,69,69,2021,1.33333333333333,1,5239,2021,2009,840,6,11,1020446,0,1,1,0.468573413,15
"61","2021.2010",61,70,70,70,2021,0.333333333333333,1,5240,2021,2010,840,6,2,1020446,0,1,1,0.417621618,4
"62","2021.2011",62,71,71,71,2021,0.833333333333333,1,5241,2021,2011,840,6,7,1020446,0,1,1,0.416800833,12
"63","2021.2012",63,72,72,72,2021,0.25,1,5242,2021,2012,840,4,1,1020446,0,1,1,0.537771885,9
"64","2021.2013",64,73,73,73,2021,0.4,1,5243,2021,2013,840,5,3,1020446,1,1,1,0.5465164,7
"65","2021.2014",65,74,74,74,2021,0.4,1,5244,2021,2014,840,5,2,1020446,1,1,1,0.530163841,3
"66","2021.2016",66,75,75,75,2021,1.2,1,5245,2021,2016,840,5,6,1160379,0,1,1,0.524955015,14
"67","2021.2017",67,76,76,76,2021,1.4,1,5246,2021,2017,840,5,11,1160379,2,1,1,0.514600499,20
"68","2021.2018",68,77,77,77,2021,1.8,1,5247,2021,2018,840,5,9,1160379,0,1,1,0.513779714,16
"69","2021.2019",69,78,78,78,2021,2.4,1,5248,2021,2019,840,5,13,1160379,1,1,1,0.501404805,24
"70","2027.2019",70,80,80,80,25005,0.5,2,5336,2027,2019,840,3,6,1040579,0,1,1,0.665945211,21
"71","2027.2019",71,81,81,81,25010,0.5,2,5336,2027,2019,840,3,6,1040579,0,1,1,0.665945211,21
"72","2028.2019",72,82,82,82,2066,3.42857142857143,2,5352,2028,2019,840,7,24,1020450,0,1,1,0.579309923,24
"73","2028.2019",73,84,84,84,25108,3.42857142857143,2,5352,2028,2019,840,7,24,1020450,0,1,1,0.579309923,24
"74","2028.2019",74,85,85,85,25010,3.42857142857143,2,5352,2028,2019,840,7,24,1020450,0,1,1,0.579309923,24
"75","2028.2019",75,86,86,86,27032,3.42857142857143,2,5352,2028,2019,840,7,24,1020450,0,1,1,0.579309923,24
"76","2028.2019",76,87,87,87,2038,3.42857142857143,2,5352,2028,2019,840,7,24,1020450,0,1,1,0.579309923,24
"77","2029.2019",77,88,88,88,25010,0.714285714285714,2,5372,2029,2019,840,7,9,1160379,0,1,1,0.510137875,17
"78","2029.2019",78,89,89,89,2021,0.714285714285714,2,5372,2029,2019,840,7,9,1160379,0,1,1,0.510137875,17
"79","2029.2019",79,90,90,90,25108,0.714285714285714,2,5372,2029,2019,840,7,9,1160379,0,1,1,0.510137875,17
"80","2029.2019",80,92,92,92,25005,0.714285714285714,2,5372,2029,2019,840,7,9,1160379,0,1,1,0.510137875,17
"81","2029.2019",81,93,93,93,2038,0.714285714285714,2,5372,2029,2019,840,7,9,1160379,0,1,1,0.510137875,17
"82","2030.2019",82,94,94,94,2038,0.285714285714286,2,5375,2030,2019,840,7,9,1160379,0,1,1,0.433005919,14
"83","2030.2019",83,95,95,95,25108,0.285714285714286,2,5375,2030,2019,840,7,9,1160379,0,1,1,0.433005919,14
"84","2030.2019",84,96,96,96,2066,0.285714285714286,2,5375,2030,2019,840,7,9,1160379,0,1,1,0.433005919,14
"85","2030.2019",85,97,97,97,25005,0.285714285714286,2,5375,2030,2019,840,7,9,1160379,0,1,1,0.433005919,14
"86","2036.2000",86,98,98,98,2036,2,1,5446,2036,2000,840,1,2,1040541,0,1,1,0.80982994,18
"87","2036.2001",87,99,99,99,2036,1,1,5447,2036,2001,840,1,1,1040541,0,1,1,0.787028533,22
"88","2036.2002",88,100,100,100,2036,0,1,5448,2036,2002,840,1,0,1140013,0,1,1,0.760173544,24
"89","2036.2003",89,101,101,101,2036,1,1,5449,2036,2003,840,2,4,1140013,0,1,1,0.741932419,34
"90","2036.2004",90,102,102,102,2036,2.33333333333333,1,5450,2036,2004,840,3,8,1140013,0,1,1,0.696867974,32
"91","2036.2005",91,103,103,103,2036,1.33333333333333,1,5451,2036,2005,840,3,8,1140013,0,1,1,0.689425848,27
"92","2036.2007",92,104,104,104,2036,4.66666666666667,1,5452,2036,2007,840,3,16,1020446,0,1,2,0.641067866,21
"93","2036.2008",93,105,105,105,2036,5,1,5453,2036,2008,840,3,16,1020446,0,1,1,0.623745131,19
"94","2036.2009",94,106,106,106,2036,0.666666666666667,1,5454,2036,2009,840,3,2,1020446,0,1,1,0.617253064,4
"95","2036.2010",95,107,107,107,2036,1,1,5455,2036,2010,840,3,3,1020446,0,1,1,0.606992431,9
"96","2036.2011",96,108,108,108,2036,1,1,5456,2036,2011,840,3,3,1020446,0,1,1,0.605725686,9
"97","2036.2012",97,109,109,109,2036,0.5,1,5457,2036,2012,840,2,1,1020446,0,1,1,0.687272382,7
"98","2036.2013",98,110,110,110,2036,0.5,1,5458,2036,2013,840,2,1,1020446,1,1,1,0.68296545,3
"99","2036.2014",99,111,111,111,2036,0,1,5459,2036,2014,840,2,0,1020446,1,1,1,0.654463692,5
"100","2036.2016",100,112,112,112,2036,1,1,5460,2036,2016,840,2,2,1020450,0,1,1,0.611267695,12
"101","2036.2019",101,113,113,113,2036,1.5,1,5461,2036,2019,840,2,3,1020450,0,1,1,0.586344491,14
"102","2038.2000",102,114,114,114,2038,0.2,1,5462,2038,2000,840,5,3,990316,1,1,1,0.726009639,8
"103","2038.2001",103,115,115,115,2038,0.2,1,5463,2038,2001,840,5,1,990316,1,1,1,0.707163038,3
"104","2038.2002",104,116,116,116,2038,0.2,1,5464,2038,2002,840,5,2,990316,1,1,1,0.636430115,4
"105","2038.2003",105,117,117,117,2038,0.2,1,5465,2038,2003,840,5,2,990316,1,1,1,0.635565897,7
"106","2038.2004",106,118,118,118,2038,0.2,1,5466,2038,2004,840,5,4,990316,0,1,1,0.617483796,7
"107","2038.2005",107,119,119,119,2038,0.333333333333333,1,5467,2038,2005,840,6,2,990316,1,1,1,0.579857072,3
"108","2038.2006",108,120,120,120,2038,0.571428571428571,1,5468,2038,2006,840,7,7,990316,1,1,1,0.5377763,9
"109","2038.2007",109,121,121,121,2038,0.142857142857143,1,5469,2038,2007,840,7,2,990316,1,1,1,0.507994017,6
"110","2038.2008",110,122,122,122,2038,0.857142857142857,1,5470,2038,2008,840,7,6,990316,0,1,1,0.444274555,8
"111","2038.2009",111,123,123,123,2038,0.428571428571429,1,5471,2038,2009,840,7,4,990316,1,1,1,0.436762506,7
"112","2038.2011",112,124,124,124,2038,0.285714285714286,1,5472,2038,2011,840,7,6,990316,0,1,1,0.39132458,12
"113","2038.2012",113,125,125,125,2038,0,1,5473,2038,2012,840,7,1,990316,0,1,1,0.432906764,12
"114","2038.2013",114,126,126,126,2038,0.428571428571429,1,5474,2038,2013,840,7,4,990316,1,1,1,0.43779292,10
"115","2038.2014",115,127,127,127,2038,1.28571428571429,1,5475,2038,2014,840,7,12,990316,1,1,1,0.434701679,13
"116","2038.2015",116,128,128,128,2038,0.428571428571429,1,5476,2038,2015,840,7,3,990316,0,1,1,0.425560911,8
"117","2038.2016",117,129,129,129,2038,0.285714285714286,1,5477,2038,2016,840,7,2,990316,1,1,1,0.414026924,13
"118","2038.2017",118,130,130,130,2038,0.142857142857143,1,5478,2038,2017,840,7,4,990316,0,1,1,0.408043876,10
"119","2038.2018",119,131,131,131,2038,0.142857142857143,1,5479,2038,2018,840,7,1,990316,1,1,1,0.40471996,5
"120","2038.2019",120,132,132,132,2038,0.285714285714286,1,5480,2038,2019,840,7,2,990316,1,1,1,0.389230514,4
"121","2043.2019",121,133,133,133,2021,0,2,5514,2043,2019,840,2,0,1070602,1,1,1,0.618549906,1
"122","2043.2019",122,134,134,134,2036,0,2,5514,2043,2019,840,2,0,1070602,1,1,1,0.618549906,1
"123","2043.2019",123,136,136,136,2038,0,2,5514,2043,2019,840,2,0,1070602,1,1,1,0.618549906,1
"124","2047.2019",124,138,138,138,82015,1.28571428571429,2,5546,2047,2019,840,7,10,980696,1,1,1,0.482177414,10
"125","2047.2019",125,139,139,139,2066,1.28571428571429,2,5546,2047,2019,840,7,10,980696,1,1,1,0.482177414,10
"126","2048.2019",126,140,140,140,2021,0.625,2,5562,2048,2019,840,8,5,1091285,0,1,1,0.484628725,5
"127","2048.2019",127,141,141,141,2066,0.625,2,5562,2048,2019,840,8,5,1091285,0,1,1,0.484628725,5
"128","2048.2019",128,142,142,142,82015,0.625,2,5562,2048,2019,840,8,5,1091285,0,1,1,0.484628725,5
"129","2050.2019",129,145,145,145,25108,2.625,2,5597,2050,2019,840,8,26,1150772,0,1,1,0.419996044,28
"130","2050.2019",130,146,146,146,2038,2.625,2,5597,2050,2019,840,8,26,1150772,0,1,1,0.419996044,28
"131","2050.2019",131,147,147,147,2066,2.625,2,5597,2050,2019,840,8,26,1150772,0,1,1,0.419996044,28
"132","2052.2019",132,148,148,148,25005,0,2,5616,2052,2019,840,3,0,990316,0,1,1,0.644259012,4
"133","2052.2019",133,150,150,150,2066,0,2,5616,2052,2019,840,3,0,990316,0,1,1,0.644259012,4
"134","2052.2019",134,151,151,151,2036,0,2,5616,2052,2019,840,3,0,990316,0,1,1,0.644259012,4
"135","2053.2019",135,154,154,154,25005,0.666666666666667,2,5635,2053,2019,840,7,6,990316,0,1,1,0.653223037,6
"136","2053.2019",136,155,155,155,2066,0.666666666666667,2,5635,2053,2019,840,7,6,990316,0,1,1,0.653223037,6
"137","2053.2019",137,156,156,156,2036,0.666666666666667,2,5635,2053,2019,840,7,6,990316,0,1,1,0.653223037,6
"138","2054.2019",138,157,157,157,27050,0.333333333333333,2,5654,2054,2019,840,9,7,1060238,0,1,1,0.304884646,11
"139","2057.2019",139,158,158,158,2036,0.375,2,5690,2057,2019,840,8,4,1070182,0,1,1,0.811396145,5
"140","2058.2019",140,160,160,160,82015,1.66666666666667,2,5706,2058,2019,840,3,6,1151241,1,1,1,0.653747506,9
"141","2059.2019",141,161,161,161,2036,1,2,5726,2059,2019,840,3,3,980696,0,1,1,0.598192223,10
"142","2059.2019",142,164,164,164,2021,1,2,5726,2059,2019,840,3,3,980696,0,1,1,0.598192223,10
"143","2060.2019",143,166,166,166,2066,0.285714285714286,2,5746,2060,2019,840,7,3,1030285,0,1,1,0.548935468,6
"144","2060.2019",144,167,167,167,2038,0.285714285714286,2,5746,2060,2019,840,7,3,1030285,0,1,1,0.548935468,6
"145","2060.2019",145,168,168,168,2021,0.285714285714286,2,5746,2060,2019,840,7,3,1030285,0,1,1,0.548935468,6
"146","2061.2019",146,169,169,169,2038,1.2,2,5762,2061,2019,840,5,9,1040614,2,1,1,0.615557113,15
"147","2061.2019",147,170,170,170,2036,1.2,2,5762,2061,2019,840,5,9,1040614,2,1,1,0.615557113,15
"148","2065.2019",148,172,172,172,27031,1.125,2,5799,2065,2019,840,8,13,1150772,0,1,1,0.458950158,15
"149","2065.2019",149,174,174,174,25108,1.125,2,5799,2065,2019,840,8,13,1150772,0,1,1,0.458950158,15
"150","2065.2019",150,175,175,175,2038,1.125,2,5799,2065,2019,840,8,13,1150772,0,1,1,0.458950158,15
"151","2065.2019",151,176,176,176,2021,1.125,2,5799,2065,2019,840,8,13,1150772,0,1,1,0.458950158,15
"152","2065.2019",152,177,177,177,25005,1.125,2,5799,2065,2019,840,8,13,1150772,0,1,1,0.458950158,15
"153","2066.2000",153,178,178,178,2066,0.8,1,5800,2066,2000,840,5,5,990316,0,1,1,0.667720432,6
"154","2066.2001",154,179,179,179,2066,0.4,1,5801,2066,2001,840,5,2,990316,1,1,1,0.641502302,6
"155","2066.2002",155,180,180,180,2066,0,1,5802,2066,2002,840,5,0,990316,1,1,1,0.641502302,1
"156","2066.2003",156,181,181,181,2066,0,1,5803,2066,2003,840,5,1,990316,0,1,1,0.627860628,2
"157","2066.2004",157,182,182,182,2066,0.2,1,5804,2066,2004,840,5,2,990316,2,1,1,0.589237853,5
"158","2066.2005",158,183,183,183,2066,0.6,1,5805,2066,2005,840,5,3,990316,1,1,1,0.565047076,7
"159","2066.2006",159,184,184,184,2066,0.8,1,5806,2066,2006,840,5,5,990316,1,1,1,0.559343,11
"160","2066.2007",160,185,185,185,2066,1.33333333333333,1,5807,2066,2007,840,6,9,990316,1,1,1,0.518108721,16
"161","2066.2008",161,186,186,186,2066,1.16666666666667,1,5808,2066,2008,840,6,8,990316,1,1,1,0.483162669,10
"162","2066.2009",162,187,187,187,2066,1.5,1,5809,2066,2009,840,6,10,990316,0,1,1,0.413579823,11
"163","2066.2011",163,188,188,188,2066,1.33333333333333,1,5810,2066,2011,840,6,10,990316,0,1,1,0.391416397,13
"164","2066.2012",164,189,189,189,2066,1.5,1,5811,2066,2012,840,6,10,990316,1,1,1,0.431963439,11
"165","2066.2013",165,190,190,190,2066,1.66666666666667,1,5812,2066,2013,840,6,13,990316,0,1,1,0.438079857,17
"166","2066.2014",166,191,191,191,2066,0.833333333333333,1,5813,2066,2014,840,6,6,990316,1,1,1,0.418321765,8
"167","2066.2015",167,192,192,192,2066,1.33333333333333,1,5814,2066,2015,840,6,10,990316,1,1,1,0.416981651,14
"168","2066.2016",168,193,193,193,2066,2,1,5815,2066,2016,840,6,14,990316,1,1,1,0.414919937,15
"169","2066.2017",169,194,194,194,2066,0.5,1,5816,2066,2017,840,6,4,990316,1,1,1,0.412308432,6
"170","2066.2018",170,195,195,195,2066,0.833333333333333,1,5817,2066,2018,840,6,7,990316,0,1,1,0.383513161,9
"171","2066.2019",171,196,196,196,2066,0.666666666666667,1,5818,2066,2019,840,8,4,990316,0,1,1,0.371349048,6
"172","2068.2019",172,197,197,197,27050,0.111111111111111,2,5846,2068,2019,840,9,10,1020450,0,1,1,0.355277351,10
"173","2105.2019",173,198,198,198,27031,4.1,2,6007,2105,2019,840,10,45,1040438,0,1,1,0.422663637,46
"174","21109.2019",174,199,199,199,88028,0.285714285714286,2,6046,21109,2019,840,7,2,1190218,0,1,1,0.590518979,8
"175","21109.2019",175,200,200,200,88025,0.285714285714286,2,6046,21109,2019,840,7,2,1190218,0,1,1,0.590518979,8
"176","21109.2019",176,201,201,201,88049,0.285714285714286,2,6046,21109,2019,840,7,2,1190218,0,1,1,0.590518979,8
"177","2207.2019",177,202,202,202,2066,1.5,2,6137,2207,2019,840,4,10,1040438,0,1,1,0.515233373,25
"178","2207.2019",178,203,203,203,82015,1.5,2,6137,2207,2019,840,4,10,1040438,0,1,1,0.515233373,25
"179","2207.2019",179,204,204,204,2021,1.5,2,6137,2207,2019,840,4,10,1040438,0,1,1,0.515233373,25
"180","2208.2019",180,205,205,205,2021,2,2,6152,2208,2019,840,7,27,1070595,1,1,1,0.479141104,35
"181","2208.2019",181,207,207,207,82015,2,2,6152,2208,2019,840,7,27,1070595,1,1,1,0.479141104,35
"182","2208.2019",182,208,208,208,27031,2,2,6152,2208,2019,840,7,27,1070595,1,1,1,0.479141104,35
"183","2211.2019",183,209,209,209,25108,1.8,2,6172,2211,2019,840,5,9,1020446,0,1,1,0.512345289,9
"184","2211.2019",184,210,210,210,2021,1.8,2,6172,2211,2019,840,5,9,1020446,0,1,1,0.512345289,9
"185","2211.2019",185,211,211,211,82015,1.8,2,6172,2211,2019,840,5,9,1020446,0,1,1,0.512345289,9
"186","2216.2019",186,232,232,232,2038,1.71428571428571,2,6234,2216,2019,840,7,15,1160379,0,1,1,0.496998687,24
"187","2216.2019",187,233,233,233,25005,1.71428571428571,2,6234,2216,2019,840,7,15,1160379,0,1,1,0.496998687,24
"188","2216.2019",188,234,234,234,27031,1.71428571428571,2,6234,2216,2019,840,7,15,1160379,0,1,1,0.496998687,24
"189","2216.2019",189,236,236,236,25108,1.71428571428571,2,6234,2216,2019,840,7,15,1160379,0,1,1,0.496998687,24
"190","2216.2019",190,237,237,237,2021,1.71428571428571,2,6234,2216,2019,840,7,15,1160379,0,1,1,0.496998687,24
"191","25005.2000",191,257,257,257,25005,0.25,1,6306,25005,2000,840,3,5,1190492,0,1,1,0.688396393,7
"192","25005.2001",192,258,258,258,25005,0,1,6307,25005,2001,840,3,2,1190492,0,1,1,0.687697581,7
"193","25005.2002",193,259,259,259,25005,0.25,1,6308,25005,2002,840,3,1,1030213,1,1,1,0.687664304,4
"194","25005.2003",194,260,260,260,25005,0.25,1,6309,25005,2003,840,3,1,1030213,0,1,1,0.672689761,2
"195","25005.2004",195,261,261,261,25005,0,1,6310,25005,2004,840,3,0,1030213,0,1,1,0.635020465,3
"196","25005.2008",196,262,262,262,25005,1,1,6311,25005,2008,840,5,10,1150599,0,1,1,0.540581012,17
"197","25005.2009",197,263,263,263,25005,0.5,1,6312,25005,2009,840,6,8,1150599,2,1,1,0.502578949,10
"198","25005.2010",198,264,264,264,25005,2,1,6313,25005,2010,840,6,35,1150599,0,1,1,0.477421716,44
"199","25005.2011",199,265,265,265,25005,1.33333333333333,1,6314,25005,2011,840,6,22,1150599,0,1,1,0.441449536,28
"200","25005.2013",200,266,266,266,25005,0,1,6315,25005,2013,840,3,0,1151375,0,1,1,0.626069016,7
"201","25005.2014",201,267,267,267,25005,0,1,6316,25005,2014,840,3,5,1151375,0,1,1,0.586935543,11
"202","25005.2015",202,268,268,268,25005,0.25,1,6317,25005,2015,840,4,3,1151375,0,1,1,0.550863532,5
"203","25005.2016",203,269,269,269,25005,0.5,1,6318,25005,2016,840,4,4,1151375,0,0,1,0.542444511,11
"204","25005.2017",204,270,270,270,25005,0.166666666666667,1,6319,25005,2017,840,6,7,1151375,0,1,1,0.489867226,8
"205","25005.2018",205,271,271,271,25005,0.666666666666667,1,6320,25005,2018,840,6,9,1151375,0,1,1,0.475791155,14
"206","25005.2019",206,272,272,272,25005,0.166666666666667,1,6321,25005,2019,840,7,5,1151375,0,1,1,0.395394496,10
"207","25006.2019",207,273,273,273,25005,0.333333333333333,2,6337,25006,2019,840,3,1,990903,1,1,1,0.565096235,2
"208","25006.2019",208,274,274,274,2066,0.333333333333333,2,6337,25006,2019,840,3,1,990903,1,1,1,0.565096235,2
"209","25010.2004",209,275,275,275,25010,0,1,6338,25010,2004,840,1,0,990594,0,0,1,0.81574758,2
"210","25010.2005",210,276,276,276,25010,0,1,6339,25010,2005,840,1,1,990594,1,1,1,0.799859908,7
"211","25010.2006",211,277,277,277,25010,0,1,6340,25010,2006,840,1,0,990594,0,1,1,0.743759552,3
"212","25010.2007",212,278,278,278,25010,0,1,6341,25010,2007,840,2,0,990594,0,1,1,0.732329343,1
"213","25010.2008",213,279,279,279,25010,0,1,6342,25010,2008,840,3,1,990594,0,1,1,0.651267193,1
"214","25010.2009",214,280,280,280,25010,0,1,6343,25010,2009,840,3,0,990594,1,1,1,0.635984463,1
"215","25010.2010",215,281,281,281,25010,0,1,6344,25010,2010,840,3,2,990594,0,1,1,0.632100102,8
"216","25010.2011",216,282,282,282,25010,0,1,6345,25010,2011,840,3,2,990594,1,1,1,0.627801834,7
"217","25010.2012",217,283,283,283,25010,0,1,6346,25010,2012,840,3,0,990594,0,1,1,0.670466123,2
"218","25010.2013",218,284,284,284,25010,0,1,6347,25010,2013,840,3,2,990594,0,1,1,0.674382323,5
"219","25010.2014",219,285,285,285,25010,0,1,6348,25010,2014,840,3,1,990594,0,1,1,0.673204279,1
"220","25010.2015",220,286,286,286,25010,0,1,6349,25010,2015,840,3,1,990594,0,1,1,0.671198421,3
"221","25010.2016",221,287,287,287,25010,0,1,6350,25010,2016,840,5,0,990594,0,1,1,0.579342843,0
"222","25010.2017",222,288,288,288,25010,0,1,6351,25010,2017,840,6,0,990594,0,1,1,0.522255476,0
"223","25010.2018",223,289,289,289,25010,0,1,6352,25010,2018,840,6,2,990594,1,1,1,0.517193072,3
"224","25010.2019",224,290,290,290,25010,0,1,6353,25010,2019,840,6,4,990594,0,1,1,0.513722618,4
"225","25012.2019",225,291,291,291,25005,0,2,6385,25012,2019,840,4,0,990883,0,1,1,0.549738051,0
"226","25015.2019",226,293,293,293,25010,0,2,6424,25015,2019,840,2,1,1091225,0,1,1,0.840363378,7
"227","25021.2019",227,294,294,294,27050,0,2,6498,25021,2019,840,6,4,1140753,0,1,1,0.534015103,12
"228","25056.2019",228,295,295,295,25108,0,2,6686,25056,2019,840,5,1,990223,0,1,1,0.601607932,5
"229","25056.2019",229,296,296,296,25005,0,2,6686,25056,2019,840,5,1,990223,0,1,1,0.601607932,5
"230","25056.2019",230,297,297,297,25010,0,2,6686,25056,2019,840,5,1,990223,0,1,1,0.601607932,5
"231","25057.2019",231,298,298,298,2036,0,2,6703,25057,2019,840,1,0,990594,0,1,1,0.748459712,9
"232","25057.2019",232,299,299,299,25010,0,2,6703,25057,2019,840,1,0,990594,0,1,1,0.748459712,9
"233","25061.2019",233,301,301,301,27050,0.3,2,6740,25061,2019,840,10,5,1151375,0,1,1,0.35249079,5
"234","25108.2000",234,302,302,302,25108,0.375,1,6960,25108,2000,840,7,4,1010060,0,1,1,0.593658617,4
"235","25108.2001",235,303,303,303,25108,0.5,1,6961,25108,2001,840,7,5,1010060,0,1,1,0.585214391,5
"236","25108.2002",236,304,304,304,25108,0,1,6962,25108,2002,840,7,4,1010060,0,1,1,0.583012978,5
"237","25108.2006",237,305,305,305,25108,1.25,1,6963,25108,2006,840,7,7,1070395,0,1,1,0.500180713,14
"238","25108.2007",238,306,306,306,25108,0,1,6964,25108,2007,840,7,1,1070395,1,1,1,0.49426647,5
"239","25108.2008",239,307,307,307,25108,0,1,6965,25108,2008,840,7,0,1070395,0,0,1,0.493149335,0
"240","25108.2009",240,308,308,308,25108,0.125,1,6966,25108,2009,840,8,1,1070395,1,1,1,0.459668145,2
"241","25108.2010",241,309,309,309,25108,0.125,1,6967,25108,2010,840,8,2,1070395,0,1,1,0.458091014,7
"242","25108.2011",242,310,310,310,25108,0,1,6968,25108,2011,840,8,0,1070395,0,1,1,0.450763923,4
"243","25108.2014",243,311,311,311,25108,0,1,6969,25108,2014,840,7,1,1060394,0,1,2,0.498702152,3
"244","25108.2015",244,312,312,312,25108,0.125,1,6970,25108,2015,840,8,3,1041092,0,1,1,0.464728109,18
"245","25108.2016",245,313,313,313,25108,0.625,1,6971,25108,2016,840,8,7,1041092,0,1,1,0.450928208,9
"246","25108.2017",246,314,314,314,25108,0.444444444444444,1,6972,25108,2017,840,9,6,1041092,0,0,1,0.446985379,8
"247","25108.2018",247,315,315,315,25108,2.6,1,6973,25108,2018,840,10,28,1041092,0,0,1,0.421586989,28
"248","25108.2019",248,316,316,316,25108,0.7,1,6974,25108,2019,840,10,14,1151375,0,0,1,0.39277148,15
"249","25113.2019",249,317,317,317,25005,0,2,6994,25113,2019,840,6,0,1090604,0,1,1,0.68084351,1
"250","25113.2019",250,318,318,318,25010,0,2,6994,25113,2019,840,6,0,1090604,0,1,1,0.68084351,1
"251","25113.2019",251,319,319,319,27050,0,2,6994,25113,2019,840,6,0,1090604,0,1,1,0.68084351,1
"252","25902.2019",252,320,320,320,25010,0,2,7100,25902,2019,840,7,5,1070344,1,0,1,0.785375303,9
"253","25903.2019",253,321,321,321,25010,0,2,7118,25903,2019,840,3,0,981379,0,0,1,0.590321277,0
"254","25906.2019",254,322,322,322,25010,0.25,2,7134,25906,2019,840,4,1,1091295,0,0,1,0.822474555,4
"255","25917.2019",255,323,323,323,25010,0,2,7202,25917,2019,840,2,0,1070344,0,0,1,0.816323887,6
"256","27001.2019",256,324,324,324,27032,0,2,7237,27001,2019,840,5,0,1151508,2,1,1,0.44447465,1
"257","27004.2019",257,325,325,325,25010,2,2,7263,27004,2019,840,6,16,980510,0,1,1,0.588555589,18
"258","27004.2019",258,326,326,326,27032,2,2,7263,27004,2019,840,6,16,980510,0,1,1,0.588555589,18
"259","27004.2019",259,327,327,327,25005,2,2,7263,27004,2019,840,6,16,980510,0,1,1,0.588555589,18
"260","27004.2019",260,328,328,328,25108,2,2,7263,27004,2019,840,6,16,980510,0,1,1,0.588555589,18
"261","27004.2019",261,329,329,329,27031,2,2,7263,27004,2019,840,6,16,980510,0,1,1,0.588555589,18
"262","27005.2019",262,330,330,330,25108,2.71428571428571,2,7280,27005,2019,840,6,23,981362,0,1,1,0.382689076,35
"263","27005.2019",263,331,331,331,27031,2.71428571428571,2,7280,27005,2019,840,6,23,981362,0,1,1,0.382689076,35
"264","27005.2019",264,332,332,332,27050,2.71428571428571,2,7280,27005,2019,840,6,23,981362,0,1,1,0.382689076,35
"265","27009.2019",265,333,333,333,25010,1,2,7329,27009,2019,840,4,10,1150723,1,1,1,0.525576223,24
"266","27009.2019",266,334,334,334,2021,1,2,7329,27009,2019,840,4,10,1150723,1,1,1,0.525576223,24
"267","27009.2019",267,335,335,335,27050,1,2,7329,27009,2019,840,4,10,1150723,1,1,1,0.525576223,24
"268","27010.2019",268,337,337,337,27050,1.9,2,7349,27010,2019,840,9,27,1040466,1,1,1,0.2906847,29
"269","27014.2019",269,338,338,338,27050,1.22222222222222,2,7381,27014,2019,840,9,26,1150935,2,1,1,0.355222386,32
"270","27015.2019",270,339,339,339,25005,0.571428571428571,2,7401,27015,2019,840,7,4,1060105,0,1,1,0.45983397,4
"271","27015.2019",271,340,340,340,27032,0.571428571428571,2,7401,27015,2019,840,7,4,1060105,0,1,1,0.45983397,4
"272","27015.2019",272,341,341,341,27050,0.571428571428571,2,7401,27015,2019,840,7,4,1060105,0,1,1,0.45983397,4
"273","27015.2019",273,342,342,342,27031,0.571428571428571,2,7401,27015,2019,840,7,4,1060105,0,1,1,0.45983397,4
"274","27015.2019",274,343,343,343,25108,0.571428571428571,2,7401,27015,2019,840,7,4,1060105,0,1,1,0.45983397,4
"275","27016.2019",275,344,344,344,2038,2.16666666666667,2,7419,27016,2019,840,5,14,1070350,1,1,1,0.701515977,14
"276","27016.2019",276,345,345,345,25010,2.16666666666667,2,7419,27016,2019,840,5,14,1070350,1,1,1,0.701515977,14
"277","27016.2019",277,346,346,346,2036,2.16666666666667,2,7419,27016,2019,840,5,14,1070350,1,1,1,0.701515977,14
"278","27016.2019",278,347,347,347,25005,2.16666666666667,2,7419,27016,2019,840,5,14,1070350,1,1,1,0.701515977,14
"279","27024.2019",279,348,348,348,27050,0.8,2,7464,27024,2019,840,9,8,1180099,0,0,1,0.392568203,8
"280","27026.2019",280,349,349,349,27031,0.666666666666667,2,7484,27026,2019,840,6,4,1000480,1,1,1,0.54382525,10
"281","27028.2019",281,350,350,350,27050,2,2,7518,27028,2019,840,10,25,1090769,0,1,1,0.304874903,26
"282","27031.2000",282,351,351,351,27031,0.25,1,7545,27031,2000,840,4,3,1190506,0,1,2,0.636181202,13
"283","27031.2001",283,352,352,352,27031,0.5,1,7546,27031,2001,840,4,2,1190506,0,1,1,0.607888936,6
"284","27031.2002",284,353,353,353,27031,0.5,1,7547,27031,2002,840,4,3,1190506,0,1,1,0.582557489,3
"285","27031.2003",285,354,354,354,27031,0.4,1,7548,27031,2003,840,5,2,1190506,1,1,1,0.555844327,4
"286","27031.2004",286,355,355,355,27031,1.2,1,7549,27031,2004,840,5,6,1190506,0,1,1,0.546665789,112
"287","27031.2005",287,356,356,356,27031,0.2,1,7550,27031,2005,840,5,3,1190506,0,1,1,0.53702668,6
"288","27031.2006",288,357,357,357,27031,4.2,1,7551,27031,2006,840,5,25,1190506,0,1,1,0.518176136,31
"289","27031.2007",289,358,358,358,27031,1,1,7552,27031,2007,840,5,10,1190506,0,1,1,0.511497845,17
"290","27031.2008",290,359,359,359,27031,0.6,1,7553,27031,2008,840,5,7,1160380,0,1,2,0.471164918,16
"291","27031.2009",291,360,360,360,27031,0.5,1,7554,27031,2009,840,6,3,1160380,0,1,1,0.465539362,14
"292","27031.2010",292,361,361,361,27031,0.333333333333333,1,7555,27031,2010,840,6,6,1160380,1,1,1,0.437970852,19
"293","27031.2011",293,362,362,362,27031,0.333333333333333,1,7556,27031,2011,840,6,2,1160380,0,1,1,0.437707669,9
"294","27031.2012",294,363,363,363,27031,0.4,1,7557,27031,2012,840,4,1,1160380,0,1,1,0.47096753,14
"295","27031.2013",295,364,364,364,27031,0,1,7558,27031,2013,840,4,1,1160380,0,1,1,0.482251538,18
"296","27031.2014",296,365,365,365,27031,0.2,1,7559,27031,2014,840,4,1,1160380,2,0,1,0.448004737,14
"297","27031.2015",297,366,366,366,27031,0,1,7560,27031,2015,840,4,0,1160380,0,1,1,0.42382472,10
"298","27031.2016",298,367,367,367,27031,0.166666666666667,1,7561,27031,2016,840,5,2,1160380,0,1,1,0.411191894,20
"299","27031.2017",299,368,368,368,27031,0,1,7562,27031,2017,840,5,1,1160380,0,1,1,0.388525183,17
"300","27031.2018",300,369,369,369,27031,0,1,7563,27031,2018,840,5,1,1160380,0,1,1,0.388525183,15
"301","27031.2019",301,370,370,370,27031,0,1,7564,27031,2019,840,5,0,1160380,0,1,1,0.370826068,15
"302","27032.2000",302,371,371,371,27032,1.14285714285714,1,7565,27032,2000,840,6,4,1190499,1,1,1,0.667723928,9
"303","27032.2001",303,372,372,372,27032,0.571428571428571,1,7566,27032,2001,840,6,3,1190499,2,1,1,0.658081705,9
"304","27032.2002",304,373,373,373,27032,0.714285714285714,1,7567,27032,2002,840,6,5,1190499,2,1,1,0.631660746,10
"305","27032.2003",305,374,374,374,27032,0,1,7568,27032,2003,840,6,1,1190499,2,1,1,0.62690307,1
"306","27032.2004",306,375,375,375,27032,0.571428571428571,1,7569,27032,2004,840,6,2,1190499,1,1,1,0.580182695,8
"307","27032.2005",307,376,376,376,27032,0,1,7570,27032,2005,840,6,0,1190499,0,1,1,0.572538696,4
"308","27032.2006",308,377,377,377,27032,0.285714285714286,1,7571,27032,2006,840,6,2,1190499,2,1,1,0.545356509,5
"309","27032.2012",309,378,378,378,27032,0,1,7572,27032,2012,840,6,0,1151092,0,1,1,0.489342806,5
"310","27032.2013",310,379,379,379,27032,0,1,7573,27032,2013,840,7,1,1151092,1,1,1,0.481603654,1
"311","27032.2014",311,380,380,380,27032,0.125,1,7574,27032,2014,840,7,1,1151092,0,1,1,0.479446841,3
"312","27032.2015",312,381,381,381,27032,0.25,1,7575,27032,2015,840,7,1,1151092,0,1,1,0.468409033,2
"313","27032.2016",313,382,382,382,27032,0.625,1,7576,27032,2016,840,8,6,1151092,2,1,1,0.459115707,6
"314","27032.2017",314,383,383,383,27032,0.25,1,7577,27032,2017,840,8,2,1151092,2,1,1,0.456483126,3
"315","27032.2018",315,384,384,384,27032,0.375,1,7578,27032,2018,840,8,4,1151092,0,1,1,0.451376554,4
"316","27032.2019",316,385,385,385,27032,0.125,1,7579,27032,2019,840,9,1,1151092,0,1,1,0.439006597,1
"317","27035.2019",317,386,386,386,25108,0.428571428571429,2,7615,27035,2019,840,6,3,1150935,0,1,1,0.596990078,6
"318","27035.2019",318,387,387,387,25010,0.428571428571429,2,7615,27035,2019,840,6,3,1150935,0,1,1,0.596990078,6
"319","27038.2019",319,389,389,389,2066,4.28571428571429,2,7659,27038,2019,840,7,37,1090769,0,1,1,0.565816808,48
"320","27038.2019",320,390,390,390,25005,4.28571428571429,2,7659,27038,2019,840,7,37,1090769,0,1,1,0.565816808,48
"321","27038.2019",321,391,391,391,2021,4.28571428571429,2,7659,27038,2019,840,7,37,1090769,0,1,1,0.565816808,48
"322","27045.2019",322,392,392,392,80112,1,2,7719,27045,2019,840,6,12,1020555,0,1,1,0.60360026,15
"323","27045.2019",323,393,393,393,27050,1,2,7719,27045,2019,840,6,12,1020555,0,1,1,0.60360026,15
"324","27046.2019",324,394,394,394,27050,0.714285714285714,2,7739,27046,2019,840,7,4,1060314,1,1,1,0.666490014,6
"325","27046.2019",325,395,395,395,27032,0.714285714285714,2,7739,27046,2019,840,7,4,1060314,1,1,1,0.666490014,6
"326","27046.2019",326,396,396,396,25010,0.714285714285714,2,7739,27046,2019,840,7,4,1060314,1,1,1,0.666490014,6
"327","27048.2019",327,397,397,397,25010,1.5,2,7768,27048,2019,840,6,11,990530,0,1,1,0.633888787,11
"328","27048.2019",328,398,398,398,27031,1.5,2,7768,27048,2019,840,6,11,990530,0,1,1,0.633888787,11
"329","27048.2019",329,399,399,399,27032,1.5,2,7768,27048,2019,840,6,11,990530,0,1,1,0.633888787,11
"330","27048.2019",330,400,400,400,80112,1.5,2,7768,27048,2019,840,6,11,990530,0,1,1,0.633888787,11
"331","27050.2000",331,401,401,401,27050,3.66666666666667,1,7785,27050,2000,840,3,21,1040549,1,1,1,0.689181055,36
"332","27050.2001",332,402,402,402,27050,2.66666666666667,1,7786,27050,2001,840,3,11,1040549,0,1,1,0.671186441,18
"333","27050.2002",333,403,403,403,27050,3.66666666666667,1,7787,27050,2002,840,3,12,1040549,1,1,1,0.670489466,29
"334","27050.2003",334,404,404,404,27050,5.33333333333333,1,7788,27050,2003,840,3,18,1040549,1,1,1,0.658387454,25
"335","27050.2004",335,405,405,405,27050,3,1,7789,27050,2004,840,3,16,1040549,1,1,1,0.602312688,30
"336","27050.2005",336,406,406,406,27050,0.833333333333333,1,7790,27050,2005,840,5,7,1040549,2,0,1,0.534642801,10
"337","27050.2006",337,407,407,407,27050,1.66666666666667,1,7791,27050,2006,840,5,16,1040549,0,1,1,0.520576588,26
"338","27050.2007",338,408,408,408,27050,1.5,1,7792,27050,2007,840,5,19,1040549,1,1,1,0.512751465,24
"339","27050.2008",339,409,409,409,27050,1.66666666666667,1,7793,27050,2008,840,5,12,1040549,0,1,1,0.51107239,18
"340","27050.2009",340,410,410,410,27050,0.571428571428571,1,7794,27050,2009,840,6,16,1040549,1,1,1,0.467574846,21
"341","27050.2010",341,411,411,411,27050,0.888888888888889,1,7795,27050,2010,840,9,15,1040549,2,1,1,0.347061619,17
"342","27050.2011",342,412,412,412,27050,1.11111111111111,1,7796,27050,2011,840,9,13,1040549,0,1,1,0.344875653,17
"343","27050.2012",343,413,413,413,27050,0.2,1,7797,27050,2012,840,6,4,1040549,0,1,1,0.373419927,8
"344","27050.2013",344,414,414,414,27050,1.33333333333333,1,7798,27050,2013,840,6,12,1040549,0,1,1,0.372627911,19
"345","27050.2014",345,415,415,415,27050,1.33333333333333,1,7799,27050,2014,840,6,12,1040549,2,1,1,0.360430857,20
"346","27050.2015",346,416,416,416,27050,1.14285714285714,1,7800,27050,2015,840,7,17,1040549,0,1,1,0.312212894,20
"347","27050.2016",347,417,417,417,27050,1.28571428571429,1,7801,27050,2016,840,7,12,1040549,0,1,1,0.307840963,17
"348","27050.2017",348,418,418,418,27050,1,1,7802,27050,2017,840,7,12,1040549,1,1,1,0.300712815,17
"349","27050.2018",349,419,419,419,27050,1,1,7803,27050,2018,840,7,14,1040549,0,1,1,0.296530968,21
"350","27050.2019",350,420,420,420,27050,1.125,1,7804,27050,2019,840,8,18,1040549,0,1,1,0.285316015,23
"351","27053.2019",351,421,421,421,25108,0.222222222222222,2,7843,27053,2019,840,8,8,981362,0,1,1,0.406403618,11
"352","27053.2019",352,422,422,422,25005,0.222222222222222,2,7843,27053,2019,840,8,8,981362,0,1,1,0.406403618,11
"353","27057.2019",353,423,423,423,25010,3,2,7877,27057,2019,840,3,9,990903,0,1,1,0.583705675,20
"354","27057.2019",354,424,424,424,25108,3,2,7877,27057,2019,840,3,9,990903,0,1,1,0.583705675,20
"355","27102.2019",355,425,425,425,27050,0.4,2,7881,27102,2019,840,6,3,1140719,0,1,1,0.518390623,7
"356","27102.2019",356,426,426,426,25010,0.4,2,7881,27102,2019,840,6,3,1140719,0,1,1,0.518390623,7
"357","27102.2019",357,427,427,427,25108,0.4,2,7881,27102,2019,840,6,3,1140719,0,1,1,0.518390623,7
"358","27102.2019",358,428,428,428,27031,0.4,2,7881,27102,2019,840,6,3,1140719,0,1,1,0.518390623,7
"359","34061.2019",359,429,429,429,82015,1.25,2,9621,34061,2019,840,8,20,1000644,0,1,1,0.465087719,20
"360","34081.2019",360,430,430,430,82015,9,2,9942,34081,2019,840,6,58,1151582,0,1,1,0.45961272,81
"361","42010.2019",361,431,431,431,2066,3.375,2,12993,42010,2019,840,8,27,980761,0,1,1,0.415203371,27
"362","42010.2019",362,432,432,432,2038,3.375,2,12993,42010,2019,840,8,27,980761,0,1,1,0.415203371,27
"363","42010.2019",363,433,433,433,42122,3.375,2,12993,42010,2019,840,8,27,980761,0,1,1,0.415203371,27
"364","42012.2019",364,434,434,434,42122,2.25,2,13024,42012,2019,840,4,9,1151097,0,1,1,0.664635167,16
"365","42036.2019",365,435,435,435,7013,1.57142857142857,2,13223,42036,2019,840,7,15,990841,0,1,1,0.479997446,20
"366","42036.2019",366,436,436,436,42122,1.57142857142857,2,13223,42036,2019,840,7,15,990841,0,1,1,0.479997446,20
"367","42104.2019",367,437,437,437,42122,0.222222222222222,2,13413,42104,2019,840,9,15,1060298,1,1,1,0.776625793,17
"368","42122.2000",368,438,438,438,42122,1.66666666666667,1,13485,42122,2000,840,3,5,1140222,0,0,1,0.814308758,7
"369","42122.2001",369,439,439,439,42122,0,1,13486,42122,2001,840,4,1,1140222,0,0,1,0.790555714,3
"370","42122.2002",370,440,440,440,42122,1.5,1,13487,42122,2002,840,4,6,1140222,0,1,1,0.76658127,8
"371","42122.2003",371,441,441,441,42122,1,1,13488,42122,2003,840,4,4,1140222,0,0,1,0.749059051,6
"372","42122.2004",372,442,442,442,42122,0.75,1,13489,42122,2004,840,4,3,1140222,0,1,1,0.728437233,16
"373","42122.2006",373,443,443,443,42122,1.2,1,13490,42122,2006,840,5,7,1140222,0,1,1,0.687826169,13
"374","42122.2007",374,444,444,444,42122,2.66666666666667,1,13491,42122,2007,840,6,16,1140222,0,1,1,0.603504444,17
"375","42122.2008",375,445,445,445,42122,1.16666666666667,1,13492,42122,2008,840,6,8,1140222,0,1,1,0.583957997,9
"376","42122.2009",376,446,446,446,42122,1.57142857142857,1,13493,42122,2009,840,7,12,1140222,0,1,1,0.547964703,15
"377","42122.2010",377,447,447,447,42122,1.375,1,13494,42122,2010,840,8,13,1140222,0,1,1,0.506246639,19
"378","42122.2012",378,448,448,448,42122,2.42857142857143,1,13495,42122,2012,840,7,18,1080208,0,1,1,0.523990258,25
"379","42122.2013",379,449,449,449,42122,1.71428571428571,1,13496,42122,2013,840,7,14,1190855,2,0,1,0.533036025,15
"380","42122.2014",380,450,450,450,42122,4.42857142857143,1,13497,42122,2014,840,7,35,1190855,0,0,1,0.528228485,39
"381","42122.2015",381,451,451,451,42122,3,1,13498,42122,2015,840,8,24,1190855,2,1,1,0.493848246,24
"382","42122.2016",382,452,452,452,42122,4.75,1,13499,42122,2016,840,8,38,1190855,1,1,1,0.490527248,41
"383","42122.2017",383,453,453,453,42122,3.75,1,13500,42122,2017,840,8,31,1190855,0,1,1,0.468924945,33
"384","42122.2018",384,454,454,454,42122,2,1,13501,42122,2018,840,8,19,1190855,2,1,1,0.455229781,23
"385","42122.2019",385,455,455,455,42122,0.75,1,13502,42122,2019,840,8,6,1030738,1,1,2,0.449220356,6
"386","42125.2019",386,456,456,456,7111,1.375,2,13514,42125,2019,840,8,14,1041125,0,1,1,0.382526674,15
"387","42128.2019",387,457,457,457,42122,0.555555555555556,2,13534,42128,2019,840,9,5,1140388,0,1,1,0.504683763,5
"388","42128.2019",388,458,458,458,7013,0.555555555555556,2,13534,42128,2019,840,9,5,1140388,0,1,1,0.504683763,5
"389","42128.2019",389,459,459,459,7111,0.555555555555556,2,13534,42128,2019,840,9,5,1140388,0,1,1,0.504683763,5
"390","42208.2019",390,460,460,460,2036,0.333333333333333,2,13600,42208,2019,840,6,2,1040795,0,1,1,0.585049877,6
"391","42208.2019",391,462,462,462,2066,0.333333333333333,2,13600,42208,2019,840,6,2,1040795,0,1,1,0.585049877,6
"392","42208.2019",392,464,464,464,2021,0.333333333333333,2,13600,42208,2019,840,6,2,1040795,0,1,1,0.585049877,6
"393","42905.2019",393,465,465,465,42122,0,2,13747,42905,2019,840,1,1,1160350,0,0,1,0.754280924,25
"394","46003.2019",394,466,466,466,88914,0,2,15605,46003,2019,840,8,8,1120068,0,1,1,0.682665466,10
"395","46003.2019",395,467,467,467,88049,0,2,15605,46003,2019,840,8,8,1120068,0,1,1,0.682665466,10
"396","46003.2019",396,468,468,468,88028,0,2,15605,46003,2019,840,8,8,1120068,0,1,1,0.682665466,10
"397","46015.2019",397,469,469,469,88028,1.28571428571429,2,15734,46015,2019,840,7,20,1000107,1,1,1,0.422034919,23
"398","46047.2019",398,471,471,471,88028,2.4,2,15956,46047,2019,840,6,36,1080582,0,1,1,0.489699583,79
"399","46047.2019",399,472,472,472,88049,2.4,2,15956,46047,2019,840,6,36,1080582,0,1,1,0.489699583,79
"400","46052.2019",400,474,474,474,88049,0,2,16014,46052,2019,840,4,4,1120068,0,1,1,0.573345594,14
"401","46052.2019",401,475,475,475,63232,0,2,16014,46052,2019,840,4,4,1120068,0,1,1,0.573345594,14
"402","46052.2019",402,476,476,476,88025,0,2,16014,46052,2019,840,4,4,1120068,0,1,1,0.573345594,14
"403","46055.2019",403,477,477,477,88023,0.857142857142857,2,16051,46055,2019,840,7,8,1150720,3,1,1,0.735996691,12
"404","46126.2019",404,478,478,478,63232,1.14285714285714,2,16128,46126,2019,840,8,11,1120365,1,1,1,0.598042055,12
"405","46126.2019",405,479,479,479,88028,1.14285714285714,2,16128,46126,2019,840,8,11,1120365,1,1,1,0.598042055,12
"406","46126.2019",406,480,480,480,88049,1.14285714285714,2,16128,46126,2019,840,8,11,1120365,1,1,1,0.598042055,12
"407","46126.2019",407,481,481,481,63109,1.14285714285714,2,16128,46126,2019,840,8,11,1120365,1,1,1,0.598042055,12
"408","46126.2019",408,482,482,482,88025,1.14285714285714,2,16128,46126,2019,840,8,11,1120365,1,1,1,0.598042055,12
"409","46126.2019",409,483,483,483,63024,1.14285714285714,2,16128,46126,2019,840,8,11,1120365,1,1,1,0.598042055,12
"410","46126.2019",410,484,484,484,88023,1.14285714285714,2,16128,46126,2019,840,8,11,1120365,1,1,1,0.598042055,12
"411","51015.2019",411,485,485,485,2036,0.4,2,18493,51015,2019,840,5,2,1190737,1,1,1,0.77624807,6
"412","51015.2019",412,486,486,486,2021,0.4,2,18493,51015,2019,840,5,2,1190737,1,1,1,0.77624807,6
"413","51020.2019",413,489,489,489,2066,2.16666666666667,2,18538,51020,2019,840,7,19,981146,0,1,1,0.389914953,27
"414","51020.2019",414,490,490,490,2038,2.16666666666667,2,18538,51020,2019,840,7,19,981146,0,1,1,0.389914953,27
"415","51022.2019",415,491,491,491,82015,1,2,18558,51022,2019,840,4,4,1190762,0,1,1,0.473081967,10
"416","51023.2019",416,492,492,492,2066,1.42857142857143,2,18578,51023,2019,840,7,15,1150496,0,1,1,0.45032901,20
"417","51023.2019",417,493,493,493,82015,1.42857142857143,2,18578,51023,2019,840,7,15,1150496,0,1,1,0.45032901,20
"418","51023.2019",418,495,495,495,2038,1.42857142857143,2,18578,51023,2019,840,7,15,1150496,0,1,1,0.45032901,20
"419","51030.2019",419,496,496,496,2036,1.5,2,18644,51030,2019,840,2,4,1000337,0,1,1,0.669519289,14
"420","51030.2019",420,497,497,497,2066,1.5,2,18644,51030,2019,840,2,4,1000337,0,1,1,0.669519289,14
"421","51113.2019",421,499,499,499,2021,1.5,2,18685,51113,2019,840,4,8,1150496,1,1,1,0.525429047,12
"422","51119.2019",422,500,500,500,2021,2.44444444444444,2,18705,51119,2019,840,9,24,1120407,0,1,1,0.456128514,24
"423","51119.2019",423,501,501,501,2038,2.44444444444444,2,18705,51119,2019,840,9,24,1120407,0,1,1,0.456128514,24
"424","51119.2019",424,503,503,503,2066,2.44444444444444,2,18705,51119,2019,840,9,24,1120407,0,1,1,0.456128514,24
"425","51229.2019",425,504,504,504,2021,1.5,2,18724,51229,2019,840,8,12,1090611,1,1,1,0.527729958,14
"426","52004.2019",426,505,505,505,7111,3.4,2,18844,52004,2019,840,5,21,980836,0,1,1,0.540225656,24
"427","52004.2019",427,506,506,506,7013,3.4,2,18844,52004,2019,840,5,21,980836,0,1,1,0.540225656,24
"428","52006.2019",428,507,507,507,7111,0.4,2,18873,52006,2019,840,5,5,1190863,0,1,1,0.648758015,9
"429","52006.2019",429,508,508,508,7013,0.4,2,18873,52006,2019,840,5,5,1190863,0,1,1,0.648758015,9
"430","52052.2019",430,509,509,509,7111,3.5,2,19227,52052,2019,840,8,32,1030733,0,0,1,0.750858132,35
"431","52053.2019",431,510,510,510,7111,1,2,19246,52053,2019,840,6,7,981454,0,0,1,0.897005068,17
"432","52054.2019",432,511,511,511,7013,0.5,2,19266,52054,2019,840,5,5,981015,0,1,1,0.77879179,10
"433","52054.2019",433,512,512,512,7111,0.5,2,19266,52054,2019,840,5,5,981015,0,1,1,0.77879179,10
"434","52055.2019",434,513,513,513,7013,12.8333333333333,2,19281,52055,2019,840,6,81,980905,0,1,1,0.482601325,86
"435","52055.2019",435,514,514,514,7111,12.8333333333333,2,19281,52055,2019,840,6,81,980905,0,1,1,0.482601325,86
"436","63005.2019",436,537,537,537,63024,0.428571428571429,2,25747,63005,2019,840,7,5,1120332,0,0,1,0.548782015,8
"437","63005.2019",437,539,539,539,63232,0.428571428571429,2,25747,63005,2019,840,7,5,1120332,0,0,1,0.548782015,8
"438","63005.2019",438,541,541,541,80112,0.428571428571429,2,25747,63005,2019,840,7,5,1120332,0,0,1,0.548782015,8
"439","63014.2019",439,562,562,562,63311,0.857142857142857,2,25843,63014,2019,840,7,7,1090351,0,1,1,0.498849408,7
"440","63017.2019",440,566,566,566,27031,0.4,2,25875,63017,2019,840,10,11,1151454,1,1,1,0.409124834,15
"441","63017.2019",441,567,567,567,63311,0.4,2,25875,63017,2019,840,10,11,1151454,1,1,1,0.409124834,15
"442","63020.2019",442,568,568,568,27031,0,2,25890,63020,2019,840,8,10,1041039,0,1,1,0.417053384,14
"443","63024.2000",443,569,569,569,63024,4.5,1,25906,63024,2000,840,4,21,1080086,0,1,1,0.74685774,28
"444","63024.2001",444,570,570,570,63024,1.25,1,25907,63024,2001,840,4,7,1080086,1,1,1,0.699895507,16
"445","63024.2002",445,571,571,571,63024,2.25,1,25908,63024,2002,840,4,13,1080086,0,1,1,0.691565905,23
"446","63024.2003",446,572,572,572,63024,2.5,1,25909,63024,2003,840,4,15,1080086,0,1,1,0.667353336,23
"447","63024.2004",447,573,573,573,63024,5.75,1,25910,63024,2004,840,4,27,1080086,0,1,1,0.651828631,33
"448","63024.2005",448,574,574,574,63024,1.8,1,25911,63024,2005,840,5,12,1080086,0,1,1,0.641409166,20
"449","63024.2006",449,575,575,575,63024,1.4,1,25912,63024,2006,840,5,10,1080086,1,1,1,0.636781609,16
"450","63024.2007",450,576,576,576,63024,1.4,1,25913,63024,2007,840,5,16,1080086,2,1,1,0.630482162,23
"451","63024.2008",451,577,577,577,63024,1.6,1,25914,63024,2008,840,5,17,1080086,2,1,1,0.618599791,21
"452","63024.2009",452,578,578,578,63024,3.6,1,25915,63024,2009,840,5,20,1080086,2,1,1,0.595014181,26
"453","63024.2010",453,579,579,579,63024,1.4,1,25916,63024,2010,840,5,9,1080086,1,1,1,0.584833557,11
"454","63024.2011",454,580,580,580,63024,0.8,1,25917,63024,2011,840,5,5,1080086,2,1,1,0.578205702,9
"455","63024.2012",455,581,581,581,63024,2.6,1,25918,63024,2012,840,5,14,1080086,2,1,1,0.625436632,18
"456","63024.2013",456,582,582,582,63024,3.83333333333333,1,25919,63024,2013,840,6,31,1080098,0,1,1,0.620271682,33
"457","63024.2014",457,583,583,583,63024,1.83333333333333,1,25920,63024,2014,840,6,16,1080098,0,1,1,0.590446335,20
"458","63024.2015",458,584,584,584,63024,3.57142857142857,1,25921,63024,2015,840,7,33,1080098,0,1,1,0.568592327,42
"459","63024.2016",459,585,585,585,63024,2,1,25922,63024,2016,840,8,22,1080098,0,1,1,0.552530228,22
"460","63024.2017",460,586,586,586,63024,2.75,1,25923,63024,2017,840,8,28,1080098,0,1,1,0.545842663,30
"461","63024.2018",461,587,587,587,63024,1.875,1,25924,63024,2018,840,8,22,1080098,1,1,1,0.523690103,23
"462","63024.2019",462,588,588,588,63024,2.875,1,25925,63024,2019,840,8,24,1080098,1,1,1,0.520943424,24
"463","63028.2019",463,590,590,590,27032,0.428571428571429,2,25978,63028,2019,840,7,9,1091210,0,1,1,0.490816512,14
"464","63107.2019",464,592,592,592,63311,3.5,2,26051,63107,2019,840,2,12,1080098,2,1,1,0.780312907,19
"465","63109.2000",465,613,613,613,63109,0.714285714285714,1,26072,63109,2000,840,7,7,1090721,0,0,2,0.768338855,13
"466","63109.2001",466,614,614,614,63109,0.714285714285714,1,26073,63109,2001,840,7,9,1090721,1,0,1,0.710541884,17
"467","63109.2002",467,615,615,615,63109,0,1,26074,63109,2002,840,7,3,1090721,2,0,1,0.677738997,6
"468","63109.2003",468,616,616,616,63109,0.714285714285714,1,26075,63109,2003,840,7,6,1090721,2,0,1,0.65058566,8
"469","63109.2004",469,617,617,617,63109,0.285714285714286,1,26076,63109,2004,840,7,6,1090721,1,1,1,0.645498107,30
"470","63109.2006",470,618,618,618,63109,1.375,1,26077,63109,2006,840,8,15,1190714,1,0,2,0.58438831,16
"471","63109.2007",471,619,619,619,63109,0.75,1,26078,63109,2007,840,8,9,1190714,0,0,1,0.583323474,13
"472","63109.2008",472,620,620,620,63109,2.25,1,26079,63109,2008,840,8,22,1190714,0,1,1,0.526147657,24
"473","63109.2010",473,621,621,621,63109,1.625,1,26080,63109,2010,840,8,28,1000114,1,1,1,0.451372456,32
"474","63109.2011",474,622,622,622,63109,2.375,1,26081,63109,2011,840,8,35,1000114,1,1,1,0.432619498,52
"475","63109.2012",475,623,623,623,63109,1.75,1,26082,63109,2012,840,7,23,1000114,1,1,1,0.434926645,36
"476","63109.2013",476,624,624,624,63109,2.55555555555556,1,26083,63109,2013,840,8,30,1000114,0,1,1,0.430933507,43
"477","63109.2014",477,625,625,625,63109,3.3,1,26084,63109,2014,840,9,42,1000114,2,1,1,0.379466398,51
"478","63109.2015",478,626,626,626,63109,5,1,26085,63109,2015,840,9,75,1000114,0,1,1,0.377159252,83
"479","63109.2016",479,627,627,627,63109,4.3,1,26086,63109,2016,840,9,48,1000114,0,1,1,0.357104827,56
"480","63109.2017",480,628,628,628,63109,1.6,1,26087,63109,2017,840,9,37,1000114,0,1,1,0.341694274,38
"481","63109.2018",481,629,629,629,63109,2.8,1,26088,63109,2018,840,9,36,1000114,1,1,1,0.302384051,38
"482","63109.2019",482,630,630,630,63109,2.7,1,26089,63109,2019,840,9,39,1000114,1,1,1,0.284636772,40
"483","63121.2019",483,631,631,631,80112,0,2,26139,63121,2019,840,5,2,990815,0,1,1,0.712669475,3
"484","63202.2019",484,632,632,632,88914,0,2,26175,63202,2019,840,6,1,1020035,2,1,1,0.816414958,2
"485","63202.2019",485,633,633,633,63311,0,2,26175,63202,2019,840,6,1,1020035,2,1,1,0.816414958,2
"486","63204.2019",486,635,635,635,63311,0,2,26208,63204,2019,840,2,1,1090711,0,1,1,0.802662994,2
"487","63204.2019",487,636,636,636,80112,0,2,26208,63204,2019,840,2,1,1090711,0,1,1,0.802662994,2
"488","63205.2019",488,638,638,638,63311,0.4,2,26228,63205,2019,840,10,9,990354,1,1,1,0.447259817,12
"489","63205.2019",489,640,640,640,63109,0.4,2,26228,63205,2019,840,10,9,990354,1,1,1,0.447259817,12
"490","63207.2019",490,647,647,647,27032,0.666666666666667,2,26255,63207,2019,840,10,9,1040757,0,1,1,0.467069073,11
"491","63207.2019",491,650,650,650,63311,0.666666666666667,2,26255,63207,2019,840,10,9,1040757,0,1,1,0.467069073,11
"492","63210.2019",492,651,651,651,63109,0.666666666666667,2,26293,63210,2019,840,9,9,1190920,0,1,1,0.333696228,37
"493","63210.2019",493,652,652,652,63311,0.666666666666667,2,26293,63210,2019,840,9,9,1190920,0,1,1,0.333696228,37
"494","63212.2019",494,655,655,655,88028,1.11111111111111,2,26309,63212,2019,840,9,19,1090981,0,1,1,0.426390098,19
"495","63212.2019",495,656,656,656,63311,1.11111111111111,2,26309,63212,2019,840,9,19,1090981,0,1,1,0.426390098,19
"496","63216.2019",496,657,657,657,63024,0.2,2,26351,63216,2019,840,5,4,1120332,2,1,1,0.516254876,14
"497","63216.2019",497,658,658,658,88049,0.2,2,26351,63216,2019,840,5,4,1120332,2,1,1,0.516254876,14
"498","63216.2019",498,660,660,660,63311,0.2,2,26351,63216,2019,840,5,4,1120332,2,1,1,0.516254876,14
"499","63217.2019",499,661,661,661,88028,1.9,2,26371,63217,2019,840,10,29,1041027,1,1,1,0.41510623,30
"500","63224.2019",500,662,662,662,63109,19.7777777777778,2,26473,63224,2019,840,7,184,1000114,0,1,1,0.343685967,185
"501","63224.2019",501,664,664,664,63311,19.7777777777778,2,26473,63224,2019,840,7,184,1000114,0,1,1,0.343685967,185
"502","63225.2019",502,665,665,665,63232,0.333333333333333,2,26492,63225,2019,840,6,3,1160430,0,1,1,0.676887347,5
"503","63225.2019",503,666,666,666,88023,0.333333333333333,2,26492,63225,2019,840,6,3,1160430,0,1,1,0.676887347,5
"504","63225.2019",504,667,667,667,88914,0.333333333333333,2,26492,63225,2019,840,6,3,1160430,0,1,1,0.676887347,5
"505","63225.2019",505,668,668,668,63024,0.333333333333333,2,26492,63225,2019,840,6,3,1160430,0,1,1,0.676887347,5
"506","63225.2019",506,670,670,670,63109,0.333333333333333,2,26492,63225,2019,840,6,3,1160430,0,1,1,0.676887347,5
"507","63225.2019",507,671,671,671,80112,0.333333333333333,2,26492,63225,2019,840,6,3,1160430,0,1,1,0.676887347,5
"508","63225.2019",508,672,672,672,63311,0.333333333333333,2,26492,63225,2019,840,6,3,1160430,0,1,1,0.676887347,5
"509","63225.2019",509,673,673,673,88028,0.333333333333333,2,26492,63225,2019,840,6,3,1160430,0,1,1,0.676887347,5
"510","63226.2019",510,675,675,675,63109,3.44444444444444,2,26505,63226,2019,840,8,29,1151538,2,1,1,0.292081787,36
"511","63228.2019",511,676,676,676,80112,1.875,2,26525,63228,2019,840,8,31,1080098,0,1,1,0.674993146,39
"512","63228.2019",512,677,677,677,63232,1.875,2,26525,63228,2019,840,8,31,1080098,0,1,1,0.674993146,39
"513","63228.2019",513,678,678,678,88049,1.875,2,26525,63228,2019,840,8,31,1080098,0,1,1,0.674993146,39
"514","63232.2000",514,679,679,679,63232,0.2,1,26548,63232,2000,840,5,4,1120387,1,1,1,0.762645791,10
"515","63232.2003",515,680,680,680,63232,0.5,1,26549,63232,2003,840,6,5,1020369,0,1,2,0.706326065,10
"516","63232.2004",516,681,681,681,63232,0.166666666666667,1,26550,63232,2004,840,6,2,1020369,3,1,1,0.692919625,7
"517","63232.2005",517,682,682,682,63232,2.16666666666667,1,26551,63232,2005,840,6,16,1020369,0,1,1,0.661225913,19
"518","63232.2006",518,683,683,683,63232,0.666666666666667,1,26552,63232,2006,840,6,9,1090999,0,0,2,0.656535243,14
"519","63232.2007",519,684,684,684,63232,0.166666666666667,1,26553,63232,2007,840,6,6,1090999,1,0,1,0.656535243,10
"520","63232.2008",520,685,685,685,63232,1.57142857142857,1,26554,63232,2008,840,6,13,1090999,2,1,1,0.636092799,13
"521","63232.2009",521,686,686,686,63232,0.714285714285714,1,26555,63232,2009,840,6,7,1090999,0,1,1,0.63533215,9
"522","63232.2010",522,687,687,687,63232,1,1,26556,63232,2010,840,7,16,1000114,1,1,1,0.627852434,24
"523","63232.2011",523,688,688,688,63232,0.428571428571429,1,26557,63232,2011,840,7,4,1000114,2,1,1,0.614033976,10
"524","63232.2012",524,689,689,689,63232,1,1,26558,63232,2012,840,7,14,1000114,0,1,1,0.665536258,19
"525","63232.2013",525,690,690,690,63232,0.857142857142857,1,26559,63232,2013,840,7,10,1000114,0,1,1,0.66487069,12
"526","63232.2014",526,691,691,691,63232,1.28571428571429,1,26560,63232,2014,840,7,11,1000114,1,1,1,0.631021805,25
"527","63232.2015",527,692,692,692,63232,0.428571428571429,1,26561,63232,2015,840,7,6,1000114,1,1,1,0.619485294,14
"528","63232.2016",528,693,693,693,63232,0.142857142857143,1,26562,63232,2016,840,7,2,1000114,0,1,1,0.576033215,16
"529","63232.2017",529,694,694,694,63232,0.285714285714286,1,26563,63232,2017,840,7,5,1000114,0,1,1,0.546114351,19
"530","63232.2018",530,695,695,695,63232,0.285714285714286,1,26564,63232,2018,840,7,4,1000114,0,1,1,0.536320994,11
"531","63232.2019",531,696,696,696,63232,0.285714285714286,1,26565,63232,2019,840,7,5,1000114,0,1,1,0.521583418,11
"532","63233.2019",532,697,697,697,63232,0.333333333333333,2,26584,63233,2019,840,9,5,1160430,0,1,1,0.524130517,5
"533","63233.2019",533,701,701,701,63024,0.333333333333333,2,26584,63233,2019,840,9,5,1160430,0,1,1,0.524130517,5
"534","63233.2019",534,702,702,702,63109,0.333333333333333,2,26584,63233,2019,840,9,5,1160430,0,1,1,0.524130517,5
"535","63311.2000",535,703,703,703,63311,2.75,1,26599,63311,2000,840,4,15,1020203,0,1,1,0.827451751,27
"536","63311.2001",536,704,704,704,63311,1.75,1,26600,63311,2001,840,4,12,1020203,1,1,1,0.826829188,22
"537","63311.2002",537,705,705,705,63311,1.14285714285714,1,26601,63311,2002,840,7,13,1020203,0,1,1,0.726268882,23
"538","63311.2003",538,706,706,706,63311,1,1,26602,63311,2003,840,7,11,1020203,0,1,1,0.691700252,16
"539","63311.2004",539,707,707,707,63311,0.714285714285714,1,26603,63311,2004,840,8,10,1020203,0,1,1,0.675218716,15
"540","63311.2005",540,708,708,708,63311,1.42857142857143,1,26604,63311,2005,840,8,17,1020203,0,1,1,0.640551787,22
"541","63311.2006",541,709,709,709,63311,2.14285714285714,1,26605,63311,2006,840,8,19,1020203,0,1,1,0.623316622,23
"542","63311.2007",542,710,710,710,63311,1.42857142857143,1,26606,63311,2007,840,8,19,1020203,0,1,1,0.514859596,23
"543","63311.2008",543,711,711,711,63311,4.28571428571429,1,26607,63311,2008,840,8,42,1020203,0,1,1,0.503456863,49
"544","63311.2009",544,712,712,712,63311,0.857142857142857,1,26608,63311,2009,840,8,17,1020203,0,1,1,0.481306727,23
"545","63311.2010",545,713,713,713,63311,1.85714285714286,1,26609,63311,2010,840,8,19,1020203,1,1,1,0.478882008,28
"546","63311.2011",546,714,714,714,63311,0.714285714285714,1,26610,63311,2011,840,8,12,1020203,0,1,1,0.45601101,19
"547","63311.2012",547,715,715,715,63311,3.42857142857143,1,26611,63311,2012,840,7,27,1020203,0,1,1,0.469609096,39
"548","63311.2013",548,716,716,716,63311,1.16666666666667,1,26612,63311,2013,840,6,8,1020203,0,1,1,0.464956257,11
"549","63311.2014",549,717,717,717,63311,1,1,26613,63311,2014,840,6,10,1020203,0,1,1,0.42209771,16
"550","63311.2015",550,718,718,718,63311,0.142857142857143,1,26614,63311,2015,840,7,1,1020203,0,1,1,0.408270258,2
"551","63311.2016",551,719,719,719,63311,0.5,1,26615,63311,2016,840,8,8,1020203,0,1,1,0.358989482,10
"552","63311.2017",552,720,720,720,63311,0.5,1,26616,63311,2017,840,8,9,1020203,0,1,1,0.346538222,14
"553","63311.2018",553,721,721,721,63311,0.875,1,26617,63311,2018,840,8,10,1020203,0,1,1,0.346538222,13
"554","63311.2019",554,722,722,722,63311,0.875,1,26618,63311,2019,840,8,8,1020203,0,1,1,0.335495921,10
"555","63900.2019",555,723,723,723,63109,0.25,2,26634,63900,2019,840,9,5,1151089,0,0,1,0.438868206,5
"556","63900.2019",556,724,724,724,27032,0.25,2,26634,63900,2019,840,9,5,1151089,0,0,1,0.438868206,5
"557","63909.2019",557,727,727,727,80112,0.3,2,26711,63909,2019,840,10,5,1090564,0,0,1,0.790064159,5
"558","67001.2019",558,728,728,728,7111,0,2,28719,67001,2019,840,1,0,1070320,1,1,1,0.856508219,6
"559","67011.2019",559,729,729,729,7111,0.666666666666667,2,28792,67011,2019,840,9,19,1180150,1,1,1,0.480829705,23
"560","67011.2019",560,730,730,730,7013,0.666666666666667,2,28792,67011,2019,840,9,19,1180150,1,1,1,0.480829705,23
"561","67051.2019",561,731,731,731,7013,0.166666666666667,2,29146,67051,2019,840,4,5,970131,1,1,1,0.682860474,13
"562","67051.2019",562,732,732,732,7111,0.166666666666667,2,29146,67051,2019,840,4,5,970131,1,1,1,0.682860474,13
"563","67103.2019",563,733,733,733,7013,1.375,2,29429,67103,2019,840,8,21,1040483,3,1,1,0.568812814,28
"564","67103.2019",564,734,734,734,7111,1.375,2,29429,67103,2019,840,8,21,1040483,3,1,1,0.568812814,28
"565","67900.2019",565,735,735,735,7111,0,2,29501,67900,2019,840,7,0,980714,2,0,1,0.807505708,0
"566","69142.2019",566,736,736,736,11402,0,2,31854,69142,2019,840,10,0,1120237,1,1,1,0.741590214,0
"567","7004.2019",567,737,737,737,42122,0,2,32389,7004,2019,840,6,0,970131,1,1,1,0.553564979,2
"568","7004.2019",568,738,738,738,7111,0,2,32389,7004,2019,840,6,0,970131,1,1,1,0.553564979,2
"569","7004.2019",569,739,739,739,7013,0,2,32389,7004,2019,840,6,0,970131,1,1,1,0.553564979,2
"570","7007.2019",570,740,740,740,42122,1,2,32442,7007,2019,840,9,11,1160421,1,1,1,0.402404051,12
"571","7013.2000",571,741,741,741,7013,1,1,32483,7013,2000,840,1,1,1120038,0,1,1,0.732681236,10
"572","7013.2001",572,742,742,742,7013,2,1,32484,7013,2001,840,1,2,1120038,0,1,1,0.723178357,10
"573","7013.2002",573,743,743,743,7013,2,1,32485,7013,2002,840,1,3,1120038,0,1,1,0.721940197,16
"574","7013.2003",574,744,744,744,7013,1,1,32486,7013,2003,840,1,1,1120038,0,1,1,0.70695846,15
"575","7013.2004",575,745,745,745,7013,2,1,32487,7013,2004,840,1,2,1120038,1,1,1,0.700117625,11
"576","7013.2005",576,746,746,746,7013,1,1,32488,7013,2005,840,1,1,1120038,0,1,1,0.691326689,8
"577","7013.2006",577,747,747,747,7013,0,1,32489,7013,2006,840,1,0,1120038,0,1,1,0.669782703,11
"578","7013.2007",578,748,748,748,7013,0,1,32490,7013,2007,840,1,0,1120038,0,1,1,0.666470625,5
"579","7013.2010",579,749,749,749,7013,3,1,32491,7013,2010,840,1,3,981296,0,1,2,0.640035907,13
"580","7013.2011",580,750,750,750,7013,2,1,32492,7013,2011,840,1,2,981296,0,1,1,0.635671392,16
"581","7013.2012",581,751,751,751,7013,0.5,1,32493,7013,2012,840,2,1,1100241,0,1,1,0.659722652,12
"582","7013.2013",582,752,752,752,7013,0.5,1,32494,7013,2013,840,2,2,1100241,0,1,1,0.659103572,7
"583","7013.2014",583,753,753,753,7013,1,1,32495,7013,2014,840,2,3,1100241,0,1,1,0.626106606,11
"584","7013.2015",584,754,754,754,7013,1.33333333333333,1,32496,7013,2015,840,3,5,981296,0,1,1,0.612363029,16
"585","7013.2016",585,755,755,755,7013,1.66666666666667,1,32497,7013,2016,840,3,5,1100241,0,1,1,0.583885346,18
"586","7013.2017",586,756,756,756,7013,1,1,32498,7013,2017,840,3,3,1100241,0,1,1,0.574289606,19
"587","7013.2018",587,757,757,757,7013,0.4,1,32499,7013,2018,840,5,3,1190957,0,1,2,0.505757444,10
"588","7013.2019",588,758,758,758,7013,0.6,1,32500,7013,2019,840,5,7,1190957,0,1,1,0.49705937,13
"589","7015.2019",589,759,759,759,7111,1.4,2,32520,7015,2019,840,4,6,1030656,0,1,1,0.845197573,15
"590","7016.2019",590,760,760,760,7111,3.57142857142857,2,32533,7016,2019,840,6,29,981478,0,1,2,0.572241629,35
"591","7016.2019",591,761,761,761,7013,3.57142857142857,2,32533,7016,2019,840,6,29,981478,0,1,2,0.572241629,35
"592","7020.2019",592,762,762,762,7013,3,2,32573,7020,2019,840,8,28,970158,0,1,1,0.62243909,31
"593","7020.2019",593,763,763,763,7111,3,2,32573,7020,2019,840,8,28,970158,0,1,1,0.62243909,31
"594","7111.2000",594,764,764,764,7111,1,1,32754,7111,2000,840,2,2,1210027,0,1,1,0.881529168,12
"595","7111.2001",595,765,765,765,7111,2.5,1,32755,7111,2001,840,2,5,1210027,0,0,1,0.866030022,17
"596","7111.2002",596,766,766,766,7111,2,1,32756,7111,2002,840,2,4,1210027,0,1,1,0.854131072,17
"597","7111.2003",597,767,767,767,7111,1.33333333333333,1,32757,7111,2003,840,3,5,1210027,0,1,1,0.803331706,17
"598","7111.2004",598,768,768,768,7111,1.33333333333333,1,32758,7111,2004,840,3,5,1210027,0,1,1,0.753386624,13
"599","7111.2005",599,769,769,769,7111,1.75,1,32759,7111,2005,840,4,9,1151248,0,1,2,0.718727117,19
"600","7111.2006",600,770,770,770,7111,1.75,1,32760,7111,2006,840,4,11,1151248,0,1,1,0.706950207,20
"601","7111.2007",601,771,771,771,7111,2.8,1,32761,7111,2007,840,5,22,1151248,0,1,1,0.621064193,28
"602","7111.2008",602,772,772,772,7111,3.2,1,32762,7111,2008,840,5,21,1151248,0,1,1,0.611728094,29
"603","7111.2009",603,773,773,773,7111,3,1,32763,7111,2009,840,5,17,1151248,1,1,1,0.598303637,25
"604","7111.2010",604,774,774,774,7111,2.8,1,32764,7111,2010,840,5,16,1151248,0,1,1,0.590187942,22
"605","7111.2011",605,775,775,775,7111,2.6,1,32765,7111,2011,840,5,15,1151248,0,1,1,0.577709299,19
"606","7111.2012",606,776,776,776,7111,2.8,1,32766,7111,2012,840,5,18,1151248,0,1,1,0.622223578,23
"607","7111.2013",607,777,777,777,7111,2.16666666666667,1,32767,7111,2013,840,6,15,1151248,1,1,1,0.517970466,16
"608","7111.2014",608,778,778,778,7111,2,1,32768,7111,2014,840,6,15,1151248,1,1,1,0.507261411,19
"609","7111.2015",609,779,779,779,7111,0.666666666666667,1,32769,7111,2015,840,6,7,1151248,1,1,1,0.488985843,14
"610","7111.2016",610,780,780,780,7111,0.833333333333333,1,32770,7111,2016,840,6,7,1151248,0,1,1,0.487734928,12
"611","7111.2017",611,781,781,781,7111,1,1,32771,7111,2017,840,6,6,1151248,0,1,1,0.47400537,12
"612","7111.2018",612,782,782,782,7111,1.33333333333333,1,32772,7111,2018,840,6,9,1151248,1,1,1,0.459543568,17
"613","7111.2019",613,783,783,783,7111,1,1,32773,7111,2019,840,7,7,1151248,0,1,1,0.390834757,15
"614","72057.2019",614,784,784,784,88023,4.85714285714286,2,33567,72057,2019,840,7,54,1040274,0,1,1,0.710673027,68
"615","72091.2019",615,785,785,785,88914,0.714285714285714,2,33914,72091,2019,840,7,13,1100262,0,1,1,0.638852673,25
"616","72091.2019",616,786,786,786,88025,0.714285714285714,2,33914,72091,2019,840,7,13,1100262,0,1,1,0.638852673,25
"617","72091.2019",617,787,787,787,88023,0.714285714285714,2,33914,72091,2019,840,7,13,1100262,0,1,1,0.638852673,25
"618","72189.2019",618,788,788,788,88049,7.16666666666667,2,34165,72189,2019,840,6,50,1091058,0,1,1,0.651330587,57
"619","72192.2019",619,789,789,789,88914,2.5,2,34185,72192,2019,840,6,23,1120167,1,1,1,0.61738478,56
"620","72192.2019",620,790,790,790,88028,2.5,2,34185,72192,2019,840,6,23,1120167,1,1,1,0.61738478,56
"621","72192.2019",621,791,791,791,88025,2.5,2,34185,72192,2019,840,6,23,1120167,1,1,1,0.61738478,56
"622","72192.2019",622,792,792,792,88049,2.5,2,34185,72192,2019,840,6,23,1120167,1,1,1,0.61738478,56
"623","80003.2019",623,793,793,793,27032,0.333333333333333,2,36178,80003,2019,840,3,1,1190274,1,1,1,0.652981768,2
"624","80003.2019",624,794,794,794,80112,0.333333333333333,2,36178,80003,2019,840,3,1,1190274,1,1,1,0.652981768,2
"625","80003.2019",625,795,795,795,27050,0.333333333333333,2,36178,80003,2019,840,3,1,1190274,1,1,1,0.652981768,2
"626","80005.2019",626,796,796,796,27050,0.833333333333333,2,36202,80005,2019,840,6,13,1060404,0,1,1,0.365180332,19
"627","80005.2019",627,797,797,797,27031,0.833333333333333,2,36202,80005,2019,840,6,13,1060404,0,1,1,0.365180332,19
"628","80006.2019",628,798,798,798,27032,2,2,36218,80006,2019,840,5,10,1070196,0,1,1,0.493605423,10
"629","80006.2019",629,802,802,802,63311,2,2,36218,80006,2019,840,5,10,1070196,0,1,1,0.493605423,10
"630","80009.2019",630,803,803,803,27032,0.888888888888889,2,36255,80009,2019,840,9,10,1160469,0,1,1,0.495162331,10
"631","80015.2019",631,804,804,804,27050,0.25,2,36316,80015,2019,840,5,2,1040703,0,1,1,0.519222476,16
"632","80015.2019",632,805,805,805,27031,0.25,2,36316,80015,2019,840,5,2,1040703,0,1,1,0.519222476,16
"633","80018.2019",633,806,806,806,27032,1,2,36336,80018,2019,840,6,6,980288,1,1,1,0.619879916,6
"634","80018.2019",634,807,807,807,80112,1,2,36336,80018,2019,840,6,6,980288,1,1,1,0.619879916,6
"635","80021.2019",635,808,808,808,27031,0.8,2,36356,80021,2019,840,5,6,1020215,0,1,1,0.543028706,14
"636","80021.2019",636,809,809,809,27050,0.8,2,36356,80021,2019,840,5,6,1020215,0,1,1,0.543028706,14
"637","80112.2000",637,810,810,810,80112,1,1,36376,80112,2000,840,2,2,1030271,0,1,1,0.807229635,32
"638","80112.2001",638,811,811,811,80112,1.66666666666667,1,36377,80112,2001,840,3,11,1030271,1,1,1,0.788095878,25
"639","80112.2002",639,812,812,812,80112,0.666666666666667,1,36378,80112,2002,840,3,10,1030271,0,0,1,0.770574013,26
"640","80112.2003",640,813,813,813,80112,1.33333333333333,1,36379,80112,2003,840,3,10,1060273,0,1,2,0.74836572,15
"641","80112.2004",641,814,814,814,80112,0,1,36380,80112,2004,840,3,9,1060273,0,1,1,0.736485478,19
"642","80112.2005",642,815,815,815,80112,1.25,1,36381,80112,2005,840,4,7,1060273,0,1,1,0.688964509,10
"643","80112.2008",643,816,816,816,80112,1.5,1,36382,80112,2008,840,4,11,1060273,0,1,1,0.621533686,18
"644","80112.2009",644,817,817,817,80112,0,1,36383,80112,2009,840,5,0,1041014,0,1,2,0.601653682,0
"645","80112.2010",645,818,818,818,80112,0.166666666666667,1,36384,80112,2010,840,6,3,1041014,0,1,1,0.571505328,4
"646","80112.2011",646,819,819,819,80112,0,1,36385,80112,2011,840,6,3,1041014,0,0,1,0.561445927,6
"647","80112.2012",647,820,820,820,80112,0,1,36386,80112,2012,840,6,3,1041014,0,1,1,0.627055909,4
"648","80112.2013",648,821,821,821,80112,0,1,36387,80112,2013,840,6,0,1041014,0,1,1,0.622459031,3
"649","80112.2014",649,822,822,822,80112,0.166666666666667,1,36388,80112,2014,840,6,4,1030271,1,1,1,0.616727859,5
"650","80112.2015",650,823,823,823,80112,0,1,36389,80112,2015,840,6,0,1160469,0,1,2,0.593624071,1
"651","80112.2017",651,824,824,824,80112,0.166666666666667,1,36390,80112,2017,840,6,5,1030271,0,1,1,0.570759082,9
"652","80112.2019",652,825,825,825,80112,0,1,36391,80112,2019,840,6,3,1030271,1,1,1,0.545715053,7
"653","80122.2019",653,826,826,826,63024,0.25,2,36424,80122,2019,840,8,2,1041163,0,1,1,0.544281666,12
"654","80122.2019",654,827,827,827,27032,0.25,2,36424,80122,2019,840,8,2,1041163,0,1,1,0.544281666,12
"655","80122.2019",655,830,830,830,80112,0.25,2,36424,80122,2019,840,8,2,1041163,0,1,1,0.544281666,12
"656","82003.2019",656,832,832,832,7111,0,2,37111,82003,2019,840,7,3,1160209,0,1,1,0.426903785,8
"657","82007.2019",657,833,833,833,82015,2.66666666666667,2,37170,82007,2019,840,2,6,1160495,3,1,2,0.662134089,28
"658","82015.2000",658,834,834,834,82015,0.25,1,37267,82015,2000,840,4,1,1150440,0,1,1,0.707665505,5
"659","82015.2001",659,835,835,835,82015,1,1,37268,82015,2001,840,6,9,1150440,0,1,1,0.659898638,10
"660","82015.2002",660,836,836,836,82015,2.16666666666667,1,37269,82015,2002,840,6,16,1150440,0,1,1,0.647703516,19
"661","82015.2003",661,837,837,837,82015,3.5,1,37270,82015,2003,840,6,25,1150440,0,1,1,0.59455179,29
"662","82015.2004",662,838,838,838,82015,3.42857142857143,1,37271,82015,2004,840,7,28,1150440,0,1,1,0.56715236,31
"663","82015.2007",663,839,839,839,82015,2.875,1,37272,82015,2007,840,8,57,1120134,1,1,1,0.494963573,60
"664","82015.2008",664,840,840,840,82015,3.375,1,37273,82015,2008,840,8,57,1120134,0,1,1,0.493506494,61
"665","82015.2009",665,841,841,841,82015,3.5,1,37274,82015,2009,840,8,63,1120134,0,1,1,0.493443142,64
"666","82015.2010",666,842,842,842,82015,3.125,1,37275,82015,2010,840,8,53,1120134,1,1,1,0.472537219,57
"667","82015.2011",667,843,843,843,82015,4,1,37276,82015,2011,840,8,64,1120134,0,1,1,0.45901172,65
"668","82015.2012",668,844,844,844,82015,2.625,1,37277,82015,2012,840,8,39,1120134,0,1,1,0.467500792,43
"669","82015.2013",669,845,845,845,82015,2.5,1,37278,82015,2013,840,8,44,1120134,0,1,1,0.463002851,51
"670","82015.2014",670,846,846,846,82015,2,1,37279,82015,2014,840,8,24,1120134,0,1,1,0.462147608,31
"671","82015.2015",671,847,847,847,82015,2.375,1,37280,82015,2015,840,8,25,1120134,0,1,1,0.461514096,33
"672","82015.2016",672,848,848,848,82015,1.625,1,37281,82015,2016,840,8,18,1120134,0,1,1,0.457396262,25
"673","82015.2017",673,849,849,849,82015,1,1,37282,82015,2017,840,8,15,1120134,1,1,1,0.449540703,21
"674","82015.2019",674,850,850,850,82015,1.375,1,37283,82015,2019,840,8,16,1151637,0,1,2,0.448590434,25
"675","82037.2019",675,851,851,851,27031,2.22222222222222,2,37580,82037,2019,840,9,48,1091350,0,1,2,0.390595397,50
"676","82040.2019",676,852,852,852,80112,3.4,2,37598,82040,2019,840,5,22,1091030,0,1,1,0.55779904,29
"677","82040.2019",677,853,853,853,27031,3.4,2,37598,82040,2019,840,5,22,1091030,0,1,1,0.55779904,29
"678","82130.2019",678,854,854,854,82015,6.66666666666667,2,37672,82130,2019,840,6,66,990378,0,1,1,0.70138566,78
"679","82904.2019",679,855,855,855,80112,0.6,2,37789,82904,2019,840,5,6,1041182,2,0,2,0.730910974,23
"680","83032.2019",680,856,856,856,42122,1,2,38183,83032,2019,840,4,4,1090390,0,1,1,0.525288279,7
"681","83034.2019",681,857,857,857,42122,0.25,2,38216,83034,2019,840,4,1,1060197,0,1,1,0.736358205,1
"682","83045.2019",682,858,858,858,7013,0.5,2,38293,83045,2019,840,6,5,1080142,0,1,1,0.484876687,5
"683","83045.2019",683,859,859,859,42122,0.5,2,38293,83045,2019,840,6,5,1080142,0,1,1,0.484876687,5
"684","83057.2019",684,860,860,860,42122,0,2,38409,83057,2019,840,8,0,1070367,0,1,1,0.54139929,12
"685","83057.2019",685,861,861,861,7013,0,2,38409,83057,2019,840,8,0,1070367,0,1,1,0.54139929,12
"686","83068.2019",686,862,862,862,7111,1.66666666666667,2,38545,83068,2019,840,6,14,1000642,3,0,1,0.434517324,23
"687","83068.2019",687,863,863,863,42122,1.66666666666667,2,38545,83068,2019,840,6,14,1000642,3,0,1,0.434517324,23
"688","83069.2019",688,864,864,864,42122,0.111111111111111,2,38563,83069,2019,840,9,2,1070367,0,1,1,0.440188441,2
"689","83069.2019",689,865,865,865,7111,0.111111111111111,2,38563,83069,2019,840,9,2,1070367,0,1,1,0.440188441,2
"690","83147.2019",690,866,866,866,42122,1.25,2,39092,83147,2019,840,8,11,1140329,0,1,1,0.406577556,12
"691","83333.2019",691,867,867,867,42122,1.66666666666667,2,39534,83333,2019,840,3,6,1150700,0,1,1,0.561050328,11
"692","83333.2019",692,868,868,868,7013,1.66666666666667,2,39534,83333,2019,840,3,6,1150700,0,1,1,0.561050328,11
"693","83335.2019",693,869,869,869,42122,0.857142857142857,2,39564,83335,2019,840,7,6,1140329,0,1,1,0.508375575,9
"694","88001.2019",694,870,870,870,63232,0,2,41603,88001,2019,840,6,0,990895,0,1,1,0.76539391,3
"695","88001.2019",695,871,871,871,88025,0,2,41603,88001,2019,840,6,0,990895,0,1,1,0.76539391,3
"696","88003.2019",696,872,872,872,88023,2.83333333333333,2,41621,88003,2019,840,6,21,990526,0,1,1,0.80024983,30
"697","88003.2019",697,873,873,873,88914,2.83333333333333,2,41621,88003,2019,840,6,21,990526,0,1,1,0.80024983,30
"698","88006.2019",698,874,874,874,88025,3.4,2,41675,88006,2019,840,5,20,1030690,0,0,1,0.504207735,22
"699","88008.2019",699,876,876,876,88023,0.5,2,41711,88008,2019,840,2,7,990897,0,1,1,0.732266345,17
"700","88008.2019",700,877,877,877,88025,0.5,2,41711,88008,2019,840,2,7,990897,0,1,1,0.732266345,17
"701","88008.2019",701,878,878,878,63024,0.5,2,41711,88008,2019,840,2,7,990897,0,1,1,0.732266345,17
"702","88008.2019",702,879,879,879,88028,0.5,2,41711,88008,2019,840,2,7,990897,0,1,1,0.732266345,17
"703","88008.2019",703,880,880,880,88914,0.5,2,41711,88008,2019,840,2,7,990897,0,1,1,0.732266345,17
"704","88010.2019",704,881,881,881,63109,8.66666666666667,2,41726,88010,2019,840,9,83,970211,0,0,1,0.34225824,83
"705","88014.2019",705,882,882,882,80112,0.285714285714286,2,41746,88014,2019,840,7,9,1150313,2,1,1,0.638605132,12
"706","88014.2019",706,883,883,883,63232,0.285714285714286,2,41746,88014,2019,840,7,9,1150313,2,1,1,0.638605132,12
"707","88018.2019",707,884,884,884,88023,0,2,41774,88018,2019,840,4,0,1140713,0,1,1,0.803418803,16
"708","88021.2019",708,885,885,885,63024,0,2,41800,88021,2019,840,3,1,1151489,0,1,1,0.696614188,3
"709","88021.2019",709,886,886,886,88914,0,2,41800,88021,2019,840,3,1,1151489,0,1,1,0.696614188,3
"710","88021.2019",710,887,887,887,88025,0,2,41800,88021,2019,840,3,1,1151489,0,1,1,0.696614188,3
"711","88021.2019",711,888,888,888,63232,0,2,41800,88021,2019,840,3,1,1151489,0,1,1,0.696614188,3
"712","88021.2019",712,889,889,889,88023,0,2,41800,88021,2019,840,3,1,1151489,0,1,1,0.696614188,3
"713","88021.2019",713,890,890,890,88049,0,2,41800,88021,2019,840,3,1,1151489,0,1,1,0.696614188,3
"714","88021.2019",714,891,891,891,63109,0,2,41800,88021,2019,840,3,1,1151489,0,1,1,0.696614188,3
"715","88023.2000",715,892,892,892,88023,0,1,41801,88023,2000,840,5,1,1040261,0,1,1,0.81362996,3
"716","88023.2001",716,893,893,893,88023,1.33333333333333,1,41802,88023,2001,840,5,8,1040261,0,1,1,0.809286217,8
"717","88023.2002",717,894,894,894,88023,0.5,1,41803,88023,2002,840,5,3,1040261,0,1,1,0.795638648,4
"718","88023.2003",718,895,895,895,88023,1.5,1,41804,88023,2003,840,5,10,1040261,0,1,1,0.795609298,12
"719","88023.2004",719,896,896,896,88023,1.5,1,41805,88023,2004,840,5,9,1040261,1,1,1,0.794112468,9
"720","88023.2005",720,897,897,897,88023,0.833333333333333,1,41806,88023,2005,840,5,6,1040261,0,1,1,0.758423339,10
"721","88023.2006",721,898,898,898,88023,0.5,1,41807,88023,2006,840,5,3,1040261,0,1,1,0.744658371,3
"722","88023.2007",722,899,899,899,88023,0.333333333333333,1,41808,88023,2007,840,5,3,1040261,1,1,1,0.74392463,5
"723","88023.2008",723,900,900,900,88023,1.66666666666667,1,41809,88023,2008,840,5,11,1040261,0,1,1,0.743396337,13
"724","88023.2009",724,901,901,901,88023,1,1,41810,88023,2009,840,5,6,1040261,2,1,1,0.723115755,8
"725","88023.2010",725,902,902,902,88023,0.833333333333333,1,41811,88023,2010,840,5,7,1040261,0,1,1,0.699841512,9
"726","88023.2011",726,903,903,903,88023,0.666666666666667,1,41812,88023,2011,840,5,6,1040261,0,1,1,0.675422634,7
"727","88023.2012",727,904,904,904,88023,1.5,1,41813,88023,2012,840,5,11,1040261,0,1,1,0.73030641,13
"728","88023.2013",728,905,905,905,88023,1,1,41814,88023,2013,840,5,7,1040261,1,1,1,0.730834703,10
"729","88023.2014",729,906,906,906,88023,0.666666666666667,1,41815,88023,2014,840,5,6,1040261,0,1,1,0.730776004,7
"730","88023.2015",730,907,907,907,88023,2,1,41816,88023,2015,840,6,16,1040261,0,1,1,0.693678093,18
"731","88023.2016",731,908,908,908,88023,0.625,1,41817,88023,2016,840,7,9,1040261,1,1,1,0.639821554,9
"732","88023.2017",732,909,909,909,88023,2,1,41818,88023,2017,840,7,18,1040261,0,1,1,0.599025593,20
"733","88023.2018",733,910,910,910,88023,0.625,1,41819,88023,2018,840,7,11,1040261,0,1,1,0.589340221,12
"734","88023.2019",734,911,911,911,88023,1.875,1,41820,88023,2019,840,7,18,1040261,1,1,1,0.576661188,18
"735","88025.2000",735,912,912,912,88025,1,1,41835,88025,2000,840,4,6,980518,3,1,1,0.768029315,11
"736","88025.2001",736,913,913,913,88025,1.75,1,41836,88025,2001,840,4,8,980518,1,1,1,0.747604602,22
"737","88025.2002",737,914,914,914,88025,1.75,1,41837,88025,2002,840,4,8,980518,0,1,1,0.725858289,17
"738","88025.2003",738,915,915,915,88025,1,1,41838,88025,2003,840,4,5,980518,1,1,1,0.699906887,9
"739","88025.2004",739,916,916,916,88025,1.75,1,41839,88025,2004,840,4,7,980518,3,1,1,0.696933289,10
"740","88025.2005",740,917,917,917,88025,0.5,1,41840,88025,2005,840,4,2,980518,1,1,1,0.690655693,10
"741","88025.2008",741,918,918,918,88025,2.4,1,41841,88025,2008,840,5,14,1000516,0,1,1,0.638662782,16
"742","88025.2009",742,919,919,919,88025,1.8,1,41842,88025,2009,840,5,10,1000516,1,0,1,0.627128826,12
"743","88025.2010",743,920,920,920,88025,1.6,1,41843,88025,2010,840,5,10,1000516,1,0,1,0.617667378,18
"744","88025.2011",744,921,921,921,88025,2,1,41844,88025,2011,840,5,11,1000516,1,0,1,0.615294506,17
"745","88025.2012",745,922,922,922,88025,0.8,1,41845,88025,2012,840,5,4,1000516,0,0,1,0.648845103,7
"746","88025.2013",746,923,923,923,88025,1,1,41846,88025,2013,840,5,7,1000516,1,0,1,0.627639444,10
"747","88025.2014",747,924,924,924,88025,0.6,1,41847,88025,2014,840,5,4,1000516,2,1,1,0.613101853,9
"748","88025.2015",748,925,925,925,88025,2.4,1,41848,88025,2015,840,5,13,1000516,0,1,1,0.588442015,16
"749","88025.2017",749,926,926,926,88025,1.5,1,41849,88025,2017,840,6,10,1120696,0,1,2,0.573333734,12
"750","88025.2018",750,927,927,927,88025,1.125,1,41850,88025,2018,840,8,11,1120696,0,0,1,0.515063227,11
"751","88025.2019",751,928,928,928,88025,4.375,1,41851,88025,2019,840,8,38,1120725,1,1,2,0.501156399,38
"752","88026.2019",752,929,929,929,63232,4.16666666666667,2,41870,88026,2019,840,6,33,1160323,0,0,1,0.536752534,57
"753","88026.2019",753,931,931,931,63024,4.16666666666667,2,41870,88026,2019,840,6,33,1160323,0,0,1,0.536752534,57
"754","88028.2000",754,932,932,932,88028,0.8,1,41871,88028,2000,840,5,6,980518,1,1,1,0.733887376,12
"755","88028.2001",755,933,933,933,88028,1.6,1,41872,88028,2001,840,5,10,980518,0,1,1,0.733887376,14
"756","88028.2002",756,934,934,934,88028,1.8,1,41873,88028,2002,840,5,11,980518,0,1,1,0.717695945,18
"757","88028.2003",757,935,935,935,88028,1.2,1,41874,88028,2003,840,5,9,980518,0,1,1,0.712766872,9
"758","88028.2004",758,936,936,936,88028,1.6,1,41875,88028,2004,840,5,10,980518,1,1,1,0.688465396,12
"759","88028.2005",759,937,937,937,88028,2.8,1,41876,88028,2005,840,5,16,980518,1,1,1,0.674738501,21
"760","88028.2006",760,938,938,938,88028,0.4,1,41877,88028,2006,840,5,4,980518,1,1,1,0.660495773,7
"761","88028.2007",761,939,939,939,88028,1.8,1,41878,88028,2007,840,5,15,980518,1,1,1,0.626307494,17
"762","88028.2008",762,940,940,940,88028,1.2,1,41879,88028,2008,840,5,12,980518,1,1,1,0.624100874,13
"763","88028.2009",763,941,941,941,88028,1.6,1,41880,88028,2009,840,5,12,980518,1,1,1,0.611319673,13
"764","88028.2010",764,942,942,942,88028,0.8,1,41881,88028,2010,840,5,6,980518,1,1,1,0.609227683,6
"765","88028.2011",765,943,943,943,88028,1,1,41882,88028,2011,840,5,7,980518,1,1,1,0.59868176,8
"766","88028.2012",766,944,944,944,88028,0.5,1,41883,88028,2012,840,6,6,980518,1,1,1,0.607250322,6
"767","88028.2013",767,945,945,945,88028,0.666666666666667,1,41884,88028,2013,840,6,8,980518,1,1,1,0.609657544,8
"768","88028.2014",768,946,946,946,88028,0.875,1,41885,88028,2014,840,8,11,980518,2,1,1,0.512394326,11
"769","88028.2015",769,947,947,947,88028,0.875,1,41886,88028,2015,840,8,13,980518,2,1,1,0.486373406,15
"770","88028.2016",770,948,948,948,88028,1,1,41887,88028,2016,840,8,13,980518,0,1,1,0.456168506,14
"771","88028.2017",771,949,949,949,88028,1.625,1,41888,88028,2017,840,8,24,980518,1,1,1,0.421922912,27
"772","88028.2018",772,950,950,950,88028,1.125,1,41889,88028,2018,840,8,18,980518,1,1,1,0.421349764,18
"773","88028.2019",773,951,951,951,88028,1,1,41890,88028,2019,840,8,12,980518,1,1,1,0.416334718,12
"774","88029.2019",774,952,952,952,63109,2,2,41910,88029,2019,840,8,19,1190943,2,1,1,0.370087496,20
"775","88029.2019",775,953,953,953,63311,2,2,41910,88029,2019,840,8,19,1190943,2,1,1,0.370087496,20
"776","88031.2019",776,955,955,955,63311,0.25,2,41942,88031,2019,840,8,4,1070306,0,1,1,0.454710201,9
"777","88031.2019",777,956,956,956,88028,0.25,2,41942,88031,2019,840,8,4,1070306,0,1,1,0.454710201,9
"778","88031.2019",778,957,957,957,63109,0.25,2,41942,88031,2019,840,8,4,1070306,0,1,1,0.454710201,9
"779","88036.2019",779,960,960,960,80112,0,2,41965,88036,2019,840,9,0,1091210,0,1,1,0.810400244,0
"780","88040.2019",780,963,963,963,63311,0.8,2,42010,88040,2019,840,9,14,1030636,0,1,1,0.465563519,16
"781","88041.2019",781,965,965,965,63109,1.28571428571429,2,42028,88041,2019,840,7,9,1020487,1,1,1,0.400965046,23
"782","88041.2019",782,967,967,967,63311,1.28571428571429,2,42028,88041,2019,840,7,9,1020487,1,1,1,0.400965046,23
"783","88049.2000",783,968,968,968,88049,1,1,42111,88049,2000,840,7,7,1190386,2,1,1,0.706571319,9
"784","88049.2001",784,969,969,969,88049,0.428571428571429,1,42112,88049,2001,840,7,4,1190386,1,1,1,0.687266414,5
"785","88049.2002",785,970,970,970,88049,0.714285714285714,1,42113,88049,2002,840,7,7,1190386,2,1,1,0.686883847,8
"786","88049.2003",786,971,971,971,88049,0,1,42114,88049,2003,840,7,3,1190386,1,1,1,0.667667226,5
"787","88049.2004",787,972,972,972,88049,0.285714285714286,1,42115,88049,2004,840,7,4,1190386,2,1,1,0.663694417,7
"788","88049.2005",788,973,973,973,88049,0.571428571428571,1,42116,88049,2005,840,7,5,1190386,1,1,1,0.661369589,15
"789","88049.2007",789,974,974,974,88049,0.428571428571429,1,42117,88049,2007,840,7,4,1190386,0,1,1,0.628586563,6
"790","88049.2009",790,975,975,975,88049,1.57142857142857,1,42118,88049,2009,840,7,13,1020487,0,1,2,0.602925164,16
"791","88049.2010",791,976,976,976,88049,0.571428571428571,1,42119,88049,2010,840,7,11,1020487,1,1,1,0.597686943,15
"792","88049.2011",792,977,977,977,88049,1.28571428571429,1,42120,88049,2011,840,7,15,1020487,2,1,1,0.597157235,18
"793","88049.2012",793,978,978,978,88049,1.57142857142857,1,42121,88049,2012,840,7,16,1020487,2,1,1,0.604278862,19
"794","88049.2013",794,979,979,979,88049,3,1,42122,88049,2013,840,7,25,1020487,2,1,1,0.603278303,26
"795","88049.2014",795,980,980,980,88049,2,1,42123,88049,2014,840,7,39,1020487,0,1,1,0.602454313,41
"796","88049.2015",796,981,981,981,88049,1,1,42124,88049,2015,840,7,15,1020487,0,1,1,0.595568112,23
"797","88049.2016",797,982,982,982,88049,1.5,1,42125,88049,2016,840,8,18,1020487,0,1,1,0.51996704,20
"798","88049.2019",798,983,983,983,88049,2.5,1,42126,88049,2019,840,8,26,1020487,3,1,1,0.485624319,36
"799","88051.2019",799,985,985,985,63109,1.33333333333333,2,42159,88051,2019,840,6,11,1150822,1,1,1,0.439011182,34
"800","88910.2019",800,988,988,988,63109,0,2,42299,88910,2019,840,6,1,1041154,0,0,1,0.738498344,2
"801","88910.2019",801,989,989,989,88023,0,2,42299,88910,2019,840,6,1,1041154,0,0,1,0.738498344,2
"802","88910.2019",802,990,990,990,63311,0,2,42299,88910,2019,840,6,1,1041154,0,0,1,0.738498344,2
"803","88910.2019",803,991,991,991,88914,0,2,42299,88910,2019,840,6,1,1041154,0,0,1,0.738498344,2
"804","88910.2019",804,992,992,992,63024,0,2,42299,88910,2019,840,6,1,1041154,0,0,1,0.738498344,2
"805","88910.2019",805,993,993,993,88028,0,2,42299,88910,2019,840,6,1,1041154,0,0,1,0.738498344,2
"806","88911.2019",806,995,995,995,63232,0,2,42302,88911,2019,840,1,1,990886,1,0,1,0.604344408,8
"807","88911.2019",807,996,996,996,88028,0,2,42302,88911,2019,840,1,1,990886,1,0,1,0.604344408,8
"808","88911.2019",808,997,997,997,63109,0,2,42302,88911,2019,840,1,1,990886,1,0,1,0.604344408,8
"809","88911.2019",809,998,998,998,88049,0,2,42302,88911,2019,840,1,1,990886,1,0,1,0.604344408,8
"810","88911.2019",810,999,999,999,88914,0,2,42302,88911,2019,840,1,1,990886,1,0,1,0.604344408,8
"811","88911.2019",811,1001,1001,1001,63024,0,2,42302,88911,2019,840,1,1,990886,1,0,1,0.604344408,8
"812","88911.2019",812,1002,1002,1002,63311,0,2,42302,88911,2019,840,1,1,990886,1,0,1,0.604344408,8
"813","88911.2019",813,1003,1003,1003,88025,0,2,42302,88911,2019,840,1,1,990886,1,0,1,0.604344408,8
"814","88914.2000",814,1005,1005,1005,88914,1,1,42303,88914,2000,840,3,7,970211,0,0,1,0.835212069,19
"815","88914.2001",815,1006,1006,1006,88914,0.75,1,42304,88914,2001,840,3,7,970211,0,0,1,0.831596926,15
"816","88914.2002",816,1007,1007,1007,88914,1.5,1,42305,88914,2002,840,3,9,970211,0,0,1,0.814517506,20
"817","88914.2003",817,1008,1008,1008,88914,0.8,1,42306,88914,2003,840,4,17,970211,0,0,1,0.797466553,22
"818","88914.2004",818,1009,1009,1009,88914,0.4,1,42307,88914,2004,840,4,12,970211,0,0,1,0.790606319,22
"819","88914.2005",819,1010,1010,1010,88914,0.6,1,42308,88914,2005,840,4,13,970211,0,0,1,0.775604896,27
"820","88914.2006",820,1011,1011,1011,88914,0.666666666666667,1,42309,88914,2006,840,5,14,970211,0,0,1,0.741702249,29
"821","88914.2007",821,1012,1012,1012,88914,1.16666666666667,1,42310,88914,2007,840,5,18,970211,0,0,1,0.727526331,32
"822","88914.2008",822,1013,1013,1013,88914,0.5,1,42311,88914,2008,840,5,9,970211,0,0,1,0.697665813,19
"823","88914.2009",823,1014,1014,1014,88914,2.16666666666667,1,42312,88914,2009,840,5,19,970211,0,0,1,0.677682892,28
"824","88914.2010",824,1015,1015,1015,88914,1.33333333333333,1,42313,88914,2010,840,5,20,970211,0,0,1,0.675661827,30
"825","88914.2011",825,1016,1016,1016,88914,1.14285714285714,1,42314,88914,2011,840,6,23,970211,0,0,1,0.673384572,31
"826","88914.2012",826,1017,1017,1017,88914,1,1,42315,88914,2012,840,6,17,970211,0,0,1,0.734358098,25
"827","88914.2013",827,1018,1018,1018,88914,1.16666666666667,1,42316,88914,2013,840,6,14,970211,0,0,1,0.745886707,18
"828","88914.2014",828,1019,1019,1019,88914,0.833333333333333,1,42317,88914,2014,840,6,13,970211,0,0,1,0.720210646,16
"829","88914.2015",829,1020,1020,1020,88914,1.5,1,42318,88914,2015,840,6,14,970211,0,0,1,0.699345289,19
"830","88914.2016",830,1021,1021,1021,88914,1.66666666666667,1,42319,88914,2016,840,6,18,970211,0,0,1,0.69530316,28
"831","88914.2017",831,1022,1022,1022,88914,2,1,42320,88914,2017,840,6,21,970211,0,0,1,0.686450327,29
"832","88914.2018",832,1023,1023,1023,88914,0.833333333333333,1,42321,88914,2018,840,6,12,970211,0,0,1,0.637176203,12
"833","88914.2019",833,1024,1024,1024,88914,1,1,42322,88914,2019,840,6,21,970211,0,0,1,0.61323655,29
"834","88915.2019",834,1027,1027,1027,88023,0,2,42340,88915,2019,840,4,0,981356,2,0,1,0.576698805,4
"835","88915.2019",835,1028,1028,1028,63232,0,2,42340,88915,2019,840,4,0,981356,2,0,1,0.576698805,4
"836","88915.2019",836,1029,1029,1029,63109,0,2,42340,88915,2019,840,4,0,981356,2,0,1,0.576698805,4
"837","88915.2019",837,1030,1030,1030,63311,0,2,42340,88915,2019,840,4,0,981356,2,0,1,0.576698805,4
"838","88915.2019",838,1031,1031,1031,88028,0,2,42340,88915,2019,840,4,0,981356,2,0,1,0.576698805,4
"839","88915.2019",839,1032,1032,1032,63024,0,2,42340,88915,2019,840,4,0,981356,2,0,1,0.576698805,4
"840","88915.2019",840,1033,1033,1033,88049,0,2,42340,88915,2019,840,4,0,981356,2,0,1,0.576698805,4
"841","88915.2019",841,1034,1034,1034,88025,0,2,42340,88915,2019,840,4,0,981356,2,0,1,0.576698805,4
"842","88916.2019",842,1036,1036,1036,63024,2,2,42359,88916,2019,840,5,12,1080685,0,0,1,0.520851089,14
"843","88923.2019",843,1038,1038,1038,88023,0,2,42394,88923,2019,840,5,0,1041167,0,0,1,0.808843248,1
"844","88923.2019",844,1039,1039,1039,88914,0,2,42394,88923,2019,840,5,0,1041167,0,0,1,0.808843248,1
"845","89001.2019",845,1040,1040,1040,11402,0,2,42434,89001,2019,840,5,6,1040387,1,1,1,0.581266663,15
"846","89009.2019",846,1041,1041,1041,11402,0,2,42549,89009,2019,840,3,0,1100112,0,1,1,0.483261633,2
"847","89010.2019",847,1042,1042,1042,11402,0,2,42565,89010,2019,840,4,4,1110033,0,1,1,0.582414077,12
"848","89017.2019",848,1043,1043,1043,11402,0.166666666666667,2,42623,89017,2019,840,6,3,1151475,2,1,1,0.729523521,5
"849","89041.2019",849,1044,1044,1044,11402,27.1428571428571,2,42916,89041,2019,840,7,204,1020567,0,1,1,0.587368211,211
"850","89059.2019",850,1045,1045,1045,11402,0,2,43095,89059,2019,840,5,2,1020567,0,1,1,0.646057113,8
"851","89907.2019",851,1046,1046,1046,11402,0.833333333333333,2,43473,89907,2019,840,6,10,1120653,0,0,1,0.473991452,14
"852","90001.2019",852,1047,1047,1047,88025,3.57142857142857,2,43524,90001,2019,840,7,34,1190945,0,1,1,0.693684967,45
"853","90001.2019",853,1048,1048,1048,63024,3.57142857142857,2,43524,90001,2019,840,7,34,1190945,0,1,1,0.693684967,45
"854","90001.2019",854,1049,1049,1049,63232,3.57142857142857,2,43524,90001,2019,840,7,34,1190945,0,1,1,0.693684967,45
"855","90002.2019",855,1050,1050,1050,63232,4.25,2,43538,90002,2019,840,4,21,1190946,0,0,1,0.690630024,38
"856","90002.2019",856,1051,1051,1051,63024,4.25,2,43538,90002,2019,840,4,21,1190946,0,0,1,0.690630024,38
"857","90002.2019",857,1052,1052,1052,88025,4.25,2,43538,90002,2019,840,4,21,1190946,0,0,1,0.690630024,38
"858","90003.2019",858,1053,1053,1053,88914,0.2,2,43558,90003,2019,840,5,2,1190590,2,1,1,0.794875486,4
"859","90003.2019",859,1054,1054,1054,88023,0.2,2,43558,90003,2019,840,5,2,1190590,2,1,1,0.794875486,4
"860","90004.2019",860,1055,1055,1055,88023,2,2,43568,90004,2019,840,4,11,981415,2,1,1,0.751500669,20
"861","90005.2019",861,1056,1056,1056,88049,2.42857142857143,2,43585,90005,2019,840,7,25,1190622,2,1,1,0.625289017,27
"862","90005.2019",862,1057,1057,1057,80112,2.42857142857143,2,43585,90005,2019,840,7,25,1190622,2,1,1,0.625289017,27
"863","90005.2019",863,1058,1058,1058,88028,2.42857142857143,2,43585,90005,2019,840,7,25,1190622,2,1,1,0.625289017,27
"864","90005.2019",864,1059,1059,1059,63024,2.42857142857143,2,43585,90005,2019,840,7,25,1190622,2,1,1,0.625289017,27
"865","90005.2019",865,1060,1060,1060,88025,2.42857142857143,2,43585,90005,2019,840,7,25,1190622,2,1,1,0.625289017,27
"866","90005.2019",866,1061,1061,1061,63232,2.42857142857143,2,43585,90005,2019,840,7,25,1190622,2,1,1,0.625289017,27
"867","90006.2019",867,1062,1062,1062,88028,0.571428571428571,2,43601,90006,2019,840,6,11,1190945,5,0,1,0.633105653,14
"868","90006.2019",868,1063,1063,1063,88025,0.571428571428571,2,43601,90006,2019,840,6,11,1190945,5,0,1,0.633105653,14
"869","90006.2019",869,1064,1064,1064,63232,0.571428571428571,2,43601,90006,2019,840,6,11,1190945,5,0,1,0.633105653,14
"870","90006.2019",870,1065,1065,1065,63024,0.571428571428571,2,43601,90006,2019,840,6,11,1190945,5,0,1,0.633105653,14
"871","90008.2019",871,1066,1066,1066,63232,1.4,2,43622,90008,2019,840,4,13,1190945,0,1,1,0.676733673,23
"872","90008.2019",872,1067,1067,1067,88028,1.4,2,43622,90008,2019,840,4,13,1190945,0,1,1,0.676733673,23
"873","90014.2019",873,1068,1068,1068,88023,4,2,43675,90014,2019,840,8,45,1020349,0,1,1,0.694842284,52
"874","90023.2019",874,1069,1069,1069,88914,5.4,2,43785,90023,2019,840,5,34,1020546,1,1,1,0.861376994,50
"875","90025.2019",875,1070,1070,1070,88023,0.4,2,43800,90025,2019,840,4,2,1140760,4,1,2,0.818156425,4
"876","90031.2019",876,1071,1071,1071,63024,2.66666666666667,2,43909,90031,2019,840,9,30,1030642,1,1,1,0.532819103,35
"877","90033.2019",877,1072,1072,1072,88914,2.66666666666667,2,43935,90033,2019,840,6,23,1110227,0,1,1,0.743930102,39
"878","90033.2019",878,1073,1073,1073,63024,2.66666666666667,2,43935,90033,2019,840,6,23,1110227,0,1,1,0.743930102,39
"879","90033.2019",879,1074,1074,1074,88025,2.66666666666667,2,43935,90033,2019,840,6,23,1110227,0,1,1,0.743930102,39
"880","90033.2019",880,1075,1075,1075,88023,2.66666666666667,2,43935,90033,2019,840,6,23,1110227,0,1,1,0.743930102,39
"881","90038.2019",881,1076,1076,1076,88049,4.83333333333333,2,44000,90038,2019,840,6,39,981444,1,1,1,0.546997781,46
"882","90044.2019",882,1077,1077,1077,88028,5.14285714285714,2,44084,90044,2019,840,7,45,1151470,2,0,1,0.515953004,47
"883","90044.2019",883,1078,1078,1078,88025,5.14285714285714,2,44084,90044,2019,840,7,45,1151470,2,0,1,0.515953004,47
"884","90046.2019",884,1079,1079,1079,88914,0.857142857142857,2,44103,90046,2019,840,7,12,981327,1,1,1,0.711552922,22
"885","90046.2019",885,1080,1080,1080,88023,0.857142857142857,2,44103,90046,2019,840,7,12,981327,1,1,1,0.711552922,22
"886","90046.2019",886,1081,1081,1081,63232,0.857142857142857,2,44103,90046,2019,840,7,12,981327,1,1,1,0.711552922,22
"887","90046.2019",887,1082,1082,1082,88049,0.857142857142857,2,44103,90046,2019,840,7,12,981327,1,1,1,0.711552922,22
"888","90046.2019",888,1083,1083,1083,88028,0.857142857142857,2,44103,90046,2019,840,7,12,981327,1,1,1,0.711552922,22
"889","90048.2019",889,1084,1084,1084,88028,0.5,2,44123,90048,2019,840,2,5,1041122,0,1,1,0.739626853,36
"890","90048.2019",890,1085,1085,1085,88914,0.5,2,44123,90048,2019,840,2,5,1041122,0,1,1,0.739626853,36
"891","90048.2019",891,1086,1086,1086,88023,0.5,2,44123,90048,2019,840,2,5,1041122,0,1,1,0.739626853,36
"892","90052.2019",892,1087,1087,1087,88023,4,2,44150,90052,2019,840,1,9,1160373,1,1,1,0.588667748,62
"893","90053.2019",893,1088,1088,1088,88049,4.33333333333333,2,44168,90053,2019,840,6,36,1030642,0,1,1,0.655539018,52
"894","90149.2019",894,1089,1089,1089,88914,0.333333333333333,2,44213,90149,2019,840,4,14,981415,2,0,1,0.761416375,23
"895","90149.2019",895,1090,1090,1090,63024,0.333333333333333,2,44213,90149,2019,840,4,14,981415,2,0,1,0.761416375,23
"896","90902.2019",896,1091,1091,1091,88914,0.2,2,44247,90902,2019,840,5,7,981327,0,0,1,0.805776313,13
